DATE,CA,T_WA
2015-01-01,41.61702127659574,41.61702127659574
2015-01-02,41.08510638297872,41.08510638297872
2015-01-03,42.10416666666666,42.10416666666666
2015-01-04,44.1875,44.1875
2015-01-05,46.914893617021285,46.914893617021285
2015-01-06,51.744680851063826,51.744680851063826
2015-01-07,55.877551020408156,55.877551020408156
2015-01-08,55.755102040816325,55.755102040816325
2015-01-09,54.64583333333334,54.64583333333334
2015-01-10,54.51020408163265,54.51020408163265
2015-01-11,54.122448979591844,54.122448979591844
2015-01-12,52.8125,52.8125
2015-01-13,53.70212765957447,53.70212765957447
2015-01-14,53.170212765957444,53.170212765957444
2015-01-15,50.914893617021285,50.914893617021285
2015-01-16,51.42553191489362,51.42553191489362
2015-01-17,52.59574468085106,52.59574468085106
2015-01-18,54.19148936170214,54.19148936170214
2015-01-19,54.6595744680851,54.6595744680851
2015-01-20,53.4375,53.4375
2015-01-21,51.58333333333334,51.58333333333334
2015-01-22,52.52083333333334,52.52083333333334
2015-01-23,51.744680851063826,51.744680851063826
2015-01-24,52.38297872340426,52.38297872340426
2015-01-25,55.04166666666666,55.04166666666666
2015-01-26,56.97916666666666,56.97916666666666
2015-01-27,55.35416666666666,55.35416666666666
2015-01-28,56.52083333333334,56.52083333333334
2015-01-29,56.170212765957444,56.170212765957444
2015-01-30,57.40425531914894,57.40425531914894
2015-01-31,55.72916666666666,55.72916666666666
2015-02-01,56.061224489795926,56.061224489795926
2015-02-02,54.875,54.875
2015-02-03,55.744680851063826,55.744680851063826
2015-02-04,56.95833333333334,56.95833333333334
2015-02-05,56.70833333333334,56.70833333333334
2015-02-06,57.744680851063826,57.744680851063826
2015-02-07,59.8936170212766,59.8936170212766
2015-02-08,59.8125,59.8125
2015-02-09,61.625,61.625
2015-02-10,58.70833333333334,58.70833333333334
2015-02-11,55.6938775510204,55.6938775510204
2015-02-12,58.59183673469388,58.59183673469388
2015-02-13,60.276595744680854,60.276595744680854
2015-02-14,60.95833333333334,60.95833333333334
2015-02-15,61.4375,61.4375
2015-02-16,59.938775510204074,59.938775510204074
2015-02-17,58.3061224489796,58.3061224489796
2015-02-18,57.3265306122449,57.3265306122449
2015-02-19,57.4375,57.4375
2015-02-20,57.53061224489796,57.53061224489796
2015-02-21,58.61224489795919,58.61224489795919
2015-02-22,56.47916666666666,56.47916666666666
2015-02-23,54.66666666666666,54.66666666666666
2015-02-24,52.319148936170215,52.319148936170215
2015-02-25,51.9375,51.9375
2015-02-26,53.5625,53.5625
2015-02-27,55.25,55.25
2015-02-28,55.16666666666666,55.16666666666666
2015-03-01,53.54166666666666,53.54166666666666
2015-03-02,51.638297872340424,51.638297872340424
2015-03-03,50.97826086956522,50.97826086956522
2015-03-04,50.6595744680851,50.6595744680851
2015-03-05,52.6875,52.6875
2015-03-06,54.77083333333334,54.77083333333334
2015-03-07,57.19148936170214,57.19148936170214
2015-03-08,59.42553191489362,59.42553191489362
2015-03-09,58.38775510204081,58.38775510204081
2015-03-10,59.0,59.0
2015-03-11,59.6530612244898,59.6530612244898
2015-03-12,61.33333333333334,61.33333333333334
2015-03-13,62.33333333333334,62.33333333333334
2015-03-14,65.63829787234043,65.63829787234043
2015-03-15,68.74468085106382,68.74468085106382
2015-03-16,68.16666666666667,68.16666666666667
2015-03-17,65.44897959183673,65.44897959183673
2015-03-18,63.3125,63.3125
2015-03-19,62.02083333333334,62.02083333333334
2015-03-20,62.21276595744681,62.21276595744681
2015-03-21,61.40425531914894,61.40425531914894
2015-03-22,62.36734693877551,62.36734693877551
2015-03-23,61.85714285714285,61.85714285714285
2015-03-24,59.3404255319149,59.3404255319149
2015-03-25,60.41666666666666,60.41666666666666
2015-03-26,62.9375,62.9375
2015-03-27,66.45833333333333,66.45833333333333
2015-03-28,66.4375,66.4375
2015-03-29,65.14583333333333,65.14583333333333
2015-03-30,64.75,64.75
2015-03-31,64.35416666666667,64.35416666666667
2015-04-01,61.84782608695652,61.84782608695652
2015-04-02,59.48936170212766,59.48936170212766
2015-04-03,58.78723404255321,58.78723404255321
2015-04-04,59.23404255319149,59.23404255319149
2015-04-05,59.361702127659576,59.361702127659576
2015-04-06,56.42553191489362,56.42553191489362
2015-04-07,54.51020408163265,54.51020408163265
2015-04-08,54.23809523809525,54.23809523809525
2015-04-09,54.66666666666666,54.66666666666666
2015-04-10,56.085106382978715,56.085106382978715
2015-04-11,58.14893617021277,58.14893617021277
2015-04-12,59.914893617021285,59.914893617021285
2015-04-13,62.06382978723404,62.06382978723404
2015-04-14,62.5625,62.5625
2015-04-15,59.47916666666666,59.47916666666666
2015-04-16,59.39583333333334,59.39583333333334
2015-04-17,62.38297872340426,62.38297872340426
2015-04-18,62.70833333333334,62.70833333333334
2015-04-19,63.77083333333334,63.77083333333334
2015-04-20,64.4375,64.4375
2015-04-21,64.0,64.0
2015-04-22,61.638297872340424,61.638297872340424
2015-04-23,61.16666666666666,61.16666666666666
2015-04-24,61.14583333333334,61.14583333333334
2015-04-25,60.1875,60.1875
2015-04-26,59.29166666666666,59.29166666666666
2015-04-27,60.829787234042556,60.829787234042556
2015-04-28,66.33333333333333,66.33333333333333
2015-04-29,67.47916666666667,67.47916666666667
2015-04-30,68.375,68.375
2015-05-01,70.21276595744679,70.21276595744679
2015-05-02,69.85106382978725,69.85106382978725
2015-05-03,67.08510638297872,67.08510638297872
2015-05-04,64.97872340425532,64.97872340425532
2015-05-05,63.744680851063826,63.744680851063826
2015-05-06,62.51063829787234,62.51063829787234
2015-05-07,61.61702127659574,61.61702127659574
2015-05-08,58.58333333333334,58.58333333333334
2015-05-09,57.0625,57.0625
2015-05-10,61.127659574468076,61.127659574468076
2015-05-11,63.41666666666666,63.41666666666666
2015-05-12,63.95833333333334,63.95833333333334
2015-05-13,61.53191489361702,61.53191489361702
2015-05-14,59.829787234042556,59.829787234042556
2015-05-15,58.78723404255321,58.78723404255321
2015-05-16,58.21276595744681,58.21276595744681
2015-05-17,60.33333333333334,60.33333333333334
2015-05-18,62.16666666666666,62.16666666666666
2015-05-19,62.45833333333334,62.45833333333334
2015-05-20,62.72340425531914,62.72340425531914
2015-05-21,63.680851063829785,63.680851063829785
2015-05-22,62.83333333333334,62.83333333333334
2015-05-23,62.47916666666666,62.47916666666666
2015-05-24,63.27083333333334,63.27083333333334
2015-05-25,64.60416666666667,64.60416666666667
2015-05-26,65.17021276595744,65.17021276595744
2015-05-27,65.61702127659575,65.61702127659575
2015-05-28,66.78723404255321,66.78723404255321
2015-05-29,67.89583333333333,67.89583333333333
2015-05-30,69.10416666666667,69.10416666666667
2015-05-31,70.14583333333333,70.14583333333333
2015-06-01,68.5,68.5
2015-06-02,67.95833333333333,67.95833333333333
2015-06-03,68.04166666666667,68.04166666666667
2015-06-04,67.54166666666667,67.54166666666667
2015-06-05,66.4375,66.4375
2015-06-06,67.35416666666667,67.35416666666667
2015-06-07,69.08333333333333,69.08333333333333
2015-06-08,72.36170212765956,72.36170212765956
2015-06-09,76.5,76.5
2015-06-10,74.89583333333333,74.89583333333333
2015-06-11,71.70833333333333,71.70833333333333
2015-06-12,72.39583333333333,72.39583333333333
2015-06-13,74.75,74.75
2015-06-14,74.36170212765956,74.36170212765956
2015-06-15,72.80851063829788,72.80851063829788
2015-06-16,70.91489361702128,70.91489361702128
2015-06-17,70.83333333333333,70.83333333333333
2015-06-18,71.6875,71.6875
2015-06-19,70.24489795918367,70.24489795918367
2015-06-20,73.36734693877553,73.36734693877553
2015-06-21,72.20408163265307,72.20408163265307
2015-06-22,71.4375,71.4375
2015-06-23,72.42857142857143,72.42857142857143
2015-06-24,71.91666666666667,71.91666666666667
2015-06-25,73.04255319148936,73.04255319148936
2015-06-26,77.17021276595744,77.17021276595744
2015-06-27,75.9375,75.9375
2015-06-28,74.3061224489796,74.3061224489796
2015-06-29,76.22916666666667,76.22916666666667
2015-06-30,75.85416666666667,75.85416666666667
2015-07-01,78.61702127659575,78.61702127659575
2015-07-02,78.63829787234044,78.63829787234044
2015-07-03,78.82978723404256,78.82978723404256
2015-07-04,75.93617021276594,75.93617021276594
2015-07-05,75.54166666666667,75.54166666666667
2015-07-06,73.39583333333333,73.39583333333333
2015-07-07,74.77083333333333,74.77083333333333
2015-07-08,74.47916666666667,74.47916666666667
2015-07-09,72.38297872340425,72.38297872340425
2015-07-10,69.59574468085107,69.59574468085107
2015-07-11,70.48936170212765,70.48936170212765
2015-07-12,71.625,71.625
2015-07-13,73.20833333333333,73.20833333333333
2015-07-14,74.51063829787235,74.51063829787235
2015-07-15,74.40425531914894,74.40425531914894
2015-07-16,74.28571428571429,74.28571428571429
2015-07-17,75.14285714285714,75.14285714285714
2015-07-18,76.0,76.0
2015-07-19,74.22448979591837,74.22448979591837
2015-07-20,77.16326530612245,77.16326530612245
2015-07-21,77.48936170212765,77.48936170212765
2015-07-22,76.625,76.625
2015-07-23,75.0625,75.0625
2015-07-24,73.67391304347827,73.67391304347827
2015-07-25,74.32608695652173,74.32608695652173
2015-07-26,75.34782608695652,75.34782608695652
2015-07-27,74.67391304347827,74.67391304347827
2015-07-28,74.97826086956522,74.97826086956522
2015-07-29,76.8,76.8
2015-07-30,76.84782608695652,76.84782608695652
2015-07-31,79.19565217391305,79.19565217391305
2015-08-01,78.70212765957447,78.70212765957447
2015-08-02,78.02173913043478,78.02173913043478
2015-08-03,77.15217391304348,77.15217391304348
2015-08-04,74.57446808510639,74.57446808510639
2015-08-05,74.46808510638297,74.46808510638297
2015-08-06,74.31914893617021,74.31914893617021
2015-08-07,75.93617021276594,75.93617021276594
2015-08-08,74.93478260869566,74.93478260869566
2015-08-09,73.43478260869566,73.43478260869566
2015-08-10,73.95652173913044,73.95652173913044
2015-08-11,74.21739130434783,74.21739130434783
2015-08-12,74.08695652173913,74.08695652173913
2015-08-13,74.82978723404256,74.82978723404256
2015-08-14,73.46808510638297,73.46808510638297
2015-08-15,70.45652173913044,70.45652173913044
2015-08-16,72.29787234042553,72.29787234042553
2015-08-17,74.12765957446808,74.12765957446808
2015-08-18,73.85106382978724,73.85106382978724
2015-08-19,73.51063829787235,73.51063829787235
2015-08-20,74.0,74.0
2015-08-21,75.04166666666667,75.04166666666667
2015-08-22,74.72340425531915,74.72340425531915
2015-08-23,74.84782608695652,74.84782608695652
2015-08-24,75.5,75.5
2015-08-25,74.58333333333333,74.58333333333333
2015-08-26,76.91489361702128,76.91489361702128
2015-08-27,78.95652173913044,78.95652173913044
2015-08-28,78.54347826086956,78.54347826086956
2015-08-29,78.23404255319149,78.23404255319149
2015-08-30,71.53191489361703,71.53191489361703
2015-08-31,73.57777777777778,73.57777777777778
2015-09-01,74.69565217391305,74.69565217391305
2015-09-02,74.04347826086956,74.04347826086956
2015-09-03,72.73913043478261,72.73913043478261
2015-09-04,71.1086956521739,71.1086956521739
2015-09-05,69.3695652173913,69.3695652173913
2015-09-06,69.1086956521739,69.1086956521739
2015-09-07,72.02173913043478,72.02173913043478
2015-09-08,75.91304347826087,75.91304347826087
2015-09-09,79.29787234042553,79.29787234042553
2015-09-10,81.25,81.25
2015-09-11,81.65957446808511,81.65957446808511
2015-09-12,80.33333333333333,80.33333333333333
2015-09-13,78.45833333333333,78.45833333333333
2015-09-14,78.23404255319149,78.23404255319149
2015-09-15,72.17021276595744,72.17021276595744
2015-09-16,69.31914893617022,69.31914893617022
2015-09-17,66.68085106382978,66.68085106382978
2015-09-18,68.52083333333333,68.52083333333333
2015-09-19,70.08333333333333,70.08333333333333
2015-09-20,73.45833333333333,73.45833333333333
2015-09-21,78.12765957446808,78.12765957446808
2015-09-22,76.78723404255321,76.78723404255321
2015-09-23,73.29166666666667,73.29166666666667
2015-09-24,72.39583333333333,72.39583333333333
2015-09-25,76.10416666666667,76.10416666666667
2015-09-26,76.65957446808511,76.65957446808511
2015-09-27,76.06521739130434,76.06521739130434
2015-09-28,74.34042553191489,74.34042553191489
2015-09-29,73.48936170212765,73.48936170212765
2015-09-30,71.5,71.5
2015-10-01,69.87234042553192,69.87234042553192
2015-10-02,70.85106382978724,70.85106382978724
2015-10-03,70.19148936170212,70.19148936170212
2015-10-04,68.12765957446808,68.12765957446808
2015-10-05,66.3695652173913,66.3695652173913
2015-10-06,65.17021276595744,65.17021276595744
2015-10-07,66.65957446808511,66.65957446808511
2015-10-08,69.19148936170212,69.19148936170212
2015-10-09,73.55319148936171,73.55319148936171
2015-10-10,75.28260869565217,75.28260869565217
2015-10-11,75.29787234042553,75.29787234042553
2015-10-12,74.44680851063829,74.44680851063829
2015-10-13,75.45833333333333,75.45833333333333
2015-10-14,76.19148936170212,76.19148936170212
2015-10-15,75.34042553191489,75.34042553191489
2015-10-16,73.02083333333333,73.02083333333333
2015-10-17,71.10416666666667,71.10416666666667
2015-10-18,69.8125,69.8125
2015-10-19,67.85106382978725,67.85106382978725
2015-10-20,64.91666666666667,64.91666666666667
2015-10-21,66.25,66.25
2015-10-22,66.16666666666667,66.16666666666667
2015-10-23,65.61702127659575,65.61702127659575
2015-10-24,65.87234042553192,65.87234042553192
2015-10-25,67.5625,67.5625
2015-10-26,66.8125,66.8125
2015-10-27,65.66666666666667,65.66666666666667
2015-10-28,64.95833333333333,64.95833333333333
2015-10-29,66.51063829787235,66.51063829787235
2015-10-30,65.06382978723404,65.06382978723404
2015-10-31,65.38297872340425,65.38297872340425
2015-11-01,66.58333333333333,66.58333333333333
2015-11-02,65.33333333333333,65.33333333333333
2015-11-03,60.16666666666666,60.16666666666666
2015-11-04,56.33333333333334,56.33333333333334
2015-11-05,53.6595744680851,53.6595744680851
2015-11-06,53.25,53.25
2015-11-07,55.40816326530612,55.40816326530612
2015-11-08,56.52083333333334,56.52083333333334
2015-11-09,55.40425531914894,55.40425531914894
2015-11-10,53.52173913043478,53.52173913043478
2015-11-11,51.44680851063829,51.44680851063829
2015-11-12,51.21276595744681,51.21276595744681
2015-11-13,52.57446808510638,52.57446808510638
2015-11-14,54.60869565217392,54.60869565217392
2015-11-15,54.77777777777778,54.77777777777778
2015-11-16,52.78260869565217,52.78260869565217
2015-11-17,50.125,50.125
2015-11-18,52.32608695652174,52.32608695652174
2015-11-19,54.844444444444434,54.844444444444434
2015-11-20,57.22222222222222,57.22222222222222
2015-11-21,59.28260869565217,59.28260869565217
2015-11-22,60.95652173913044,60.95652173913044
2015-11-23,59.444444444444436,59.444444444444436
2015-11-24,56.444444444444436,56.444444444444436
2015-11-25,53.02173913043478,53.02173913043478
2015-11-26,48.65217391304348,48.65217391304348
2015-11-27,46.5,46.5
2015-11-28,47.0,47.0
2015-11-29,46.32608695652174,46.32608695652174
2015-11-30,45.71739130434783,45.71739130434783
2015-12-01,44.75,44.75
2015-12-02,47.89130434782609,47.89130434782609
2015-12-03,52.6304347826087,52.6304347826087
2015-12-04,53.41304347826087,53.41304347826087
2015-12-05,50.47826086956522,50.47826086956522
2015-12-06,50.71739130434783,50.71739130434783
2015-12-07,54.6304347826087,54.6304347826087
2015-12-08,55.32608695652174,55.32608695652174
2015-12-09,56.77083333333334,56.77083333333334
2015-12-10,57.02083333333334,57.02083333333334
2015-12-11,54.76595744680851,54.76595744680851
2015-12-12,50.97916666666666,50.97916666666666
2015-12-13,48.5,48.5
2015-12-14,49.22916666666666,49.22916666666666
2015-12-15,45.5625,45.5625
2015-12-16,43.72916666666666,43.72916666666666
2015-12-17,43.38775510204081,43.38775510204081
2015-12-18,46.020408163265316,46.020408163265316
2015-12-19,49.10416666666666,49.10416666666666
2015-12-20,47.08333333333334,47.08333333333334
2015-12-21,46.361702127659576,46.361702127659576
2015-12-22,49.77083333333334,49.77083333333334
2015-12-23,55.51063829787234,55.51063829787234
2015-12-24,50.8125,50.8125
2015-12-25,47.29166666666666,47.29166666666666
2015-12-26,44.0,44.0
2015-12-27,43.23404255319149,43.23404255319149
2015-12-28,40.38297872340426,40.38297872340426
2015-12-29,41.47916666666666,41.47916666666666
2015-12-30,42.5625,42.5625
2015-12-31,42.340425531914896,42.340425531914896
2016-01-01,42.94,42.94
2016-01-02,43.04081632653061,43.04081632653061
2016-01-03,45.04,45.04
2016-01-04,48.392156862745104,48.392156862745104
2016-01-05,51.01960784313725,51.01960784313725
2016-01-06,50.058823529411775,50.058823529411775
2016-01-07,48.450980392156865,48.450980392156865
2016-01-08,47.68627450980392,47.68627450980392
2016-01-09,46.50980392156863,46.50980392156863
2016-01-10,47.53846153846154,47.53846153846154
2016-01-11,49.80392156862745,49.80392156862745
2016-01-12,50.19607843137255,50.19607843137255
2016-01-13,49.54,49.54
2016-01-14,48.82,48.82
2016-01-15,47.54901960784314,47.54901960784314
2016-01-16,50.384615384615394,50.384615384615394
2016-01-17,52.568627450980394,52.568627450980394
2016-01-18,53.529411764705884,53.529411764705884
2016-01-19,54.215686274509814,54.215686274509814
2016-01-20,53.44230769230769,53.44230769230769
2016-01-21,54.115384615384606,54.115384615384606
2016-01-22,55.096153846153854,55.096153846153854
2016-01-23,53.96226415094339,53.96226415094339
2016-01-24,52.134615384615394,52.134615384615394
2016-01-25,50.17307692307693,50.17307692307693
2016-01-26,51.37254901960785,51.37254901960785
2016-01-27,51.901960784313715,51.901960784313715
2016-01-28,53.230769230769226,53.230769230769226
2016-01-29,52.11320754716981,52.11320754716981
2016-01-30,55.0566037735849,55.0566037735849
2016-01-31,53.41509433962264,53.41509433962264
2016-02-01,49.66666666666666,49.66666666666666
2016-02-02,45.36,45.36
2016-02-03,43.17647058823529,43.17647058823529
2016-02-04,45.137254901960794,45.137254901960794
2016-02-05,48.92156862745098,48.92156862745098
2016-02-06,51.38,51.38
2016-02-07,53.784313725490186,53.784313725490186
2016-02-08,57.392156862745104,57.392156862745104
2016-02-09,61.901960784313715,61.901960784313715
2016-02-10,61.28846153846154,61.28846153846154
2016-02-11,59.764705882352935,59.764705882352935
2016-02-12,60.0,60.0
2016-02-13,58.903846153846146,58.903846153846146
2016-02-14,57.16981132075472,57.16981132075472
2016-02-15,59.411764705882355,59.411764705882355
2016-02-16,63.470588235294116,63.470588235294116
2016-02-17,63.07692307692307,63.07692307692307
2016-02-18,58.83018867924528,58.83018867924528
2016-02-19,54.846153846153854,54.846153846153854
2016-02-20,52.88,52.88
2016-02-21,53.01960784313725,53.01960784313725
2016-02-22,54.19607843137255,54.19607843137255
2016-02-23,56.403846153846146,56.403846153846146
2016-02-24,57.18867924528302,57.18867924528302
2016-02-25,57.82,57.82
2016-02-26,58.607843137254896,58.607843137254896
2016-02-27,58.480769230769226,58.480769230769226
2016-02-28,58.42307692307693,58.42307692307693
2016-02-29,58.115384615384606,58.115384615384606
2016-03-01,59.28846153846154,59.28846153846154
2016-03-02,60.568627450980394,60.568627450980394
2016-03-03,59.92156862745098,59.92156862745098
2016-03-04,60.26415094339622,60.26415094339622
2016-03-05,59.5,59.5
2016-03-06,59.78846153846154,59.78846153846154
2016-03-07,54.96078431372549,54.96078431372549
2016-03-08,49.8,49.8
2016-03-09,49.91836734693877,49.91836734693877
2016-03-10,56.44,56.44
2016-03-11,59.764705882352935,59.764705882352935
2016-03-12,55.96078431372549,55.96078431372549
2016-03-13,52.88235294117647,52.88235294117647
2016-03-14,54.82352941176471,54.82352941176471
2016-03-15,56.480769230769226,56.480769230769226
2016-03-16,56.634615384615394,56.634615384615394
2016-03-17,59.384615384615394,59.384615384615394
2016-03-18,61.5,61.5
2016-03-19,61.019230769230774,61.019230769230774
2016-03-20,61.17307692307693,61.17307692307693
2016-03-21,60.470588235294116,60.470588235294116
2016-03-22,58.07692307692307,58.07692307692307
2016-03-23,55.0,55.0
2016-03-24,55.71153846153846,55.71153846153846
2016-03-25,58.2,58.2
2016-03-26,59.115384615384606,59.115384615384606
2016-03-27,59.403846153846146,59.403846153846146
2016-03-28,58.68,58.68
2016-03-29,54.480769230769226,54.480769230769226
2016-03-30,52.49019607843139,52.49019607843139
2016-03-31,53.098039215686285,53.098039215686285
2016-04-01,56.42,56.42
2016-04-02,59.07843137254902,59.07843137254902
2016-04-03,61.05769230769231,61.05769230769231
2016-04-04,61.411764705882355,61.411764705882355
2016-04-05,62.0566037735849,62.0566037735849
2016-04-06,63.88235294117647,63.88235294117647
2016-04-07,68.44,68.44
2016-04-08,64.88,64.88
2016-04-09,61.44,61.44
2016-04-10,59.88679245283018,59.88679245283018
2016-04-11,59.21153846153846,59.21153846153846
2016-04-12,60.36,60.36
2016-04-13,59.96078431372549,59.96078431372549
2016-04-14,60.50980392156863,60.50980392156863
2016-04-15,58.64,58.64
2016-04-16,58.9,58.9
2016-04-17,63.01960784313725,63.01960784313725
2016-04-18,65.88235294117646,65.88235294117646
2016-04-19,67.30769230769229,67.30769230769229
2016-04-20,67.82692307692308,67.82692307692308
2016-04-21,65.41176470588235,65.41176470588235
2016-04-22,64.6,64.6
2016-04-23,60.42,60.42
2016-04-24,59.3061224489796,59.3061224489796
2016-04-25,59.91836734693877,59.91836734693877
2016-04-26,56.46938775510204,56.46938775510204
2016-04-27,56.68627450980392,56.68627450980392
2016-04-28,58.27450980392157,58.27450980392157
2016-04-29,59.11764705882353,59.11764705882353
2016-04-30,60.29411764705882,60.29411764705882
2016-05-01,61.37254901960785,61.37254901960785
2016-05-02,63.62745098039216,63.62745098039216
2016-05-03,63.64,63.64
2016-05-04,64.56862745098039,64.56862745098039
2016-05-05,64.64705882352939,64.64705882352939
2016-05-06,61.84313725490196,61.84313725490196
2016-05-07,58.96,58.96
2016-05-08,59.46938775510204,59.46938775510204
2016-05-09,61.52,61.52
2016-05-10,63.235294117647065,63.235294117647065
2016-05-11,64.76470588235293,64.76470588235293
2016-05-12,66.43396226415095,66.43396226415095
2016-05-13,67.49056603773586,67.49056603773586
2016-05-14,67.55769230769229,67.55769230769229
2016-05-15,65.0,65.0
2016-05-16,64.80392156862743,64.80392156862743
2016-05-17,65.8,65.8
2016-05-18,68.625,68.625
2016-05-19,69.3265306122449,69.3265306122449
2016-05-20,66.1,66.1
2016-05-21,60.34,60.34
2016-05-22,58.80392156862745,58.80392156862745
2016-05-23,59.529411764705884,59.529411764705884
2016-05-24,61.098039215686285,61.098039215686285
2016-05-25,62.58823529411765,62.58823529411765
2016-05-26,62.46,62.46
2016-05-27,64.52,64.52
2016-05-28,66.74,66.74
2016-05-29,67.86274509803921,67.86274509803921
2016-05-30,67.29411764705883,67.29411764705883
2016-05-31,69.56,69.56
2016-06-01,71.41176470588233,71.41176470588233
2016-06-02,72.07692307692308,72.07692307692308
2016-06-03,73.25,73.25
2016-06-04,76.3,76.3
2016-06-05,73.08,73.08
2016-06-06,70.6078431372549,70.6078431372549
2016-06-07,72.72,72.72
2016-06-08,71.56,71.56
2016-06-09,72.01960784313725,72.01960784313725
2016-06-10,70.15384615384616,70.15384615384616
2016-06-11,69.37254901960785,69.37254901960785
2016-06-12,68.13725490196079,68.13725490196079
2016-06-13,68.26,68.26
2016-06-14,67.92156862745098,67.92156862745098
2016-06-15,66.60784313725489,66.60784313725489
2016-06-16,64.42307692307692,64.42307692307692
2016-06-17,65.52830188679245,65.52830188679245
2016-06-18,68.79245283018868,68.79245283018868
2016-06-19,71.01923076923076,71.01923076923076
2016-06-20,72.13461538461539,72.13461538461539
2016-06-21,69.64150943396227,69.64150943396227
2016-06-22,74.64150943396227,74.64150943396227
2016-06-23,73.49019607843138,73.49019607843138
2016-06-24,72.21568627450979,72.21568627450979
2016-06-25,71.38461538461539,71.38461538461539
2016-06-26,72.41176470588233,72.41176470588233
2016-06-27,74.03921568627452,74.03921568627452
2016-06-28,73.06,73.06
2016-06-29,73.07843137254902,73.07843137254902
2016-06-30,74.68627450980392,74.68627450980392
2016-07-01,75.74509803921569,75.74509803921569
2016-07-02,75.1,75.1
2016-07-03,73.68,73.68
2016-07-04,72.76470588235293,72.76470588235293
2016-07-05,72.78431372549021,72.78431372549021
2016-07-06,72.05882352941177,72.05882352941177
2016-07-07,71.58,71.58
2016-07-08,71.58,71.58
2016-07-09,72.34,72.34
2016-07-10,73.62745098039215,73.62745098039215
2016-07-11,72.25490196078431,72.25490196078431
2016-07-12,71.6470588235294,71.6470588235294
2016-07-13,72.56862745098039,72.56862745098039
2016-07-14,74.34615384615384,74.34615384615384
2016-07-15,73.98113207547169,73.98113207547169
2016-07-16,71.9622641509434,71.9622641509434
2016-07-17,72.59615384615384,72.59615384615384
2016-07-18,71.16981132075472,71.16981132075472
2016-07-19,71.24528301886792,71.24528301886792
2016-07-20,71.78431372549021,71.78431372549021
2016-07-21,73.57692307692308,73.57692307692308
2016-07-22,73.26923076923076,73.26923076923076
2016-07-23,69.86274509803921,69.86274509803921
2016-07-24,73.13461538461539,73.13461538461539
2016-07-25,75.86538461538461,75.86538461538461
2016-07-26,76.03846153846153,76.03846153846153
2016-07-27,74.11320754716981,74.11320754716981
2016-07-28,71.46153846153847,71.46153846153847
2016-07-29,72.96153846153847,72.96153846153847
2016-07-30,74.38461538461539,74.38461538461539
2016-07-31,78.57692307692308,78.57692307692308
2016-08-01,76.70588235294117,76.70588235294117
2016-08-02,76.01923076923076,76.01923076923076
2016-08-03,76.0,76.0
2016-08-04,75.88461538461539,75.88461538461539
2016-08-05,74.13725490196079,74.13725490196079
2016-08-06,73.49019607843138,73.49019607843138
2016-08-07,70.94117647058823,70.94117647058823
2016-08-08,71.92307692307692,71.92307692307692
2016-08-09,71.65384615384616,71.65384615384616
2016-08-10,72.86538461538461,72.86538461538461
2016-08-11,73.09615384615384,73.09615384615384
2016-08-12,73.5,73.5
2016-08-13,73.69230769230771,73.69230769230771
2016-08-14,73.86538461538461,73.86538461538461
2016-08-15,72.52941176470588,72.52941176470588
2016-08-16,72.2,72.2
2016-08-17,72.76923076923076,72.76923076923076
2016-08-18,74.59615384615384,74.59615384615384
2016-08-19,75.78431372549021,75.78431372549021
2016-08-20,75.01960784313725,75.01960784313725
2016-08-21,75.05882352941177,75.05882352941177
2016-08-22,74.45098039215686,74.45098039215686
2016-08-23,73.88235294117645,73.88235294117645
2016-08-24,72.67307692307692,72.67307692307692
2016-08-25,73.21153846153847,73.21153846153847
2016-08-26,72.23529411764707,72.23529411764707
2016-08-27,71.58823529411767,71.58823529411767
2016-08-28,71.25490196078431,71.25490196078431
2016-08-29,72.8,72.8
2016-08-30,74.6470588235294,74.6470588235294
2016-08-31,75.98039215686275,75.98039215686275
2016-09-01,75.07843137254902,75.07843137254902
2016-09-02,72.90196078431373,72.90196078431373
2016-09-03,70.47058823529412,70.47058823529412
2016-09-04,69.84313725490196,69.84313725490196
2016-09-05,67.66666666666667,67.66666666666667
2016-09-06,67.33333333333333,67.33333333333333
2016-09-07,69.76470588235293,69.76470588235293
2016-09-08,72.80392156862743,72.80392156862743
2016-09-09,72.15384615384616,72.15384615384616
2016-09-10,72.51923076923076,72.51923076923076
2016-09-11,72.80769230769229,72.80769230769229
2016-09-12,71.24,71.24
2016-09-13,67.82352941176471,67.82352941176471
2016-09-14,64.69230769230771,64.69230769230771
2016-09-15,64.94117647058823,64.94117647058823
2016-09-16,66.35294117647061,66.35294117647061
2016-09-17,68.01960784313725,68.01960784313725
2016-09-18,70.74509803921569,70.74509803921569
2016-09-19,73.90196078431373,73.90196078431373
2016-09-20,75.3921568627451,75.3921568627451
2016-09-21,72.43137254901961,72.43137254901961
2016-09-22,69.39215686274511,69.39215686274511
2016-09-23,64.76470588235293,64.76470588235293
2016-09-24,64.09803921568627,64.09803921568627
2016-09-25,69.92156862745098,69.92156862745098
2016-09-26,74.19607843137257,74.19607843137257
2016-09-27,77.62745098039215,77.62745098039215
2016-09-28,75.33333333333333,75.33333333333333
2016-09-29,72.51020408163265,72.51020408163265
2016-09-30,70.96078431372548,70.96078431372548
2016-10-01,69.43137254901961,69.43137254901961
2016-10-02,66.64705882352939,66.64705882352939
2016-10-03,61.96,61.96
2016-10-04,59.24,59.24
2016-10-05,62.26,62.26
2016-10-06,61.74,61.74
2016-10-07,62.901960784313715,62.901960784313715
2016-10-08,66.84615384615384,66.84615384615384
2016-10-09,68.90196078431373,68.90196078431373
2016-10-10,68.94117647058823,68.94117647058823
2016-10-11,66.35294117647061,66.35294117647061
2016-10-12,64.28,64.28
2016-10-13,62.66,62.66
2016-10-14,63.82352941176471,63.82352941176471
2016-10-15,64.82,64.82
2016-10-16,65.34,65.34
2016-10-17,64.86,64.86
2016-10-18,62.49019607843139,62.49019607843139
2016-10-19,60.96,60.96
2016-10-20,63.62745098039216,63.62745098039216
2016-10-21,66.94117647058823,66.94117647058823
2016-10-22,66.17647058823529,66.17647058823529
2016-10-23,64.41509433962264,64.41509433962264
2016-10-24,63.79245283018867,63.79245283018867
2016-10-25,63.92307692307693,63.92307692307693
2016-10-26,63.384615384615394,63.384615384615394
2016-10-27,65.01960784313725,65.01960784313725
2016-10-28,63.78,63.78
2016-10-29,64.4,64.4
2016-10-30,65.75,65.75
2016-10-31,62.49056603773585,62.49056603773585
2016-11-01,58.53846153846154,58.53846153846154
2016-11-02,57.98039215686275,57.98039215686275
2016-11-03,59.01960784313725,59.01960784313725
2016-11-04,62.03921568627451,62.03921568627451
2016-11-05,62.784313725490186,62.784313725490186
2016-11-06,61.450980392156865,61.450980392156865
2016-11-07,61.903846153846146,61.903846153846146
2016-11-08,63.019230769230774,63.019230769230774
2016-11-09,65.86538461538461,65.86538461538461
2016-11-10,67.15384615384616,67.15384615384616
2016-11-11,66.27450980392156,66.27450980392156
2016-11-12,64.23076923076923,64.23076923076923
2016-11-13,63.67307692307693,63.67307692307693
2016-11-14,63.519230769230774,63.519230769230774
2016-11-15,62.615384615384606,62.615384615384606
2016-11-16,60.22641509433962,60.22641509433962
2016-11-17,55.52830188679246,55.52830188679246
2016-11-18,51.78846153846154,51.78846153846154
2016-11-19,54.019230769230774,54.019230769230774
2016-11-20,54.846153846153854,54.846153846153854
2016-11-21,55.92307692307693,55.92307692307693
2016-11-22,54.215686274509814,54.215686274509814
2016-11-23,52.15686274509804,52.15686274509804
2016-11-24,52.134615384615394,52.134615384615394
2016-11-25,52.849056603773576,52.849056603773576
2016-11-26,51.41509433962264,51.41509433962264
2016-11-27,49.0,49.0
2016-11-28,50.39622641509435,50.39622641509435
2016-11-29,50.19607843137255,50.19607843137255
2016-11-30,48.94,48.94
2016-12-01,47.88,47.88
2016-12-02,48.47169811320754,48.47169811320754
2016-12-03,49.698113207547166,49.698113207547166
2016-12-04,50.11764705882353,50.11764705882353
2016-12-05,50.615384615384606,50.615384615384606
2016-12-06,48.730769230769226,48.730769230769226
2016-12-07,48.653846153846146,48.653846153846146
2016-12-08,45.12,45.12
2016-12-09,49.901960784313715,49.901960784313715
2016-12-10,54.37254901960785,54.37254901960785
2016-12-11,54.33333333333334,54.33333333333334
2016-12-12,53.26,53.26
2016-12-13,52.92,52.92
2016-12-14,52.96,52.96
2016-12-15,55.6,55.6
2016-12-16,55.64,55.64
2016-12-17,49.88235294117647,49.88235294117647
2016-12-18,42.31372549019608,42.31372549019608
2016-12-19,42.058823529411775,42.058823529411775
2016-12-20,45.11764705882353,45.11764705882353
2016-12-21,48.74,48.74
2016-12-22,51.673469387755105,51.673469387755105
2016-12-23,49.0,49.0
2016-12-24,49.03921568627451,49.03921568627451
2016-12-25,43.784313725490186,43.784313725490186
2016-12-26,40.86,40.86
2016-12-27,42.82,42.82
2016-12-28,47.32075471698114,47.32075471698114
2016-12-29,49.566037735849065,49.566037735849065
2016-12-30,51.615384615384606,51.615384615384606
2016-12-31,49.17307692307693,49.17307692307693
2017-01-01,45.625,45.625
2017-01-02,44.44,44.44
2017-01-03,45.0,45.0
2017-01-04,46.66666666666666,46.66666666666666
2017-01-05,47.875,47.875
2017-01-06,45.8695652173913,45.8695652173913
2017-01-07,42.52173913043478,42.52173913043478
2017-01-08,47.16666666666666,47.16666666666666
2017-01-09,54.0,54.0
2017-01-10,52.29166666666666,52.29166666666666
2017-01-11,52.79166666666666,52.79166666666666
2017-01-12,51.21739130434783,51.21739130434783
2017-01-13,47.04347826086956,47.04347826086956
2017-01-14,46.95652173913044,46.95652173913044
2017-01-15,46.42857142857143,46.42857142857143
2017-01-16,46.58333333333334,46.58333333333334
2017-01-17,46.88,46.88
2017-01-18,45.125,45.125
2017-01-19,46.92,46.92
2017-01-20,49.68,49.68
2017-01-21,47.92,47.92
2017-01-22,48.75,48.75
2017-01-23,48.91304347826087,48.91304347826087
2017-01-24,45.1304347826087,45.1304347826087
2017-01-25,43.21739130434783,43.21739130434783
2017-01-26,42.130434782608695,42.130434782608695
2017-01-27,43.375,43.375
2017-01-28,44.54166666666666,44.54166666666666
2017-01-29,47.375,47.375
2017-01-30,48.91304347826087,48.91304347826087
2017-01-31,50.47826086956522,50.47826086956522
2017-02-01,50.125,50.125
2017-02-02,49.33333333333334,49.33333333333334
2017-02-03,52.4,52.4
2017-02-04,54.625,54.625
2017-02-05,53.47826086956522,53.47826086956522
2017-02-06,51.21739130434783,51.21739130434783
2017-02-07,54.26086956521739,54.26086956521739
2017-02-08,57.36,57.36
2017-02-09,59.16,59.16
2017-02-10,59.58333333333334,59.58333333333334
2017-02-11,55.72727272727273,55.72727272727273
2017-02-12,51.78260869565217,51.78260869565217
2017-02-13,52.30434782608695,52.30434782608695
2017-02-14,52.82608695652174,52.82608695652174
2017-02-15,54.95652173913044,54.95652173913044
2017-02-16,56.21739130434783,56.21739130434783
2017-02-17,55.13636363636363,55.13636363636363
2017-02-18,52.95454545454545,52.95454545454545
2017-02-19,50.90909090909091,50.90909090909091
2017-02-20,49.69565217391305,49.69565217391305
2017-02-21,54.59090909090909,54.59090909090909
2017-02-22,53.52173913043478,53.52173913043478
2017-02-23,49.31818181818182,49.31818181818182
2017-02-24,43.52173913043478,43.52173913043478
2017-02-25,41.39130434782609,41.39130434782609
2017-02-26,44.1304347826087,44.1304347826087
2017-02-27,45.04347826086956,45.04347826086956
2017-02-28,44.81818181818182,44.81818181818182
2017-03-01,45.8695652173913,45.8695652173913
2017-03-02,48.56521739130435,48.56521739130435
2017-03-03,51.65217391304348,51.65217391304348
2017-03-04,52.34782608695652,52.34782608695652
2017-03-05,52.56521739130435,52.56521739130435
2017-03-06,46.41666666666666,46.41666666666666
2017-03-07,44.95833333333334,44.95833333333334
2017-03-08,48.43478260869565,48.43478260869565
2017-03-09,55.30434782608695,55.30434782608695
2017-03-10,59.25,59.25
2017-03-11,60.70833333333334,60.70833333333334
2017-03-12,60.75,60.75
2017-03-13,62.04347826086956,62.04347826086956
2017-03-14,62.78260869565217,62.78260869565217
2017-03-15,64.20833333333333,64.20833333333333
2017-03-16,62.54166666666666,62.54166666666666
2017-03-17,61.66666666666666,61.66666666666666
2017-03-18,62.33333333333334,62.33333333333334
2017-03-19,61.73913043478261,61.73913043478261
2017-03-20,62.08333333333334,62.08333333333334
2017-03-21,61.0,61.0
2017-03-22,59.60869565217392,59.60869565217392
2017-03-23,54.39130434782609,54.39130434782609
2017-03-24,52.88,52.88
2017-03-25,53.32,53.32
2017-03-26,56.08333333333334,56.08333333333334
2017-03-27,55.5,55.5
2017-03-28,56.28,56.28
2017-03-29,58.6,58.6
2017-03-30,60.6,60.6
2017-03-31,57.91666666666666,57.91666666666666
2017-04-01,56.91666666666666,56.91666666666666
2017-04-02,60.58333333333334,60.58333333333334
2017-04-03,61.75,61.75
2017-04-04,59.45833333333334,59.45833333333334
2017-04-05,59.375,59.375
2017-04-06,61.91666666666666,61.91666666666666
2017-04-07,59.16666666666666,59.16666666666666
2017-04-08,58.08,58.08
2017-04-09,52.8,52.8
2017-04-10,51.20833333333334,51.20833333333334
2017-04-11,54.84,54.84
2017-04-12,57.96,57.96
2017-04-13,59.45833333333334,59.45833333333334
2017-04-14,56.29166666666666,56.29166666666666
2017-04-15,53.41666666666666,53.41666666666666
2017-04-16,57.375,57.375
2017-04-17,58.125,58.125
2017-04-18,60.79166666666666,60.79166666666666
2017-04-19,61.5,61.5
2017-04-20,59.625,59.625
2017-04-21,61.20833333333334,61.20833333333334
2017-04-22,63.84,63.84
2017-04-23,63.72,63.72
2017-04-24,62.75,62.75
2017-04-25,60.66666666666666,60.66666666666666
2017-04-26,60.625,60.625
2017-04-27,62.73913043478261,62.73913043478261
2017-04-28,62.69565217391305,62.69565217391305
2017-04-29,61.21739130434783,61.21739130434783
2017-04-30,62.83333333333334,62.83333333333334
2017-05-01,63.91666666666666,63.91666666666666
2017-05-02,68.33333333333333,68.33333333333333
2017-05-03,71.95833333333333,71.95833333333333
2017-05-04,74.125,74.125
2017-05-05,72.08333333333333,72.08333333333333
2017-05-06,67.52173913043478,67.52173913043478
2017-05-07,58.26086956521739,58.26086956521739
2017-05-08,57.91666666666666,57.91666666666666
2017-05-09,61.96,61.96
2017-05-10,64.04,64.04
2017-05-11,62.95833333333334,62.95833333333334
2017-05-12,63.83333333333334,63.83333333333334
2017-05-13,61.875,61.875
2017-05-14,59.76,59.76
2017-05-15,59.36,59.36
2017-05-16,58.48,58.48
2017-05-17,57.75,57.75
2017-05-18,60.20833333333334,60.20833333333334
2017-05-19,63.375,63.375
2017-05-20,67.0,67.0
2017-05-21,69.83333333333333,69.83333333333333
2017-05-22,72.0,72.0
2017-05-23,73.76,73.76
2017-05-24,74.76,74.76
2017-05-25,71.08,71.08
2017-05-26,66.28,66.28
2017-05-27,64.45833333333333,64.45833333333333
2017-05-28,66.52173913043478,66.52173913043478
2017-05-29,69.17391304347827,69.17391304347827
2017-05-30,71.04347826086956,71.04347826086956
2017-05-31,69.375,69.375
2017-06-01,67.58333333333333,67.58333333333333
2017-06-02,69.08,69.08
2017-06-03,71.56,71.56
2017-06-04,73.24,73.24
2017-06-05,72.4,72.4
2017-06-06,71.08,71.08
2017-06-07,71.70833333333333,71.70833333333333
2017-06-08,70.375,70.375
2017-06-09,67.5,67.5
2017-06-10,68.375,68.375
2017-06-11,65.625,65.625
2017-06-12,61.16666666666666,61.16666666666666
2017-06-13,61.625,61.625
2017-06-14,65.91666666666667,65.91666666666667
2017-06-15,70.45833333333333,70.45833333333333
2017-06-16,73.875,73.875
2017-06-17,77.6,77.6
2017-06-18,76.0,76.0
2017-06-19,79.58333333333333,79.58333333333333
2017-06-20,79.66666666666667,79.66666666666667
2017-06-21,67.91666666666667,67.91666666666667
2017-06-22,74.875,74.875
2017-06-23,74.91666666666667,74.91666666666667
2017-06-24,76.66666666666667,76.66666666666667
2017-06-25,73.04166666666667,73.04166666666667
2017-06-26,68.64,68.64
2017-06-27,73.44,73.44
2017-06-28,72.04166666666667,72.04166666666667
2017-06-29,73.92,73.92
2017-06-30,74.0,74.0
2017-07-01,75.5,75.5
2017-07-02,71.5,71.5
2017-07-03,75.29166666666667,75.29166666666667
2017-07-04,72.76,72.76
2017-07-05,73.64,73.64
2017-07-06,70.83333333333333,70.83333333333333
2017-07-07,73.125,73.125
2017-07-08,68.84,68.84
2017-07-09,75.66666666666667,75.66666666666667
2017-07-10,81.30434782608695,81.30434782608695
2017-07-11,76.375,76.375
2017-07-12,75.0,75.0
2017-07-13,74.375,74.375
2017-07-14,74.625,74.625
2017-07-15,74.6086956521739,74.6086956521739
2017-07-16,76.21739130434783,76.21739130434783
2017-07-17,78.69565217391305,78.69565217391305
2017-07-18,76.58333333333333,76.58333333333333
2017-07-19,73.58333333333333,73.58333333333333
2017-07-20,76.58333333333333,76.58333333333333
2017-07-21,73.375,73.375
2017-07-22,73.45833333333333,73.45833333333333
2017-07-23,71.72,71.72
2017-07-24,76.56,76.56
2017-07-25,76.8,76.8
2017-07-26,77.45833333333333,77.45833333333333
2017-07-27,78.08333333333333,78.08333333333333
2017-07-28,76.375,76.375
2017-07-29,75.29166666666667,75.29166666666667
2017-07-30,74.45833333333333,74.45833333333333
2017-07-31,78.54166666666667,78.54166666666667
2017-08-01,73.6086956521739,73.6086956521739
2017-08-02,82.76,82.76
2017-08-03,82.88,82.88
2017-08-04,83.21739130434783,83.21739130434783
2017-08-05,81.70833333333333,81.70833333333333
2017-08-06,79.54166666666667,79.54166666666667
2017-08-07,77.375,77.375
2017-08-08,77.79166666666667,77.79166666666667
2017-08-09,77.875,77.875
2017-08-10,74.125,74.125
2017-08-11,74.125,74.125
2017-08-12,74.56,74.56
2017-08-13,70.96,70.96
2017-08-14,72.625,72.625
2017-08-15,74.25,74.25
2017-08-16,72.04166666666667,72.04166666666667
2017-08-17,73.91666666666667,73.91666666666667
2017-08-18,76.58333333333333,76.58333333333333
2017-08-19,76.76,76.76
2017-08-20,75.96,75.96
2017-08-21,76.08333333333333,76.08333333333333
2017-08-22,75.12,75.12
2017-08-23,76.36,76.36
2017-08-24,77.0,77.0
2017-08-25,76.125,76.125
2017-08-26,76.36,76.36
2017-08-27,72.64,72.64
2017-08-28,78.73913043478261,78.73913043478261
2017-08-29,75.1304347826087,75.1304347826087
2017-08-30,74.75,74.75
2017-08-31,72.45833333333333,72.45833333333333
2017-09-01,73.29166666666667,73.29166666666667
2017-09-02,82.08333333333333,82.08333333333333
2017-09-03,86.54166666666669,86.54166666666669
2017-09-04,83.91666666666667,83.91666666666667
2017-09-05,81.125,81.125
2017-09-06,77.08333333333333,77.08333333333333
2017-09-07,75.70833333333333,75.70833333333333
2017-09-08,75.33333333333333,75.33333333333333
2017-09-09,74.47826086956522,74.47826086956522
2017-09-10,74.36363636363636,74.36363636363636
2017-09-11,78.43478260869566,78.43478260869566
2017-09-12,82.34782608695652,82.34782608695652
2017-09-13,78.95652173913044,78.95652173913044
2017-09-14,75.04347826086956,75.04347826086956
2017-09-15,69.125,69.125
2017-09-16,68.54166666666667,68.54166666666667
2017-09-17,68.91666666666667,68.91666666666667
2017-09-18,69.33333333333333,69.33333333333333
2017-09-19,69.375,69.375
2017-09-20,67.83333333333333,67.83333333333333
2017-09-21,67.33333333333333,67.33333333333333
2017-09-22,62.25,62.25
2017-09-23,59.625,59.625
2017-09-24,62.16,62.16
2017-09-25,63.72,63.72
2017-09-26,65.88,65.88
2017-09-27,68.92,68.92
2017-09-28,70.33333333333333,70.33333333333333
2017-09-29,70.04166666666667,70.04166666666667
2017-09-30,69.125,69.125
2017-10-01,68.68,68.68
2017-10-02,67.0,67.0
2017-10-03,63.29166666666666,63.29166666666666
2017-10-04,61.375,61.375
2017-10-05,62.16666666666666,62.16666666666666
2017-10-06,63.5,63.5
2017-10-07,67.21739130434783,67.21739130434783
2017-10-08,68.0,68.0
2017-10-09,65.1304347826087,65.1304347826087
2017-10-10,64.04166666666667,64.04166666666667
2017-10-11,62.52,62.52
2017-10-12,61.32,61.32
2017-10-13,60.12,60.12
2017-10-14,60.58333333333334,60.58333333333334
2017-10-15,63.4,63.4
2017-10-16,65.48,65.48
2017-10-17,67.32,67.32
2017-10-18,66.84,66.84
2017-10-19,64.91666666666667,64.91666666666667
2017-10-20,63.0,63.0
2017-10-21,58.68,58.68
2017-10-22,58.08,58.08
2017-10-23,63.52173913043478,63.52173913043478
2017-10-24,70.1304347826087,70.1304347826087
2017-10-25,74.08333333333333,74.08333333333333
2017-10-26,70.95833333333333,70.95833333333333
2017-10-27,68.83333333333333,68.83333333333333
2017-10-28,67.70833333333333,67.70833333333333
2017-10-29,66.16666666666667,66.16666666666667
2017-10-30,63.875,63.875
2017-10-31,60.83333333333334,60.83333333333334
2017-11-01,59.1304347826087,59.1304347826087
2017-11-02,59.20833333333334,59.20833333333334
2017-11-03,57.20833333333334,57.20833333333334
2017-11-04,57.375,57.375
2017-11-05,55.5,55.5
2017-11-06,53.625,53.625
2017-11-07,54.375,54.375
2017-11-08,54.83333333333334,54.83333333333334
2017-11-09,55.8,55.8
2017-11-10,59.0,59.0
2017-11-11,56.70833333333334,56.70833333333334
2017-11-12,55.29166666666666,55.29166666666666
2017-11-13,55.91666666666666,55.91666666666666
2017-11-14,57.04166666666666,57.04166666666666
2017-11-15,56.39130434782609,56.39130434782609
2017-11-16,56.875,56.875
2017-11-17,58.96,58.96
2017-11-18,55.6,55.6
2017-11-19,51.5,51.5
2017-11-20,50.84,50.84
2017-11-21,55.0,55.0
2017-11-22,61.2,61.2
2017-11-23,63.6,63.6
2017-11-24,62.70833333333334,62.70833333333334
2017-11-25,61.20833333333334,61.20833333333334
2017-11-26,60.70833333333334,60.70833333333334
2017-11-27,59.17391304347826,59.17391304347826
2017-11-28,51.95833333333334,51.95833333333334
2017-11-29,50.91666666666666,50.91666666666666
2017-11-30,52.75,52.75
2017-12-01,52.125,52.125
2017-12-02,51.83333333333334,51.83333333333334
2017-12-03,50.95833333333334,50.95833333333334
2017-12-04,50.91666666666666,50.91666666666666
2017-12-05,47.91666666666666,47.91666666666666
2017-12-06,48.5,48.5
2017-12-07,49.79166666666666,49.79166666666666
2017-12-08,52.36,52.36
2017-12-09,51.56,51.56
2017-12-10,51.95833333333334,51.95833333333334
2017-12-11,52.95833333333334,52.95833333333334
2017-12-12,52.66666666666666,52.66666666666666
2017-12-13,50.66666666666666,50.66666666666666
2017-12-14,50.375,50.375
2017-12-15,51.33333333333334,51.33333333333334
2017-12-16,50.45833333333334,50.45833333333334
2017-12-17,49.39130434782609,49.39130434782609
2017-12-18,49.77272727272727,49.77272727272727
2017-12-19,48.34782608695652,48.34782608695652
2017-12-20,46.78260869565217,46.78260869565217
2017-12-21,45.45454545454545,45.45454545454545
2017-12-22,42.81818181818182,42.81818181818182
2017-12-23,41.45454545454545,41.45454545454545
2017-12-24,46.40909090909091,46.40909090909091
2017-12-25,47.95454545454545,47.95454545454545
2017-12-26,48.78260869565217,48.78260869565217
2017-12-27,48.43478260869565,48.43478260869565
2017-12-28,49.08695652173913,49.08695652173913
2017-12-29,50.39130434782609,50.39130434782609
2017-12-30,51.33333333333334,51.33333333333334
2017-12-31,50.70833333333334,50.70833333333334
2018-01-01,53.0,53.0
2018-01-02,52.92857142857143,52.92857142857143
2018-01-03,55.97560975609756,55.97560975609756
2018-01-04,54.85365853658536,54.85365853658536
2018-01-05,58.452380952380956,58.452380952380956
2018-01-06,58.85714285714285,58.85714285714285
2018-01-07,57.73809523809525,57.73809523809525
2018-01-08,55.73809523809525,55.73809523809525
2018-01-09,58.0,58.0
2018-01-10,55.78571428571429,55.78571428571429
2018-01-11,53.5,53.5
2018-01-12,55.365853658536594,55.365853658536594
2018-01-13,55.463414634146346,55.463414634146346
2018-01-14,57.463414634146346,57.463414634146346
2018-01-15,57.6829268292683,57.6829268292683
2018-01-16,55.30952380952381,55.30952380952381
2018-01-17,56.452380952380956,56.452380952380956
2018-01-18,56.97619047619048,56.97619047619048
2018-01-19,56.78571428571429,56.78571428571429
2018-01-20,53.19047619047619,53.19047619047619
2018-01-21,48.88095238095239,48.88095238095239
2018-01-22,46.88095238095239,46.88095238095239
2018-01-23,49.714285714285715,49.714285714285715
2018-01-24,51.90243902439025,51.90243902439025
2018-01-25,52.125,52.125
2018-01-26,49.73170731707317,49.73170731707317
2018-01-27,49.09756097560975,49.09756097560975
2018-01-28,51.78048780487804,51.78048780487804
2018-01-29,57.65853658536585,57.65853658536585
2018-01-30,59.35,59.35
2018-01-31,59.073170731707314,59.073170731707314
2018-02-01,57.225,57.225
2018-02-02,58.9,58.9
2018-02-03,60.3,60.3
2018-02-04,61.475,61.475
2018-02-05,61.7,61.7
2018-02-06,60.25,60.25
2018-02-07,59.73170731707317,59.73170731707317
2018-02-08,60.19512195121951,60.19512195121951
2018-02-09,60.512195121951216,60.512195121951216
2018-02-10,59.75609756097561,59.75609756097561
2018-02-11,58.19512195121951,58.19512195121951
2018-02-12,52.95121951219512,52.95121951219512
2018-02-13,52.487804878048784,52.487804878048784
2018-02-14,52.09756097560975,52.09756097560975
2018-02-15,54.073170731707314,54.073170731707314
2018-02-16,53.95121951219512,53.95121951219512
2018-02-17,53.634146341463406,53.634146341463406
2018-02-18,54.487804878048784,54.487804878048784
2018-02-19,53.19512195121951,53.19512195121951
2018-02-20,46.21951219512196,46.21951219512196
2018-02-21,42.475,42.475
2018-02-22,44.9,44.9
2018-02-23,46.26829268292683,46.26829268292683
2018-02-24,45.17073170731707,45.17073170731707
2018-02-25,45.17073170731707,45.17073170731707
2018-02-26,48.425,48.425
2018-02-27,48.073170731707314,48.073170731707314
2018-02-28,47.17073170731707,47.17073170731707
2018-03-01,46.925,46.925
2018-03-02,51.214285714285715,51.214285714285715
2018-03-03,51.19047619047619,51.19047619047619
2018-03-04,51.02439024390244,51.02439024390244
2018-03-05,48.547619047619044,48.547619047619044
2018-03-06,50.97619047619048,50.97619047619048
2018-03-07,55.14285714285714,55.14285714285714
2018-03-08,57.69047619047619,57.69047619047619
2018-03-09,59.452380952380956,59.452380952380956
2018-03-10,59.4390243902439,59.4390243902439
2018-03-11,57.80487804878049,57.80487804878049
2018-03-12,59.85365853658536,59.85365853658536
2018-03-13,61.575,61.575
2018-03-14,61.536585365853654,61.536585365853654
2018-03-15,56.17073170731707,56.17073170731707
2018-03-16,52.365853658536594,52.365853658536594
2018-03-17,52.023809523809526,52.023809523809526
2018-03-18,51.0952380952381,51.0952380952381
2018-03-19,49.904761904761905,49.904761904761905
2018-03-20,54.214285714285715,54.214285714285715
2018-03-21,57.023809523809526,57.023809523809526
2018-03-22,59.88095238095239,59.88095238095239
2018-03-23,58.83333333333334,58.83333333333334
2018-03-24,56.14285714285714,56.14285714285714
2018-03-25,54.023809523809526,54.023809523809526
2018-03-26,52.28571428571429,52.28571428571429
2018-03-27,53.404761904761905,53.404761904761905
2018-03-28,57.35714285714285,57.35714285714285
2018-03-29,60.97560975609756,60.97560975609756
2018-03-30,63.75,63.75
2018-03-31,64.8809523809524,64.8809523809524
2018-04-01,63.97619047619048,63.97619047619048
2018-04-02,63.42857142857143,63.42857142857143
2018-04-03,62.11904761904761,62.11904761904761
2018-04-04,61.952380952380956,61.952380952380956
2018-04-05,63.0952380952381,63.0952380952381
2018-04-06,63.0,63.0
2018-04-07,64.33333333333333,64.33333333333333
2018-04-08,64.83333333333333,64.83333333333333
2018-04-09,62.6829268292683,62.6829268292683
2018-04-10,66.07142857142857,66.07142857142857
2018-04-11,67.4047619047619,67.4047619047619
2018-04-12,64.02380952380952,64.02380952380952
2018-04-13,56.92857142857143,56.92857142857143
2018-04-14,59.07142857142857,59.07142857142857
2018-04-15,62.904761904761905,62.904761904761905
2018-04-16,61.92857142857143,61.92857142857143
2018-04-17,55.121951219512205,55.121951219512205
2018-04-18,53.97619047619048,53.97619047619048
2018-04-19,55.97560975609756,55.97560975609756
2018-04-20,56.073170731707314,56.073170731707314
2018-04-21,60.69047619047619,60.69047619047619
2018-04-22,64.95238095238095,64.95238095238095
2018-04-23,67.42857142857143,67.42857142857143
2018-04-24,68.0952380952381,68.0952380952381
2018-04-25,66.83333333333333,66.83333333333333
2018-04-26,66.52380952380952,66.52380952380952
2018-04-27,66.23809523809524,66.23809523809524
2018-04-28,63.97619047619048,63.97619047619048
2018-04-29,62.047619047619044,62.047619047619044
2018-04-30,61.57142857142857,61.57142857142857
2018-05-01,60.23809523809525,60.23809523809525
2018-05-02,58.33333333333334,58.33333333333334
2018-05-03,59.38095238095239,59.38095238095239
2018-05-04,62.714285714285715,62.714285714285715
2018-05-05,68.02380952380952,68.02380952380952
2018-05-06,68.95238095238095,68.95238095238095
2018-05-07,68.83333333333333,68.83333333333333
2018-05-08,68.8809523809524,68.8809523809524
2018-05-09,69.57142857142857,69.57142857142857
2018-05-10,70.59523809523809,70.59523809523809
2018-05-11,68.83333333333333,68.83333333333333
2018-05-12,65.83333333333333,65.83333333333333
2018-05-13,64.4047619047619,64.4047619047619
2018-05-14,64.19047619047619,64.19047619047619
2018-05-15,64.35714285714286,64.35714285714286
2018-05-16,65.57142857142857,65.57142857142857
2018-05-17,65.0952380952381,65.0952380952381
2018-05-18,65.34146341463415,65.34146341463415
2018-05-19,66.48780487804878,66.48780487804878
2018-05-20,66.90243902439025,66.90243902439025
2018-05-21,65.41463414634147,65.41463414634147
2018-05-22,64.9047619047619,64.9047619047619
2018-05-23,65.6190476190476,65.6190476190476
2018-05-24,66.5,66.5
2018-05-25,65.6829268292683,65.6829268292683
2018-05-26,64.36585365853658,64.36585365853658
2018-05-27,63.878048780487795,63.878048780487795
2018-05-28,67.48780487804878,67.48780487804878
2018-05-29,71.97560975609754,71.97560975609754
2018-05-30,72.85714285714286,72.85714285714286
2018-05-31,68.64285714285714,68.64285714285714
2018-06-01,65.85714285714286,65.85714285714286
2018-06-02,67.33333333333333,67.33333333333333
2018-06-03,72.83333333333333,72.83333333333333
2018-06-04,75.33333333333333,75.33333333333333
2018-06-05,73.69047619047619,73.69047619047619
2018-06-06,70.54761904761905,70.54761904761905
2018-06-07,69.73809523809524,69.73809523809524
2018-06-08,69.45238095238095,69.45238095238095
2018-06-09,71.16666666666667,71.16666666666667
2018-06-10,70.69047619047619,70.69047619047619
2018-06-11,69.39024390243902,69.39024390243902
2018-06-12,72.55,72.55
2018-06-13,75.63414634146342,75.63414634146342
2018-06-14,76.16666666666667,76.16666666666667
2018-06-15,73.97619047619048,73.97619047619048
2018-06-16,72.54761904761905,72.54761904761905
2018-06-17,68.5952380952381,68.5952380952381
2018-06-18,67.04761904761905,67.04761904761905
2018-06-19,69.23809523809524,69.23809523809524
2018-06-20,71.97619047619048,71.97619047619048
2018-06-21,73.12195121951221,73.12195121951221
2018-06-22,72.38095238095238,72.38095238095238
2018-06-23,74.66666666666667,74.66666666666667
2018-06-24,76.73809523809524,76.73809523809524
2018-06-25,75.16666666666667,75.16666666666667
2018-06-26,74.30952380952381,74.30952380952381
2018-06-27,73.28571428571429,73.28571428571429
2018-06-28,74.33333333333333,74.33333333333333
2018-06-29,73.07317073170732,73.07317073170732
2018-06-30,74.0,74.0
2018-07-01,75.92682926829268,75.92682926829268
2018-07-02,75.76190476190476,75.76190476190476
2018-07-03,75.09756097560975,75.09756097560975
2018-07-04,74.45238095238095,74.45238095238095
2018-07-05,73.69047619047619,73.69047619047619
2018-07-06,75.85714285714286,75.85714285714286
2018-07-07,78.4390243902439,78.4390243902439
2018-07-08,76.6829268292683,76.6829268292683
2018-07-09,77.8048780487805,77.8048780487805
2018-07-10,81.09756097560975,81.09756097560975
2018-07-11,79.92682926829268,79.92682926829268
2018-07-12,79.24390243902441,79.24390243902441
2018-07-13,78.70731707317074,78.70731707317074
2018-07-14,80.21428571428571,80.21428571428571
2018-07-15,76.40476190476191,76.40476190476191
2018-07-16,79.85365853658539,79.85365853658539
2018-07-17,77.30952380952381,77.30952380952381
2018-07-18,77.66666666666667,77.66666666666667
2018-07-19,80.04878048780488,80.04878048780488
2018-07-20,78.16666666666667,78.16666666666667
2018-07-21,77.33333333333333,77.33333333333333
2018-07-22,79.19047619047619,79.19047619047619
2018-07-23,77.85365853658539,77.85365853658539
2018-07-24,70.82926829268294,70.82926829268294
2018-07-25,71.61904761904762,71.61904761904762
2018-07-26,71.30952380952381,71.30952380952381
2018-07-27,70.0,70.0
2018-07-28,75.92857142857143,75.92857142857143
2018-07-29,77.04761904761905,77.04761904761905
2018-07-30,77.64285714285714,77.64285714285714
2018-07-31,73.95238095238095,73.95238095238095
2018-08-01,70.28571428571429,70.28571428571429
2018-08-02,76.61904761904762,76.61904761904762
2018-08-03,71.40476190476191,71.40476190476191
2018-08-04,75.3170731707317,75.3170731707317
2018-08-05,70.90243902439025,70.90243902439025
2018-08-06,71.125,71.125
2018-08-07,76.175,76.175
2018-08-08,72.70731707317074,72.70731707317074
2018-08-09,77.80952380952381,77.80952380952381
2018-08-10,78.78571428571429,78.78571428571429
2018-08-11,79.11904761904762,79.11904761904762
2018-08-12,77.425,77.425
2018-08-13,78.5,78.5
2018-08-14,75.02439024390246,75.02439024390246
2018-08-15,73.1951219512195,73.1951219512195
2018-08-16,77.60975609756099,77.60975609756099
2018-08-17,78.30952380952381,78.30952380952381
2018-08-18,79.14634146341461,79.14634146341461
2018-08-19,75.07317073170732,75.07317073170732
2018-08-20,74.92857142857143,74.92857142857143
2018-08-21,73.66666666666667,73.66666666666667
2018-08-22,74.30952380952381,74.30952380952381
2018-08-23,74.26190476190476,74.26190476190476
2018-08-24,73.95238095238095,73.95238095238095
2018-08-25,72.35714285714286,72.35714285714286
2018-08-26,72.61904761904762,72.61904761904762
2018-08-27,72.57142857142857,72.57142857142857
2018-08-28,73.64285714285714,73.64285714285714
2018-08-29,73.38095238095238,73.38095238095238
2018-08-30,74.54761904761905,74.54761904761905
2018-08-31,74.57142857142857,74.57142857142857
2018-09-01,74.02380952380952,74.02380952380952
2018-09-02,73.71428571428571,73.71428571428571
2018-09-03,74.70731707317074,74.70731707317074
2018-09-04,75.17073170731706,75.17073170731706
2018-09-05,75.02439024390246,75.02439024390246
2018-09-06,74.73809523809524,74.73809523809524
2018-09-07,74.36585365853658,74.36585365853658
2018-09-08,76.17073170731706,76.17073170731706
2018-09-09,75.33333333333333,75.33333333333333
2018-09-10,75.87804878048779,75.87804878048779
2018-09-11,74.92682926829268,74.92682926829268
2018-09-12,73.38095238095238,73.38095238095238
2018-09-13,71.73170731707317,71.73170731707317
2018-09-14,70.39024390243901,70.39024390243901
2018-09-15,71.36585365853658,71.36585365853658
2018-09-16,71.85365853658539,71.85365853658539
2018-09-17,71.24390243902441,71.24390243902441
2018-09-18,71.3170731707317,71.3170731707317
2018-09-19,70.41463414634147,70.41463414634147
2018-09-20,70.65853658536584,70.65853658536584
2018-09-21,72.51219512195122,72.51219512195122
2018-09-22,72.51219512195122,72.51219512195122
2018-09-23,73.80952380952381,73.80952380952381
2018-09-24,73.42857142857143,73.42857142857143
2018-09-25,71.26190476190476,71.26190476190476
2018-09-26,71.35714285714286,71.35714285714286
2018-09-27,73.04761904761905,73.04761904761905
2018-09-28,72.70731707317074,72.70731707317074
2018-09-29,72.175,72.175
2018-09-30,70.4390243902439,70.4390243902439
2018-10-01,71.17073170731706,71.17073170731706
2018-10-02,72.51219512195122,72.51219512195122
2018-10-03,72.51282051282051,72.51282051282051
2018-10-04,70.25,70.25
2018-10-05,68.2439024390244,68.2439024390244
2018-10-06,66.97560975609754,66.97560975609754
2018-10-07,67.04761904761905,67.04761904761905
2018-10-08,66.92857142857143,66.92857142857143
2018-10-09,66.64285714285714,66.64285714285714
2018-10-10,66.07142857142857,66.07142857142857
2018-10-11,64.5,64.5
2018-10-12,64.78571428571429,64.78571428571429
2018-10-13,66.92857142857143,66.92857142857143
2018-10-14,65.14285714285714,65.14285714285714
2018-10-15,64.5,64.5
2018-10-16,64.17073170731706,64.17073170731706
2018-10-17,62.714285714285715,62.714285714285715
2018-10-18,62.5952380952381,62.5952380952381
2018-10-19,64.21951219512195,64.21951219512195
2018-10-20,66.55,66.55
2018-10-21,66.7,66.7
2018-10-22,64.6,64.6
2018-10-23,64.21951219512195,64.21951219512195
2018-10-24,64.54761904761905,64.54761904761905
2018-10-25,64.65853658536585,64.65853658536585
2018-10-26,65.9047619047619,65.9047619047619
2018-10-27,67.3809523809524,67.3809523809524
2018-10-28,67.47619047619048,67.47619047619048
2018-10-29,66.30952380952381,66.30952380952381
2018-10-30,64.23809523809524,64.23809523809524
2018-10-31,62.42857142857143,62.42857142857143
2018-11-01,62.23809523809525,62.23809523809525
2018-11-02,64.80952380952381,64.80952380952381
2018-11-03,66.57142857142857,66.57142857142857
2018-11-04,66.30952380952381,66.30952380952381
2018-11-05,64.54761904761905,64.54761904761905
2018-11-06,63.214285714285715,63.214285714285715
2018-11-07,62.04878048780488,62.04878048780488
2018-11-08,61.42857142857143,61.42857142857143
2018-11-09,60.214285714285715,60.214285714285715
2018-11-10,58.0,58.0
2018-11-11,54.904761904761905,54.904761904761905
2018-11-12,55.42857142857143,55.42857142857143
2018-11-13,55.0952380952381,55.0952380952381
2018-11-14,54.73809523809525,54.73809523809525
2018-11-15,56.14285714285714,56.14285714285714
2018-11-16,55.61904761904761,55.61904761904761
2018-11-17,55.5952380952381,55.5952380952381
2018-11-18,54.547619047619044,54.547619047619044
2018-11-19,55.23809523809525,55.23809523809525
2018-11-20,54.30952380952381,54.30952380952381
2018-11-21,55.0,55.0
2018-11-22,56.14285714285714,56.14285714285714
2018-11-23,58.35714285714285,58.35714285714285
2018-11-24,57.487804878048784,57.487804878048784
2018-11-25,58.73170731707317,58.73170731707317
2018-11-26,57.90243902439025,57.90243902439025
2018-11-27,57.14285714285714,57.14285714285714
2018-11-28,56.57142857142857,56.57142857142857
2018-11-29,57.07142857142857,57.07142857142857
2018-11-30,56.5609756097561,56.5609756097561
2018-12-01,54.66666666666666,54.66666666666666
2018-12-02,51.71794871794872,51.71794871794872
2018-12-03,49.4102564102564,49.4102564102564
2018-12-04,49.85,49.85
2018-12-05,52.175,52.175
2018-12-06,50.825,50.825
2018-12-07,51.775,51.775
2018-12-08,52.825,52.825
2018-12-09,52.95,52.95
2018-12-10,52.475,52.475
2018-12-11,52.8,52.8
2018-12-12,52.475,52.475
2018-12-13,52.475,52.475
2018-12-14,52.73684210526316,52.73684210526316
2018-12-15,52.32432432432432,52.32432432432432
2018-12-16,53.51282051282051,53.51282051282051
2018-12-17,53.4,53.4
2018-12-18,54.081081081081074,54.081081081081074
2018-12-19,54.157894736842096,54.157894736842096
2018-12-20,54.875,54.875
2018-12-21,53.15,53.15
2018-12-22,54.384615384615394,54.384615384615394
2018-12-23,52.0,52.0
2018-12-24,52.97435897435897,52.97435897435897
2018-12-25,53.15,53.15
2018-12-26,52.025,52.025
2018-12-27,49.89743589743589,49.89743589743589
2018-12-28,48.56410256410256,48.56410256410256
2018-12-29,46.55,46.55
2018-12-30,45.475,45.475
2018-12-31,47.475,47.475
2019-01-01,43.84848484848485,43.84848484848485
2019-01-02,41.65714285714286,41.65714285714286
2019-01-03,41.82857142857143,41.82857142857143
2019-01-04,43.42857142857143,43.42857142857143
2019-01-05,45.085714285714296,45.085714285714296
2019-01-06,45.05714285714286,45.05714285714286
2019-01-07,46.411764705882355,46.411764705882355
2019-01-08,50.828571428571436,50.828571428571436
2019-01-09,52.714285714285715,52.714285714285715
2019-01-10,53.0,53.0
2019-01-11,50.828571428571436,50.828571428571436
2019-01-12,50.77777777777778,50.77777777777778
2019-01-13,50.828571428571436,50.828571428571436
2019-01-14,48.58333333333334,48.58333333333334
2019-01-15,47.828571428571436,47.828571428571436
2019-01-16,49.47222222222222,49.47222222222222
2019-01-17,53.771428571428565,53.771428571428565
2019-01-18,54.085714285714296,54.085714285714296
2019-01-19,53.42857142857143,53.42857142857143
2019-01-20,55.28571428571429,55.28571428571429
2019-01-21,54.085714285714296,54.085714285714296
2019-01-22,49.0,49.0
2019-01-23,47.485714285714295,47.485714285714295
2019-01-24,47.88235294117647,47.88235294117647
2019-01-25,50.8,50.8
2019-01-26,51.828571428571436,51.828571428571436
2019-01-27,52.5,52.5
2019-01-28,54.611111111111114,54.611111111111114
2019-01-29,54.08333333333334,54.08333333333334
2019-01-30,55.97222222222222,55.97222222222222
2019-01-31,54.75,54.75
2019-02-01,53.13888888888889,53.13888888888889
2019-02-02,52.05714285714286,52.05714285714286
2019-02-03,53.38235294117647,53.38235294117647
2019-02-04,51.361111111111114,51.361111111111114
2019-02-05,47.66666666666666,47.66666666666666
2019-02-06,43.34285714285714,43.34285714285714
2019-02-07,41.94285714285714,41.94285714285714
2019-02-08,41.22857142857143,41.22857142857143
2019-02-09,43.444444444444436,43.444444444444436
2019-02-10,45.58333333333334,45.58333333333334
2019-02-11,42.388888888888886,42.388888888888886
2019-02-12,41.77142857142857,41.77142857142857
2019-02-13,43.02857142857143,43.02857142857143
2019-02-14,50.441176470588225,50.441176470588225
2019-02-15,52.485714285714295,52.485714285714295
2019-02-16,47.57575757575758,47.57575757575758
2019-02-17,46.33333333333334,46.33333333333334
2019-02-18,43.65714285714286,43.65714285714286
2019-02-19,42.75,42.75
2019-02-20,41.77142857142857,41.77142857142857
2019-02-21,43.4,43.4
2019-02-22,42.638888888888886,42.638888888888886
2019-02-23,42.37142857142858,42.37142857142858
2019-02-24,43.52777777777778,43.52777777777778
2019-02-25,47.88888888888889,47.88888888888889
2019-02-26,51.38888888888889,51.38888888888889
2019-02-27,52.13888888888889,52.13888888888889
2019-02-28,54.41666666666666,54.41666666666666
2019-03-01,54.194444444444436,54.194444444444436
2019-03-02,53.42857142857143,53.42857142857143
2019-03-03,55.05714285714286,55.05714285714286
2019-03-04,55.371428571428574,55.371428571428574
2019-03-05,53.029411764705884,53.029411764705884
2019-03-06,52.4,52.4
2019-03-07,55.75,55.75
2019-03-08,52.02777777777778,52.02777777777778
2019-03-09,48.5,48.5
2019-03-10,46.72222222222222,46.72222222222222
2019-03-11,49.02777777777778,49.02777777777778
2019-03-12,50.25,50.25
2019-03-13,52.38888888888889,52.38888888888889
2019-03-14,50.05714285714286,50.05714285714286
2019-03-15,50.611111111111114,50.611111111111114
2019-03-16,52.72222222222222,52.72222222222222
2019-03-17,55.52777777777778,55.52777777777778
2019-03-18,58.361111111111114,58.361111111111114
2019-03-19,59.88888888888889,59.88888888888889
2019-03-20,59.47222222222222,59.47222222222222
2019-03-21,55.13888888888889,55.13888888888889
2019-03-22,52.944444444444436,52.944444444444436
2019-03-23,51.83333333333334,51.83333333333334
2019-03-24,54.47222222222222,54.47222222222222
2019-03-25,53.91666666666666,53.91666666666666
2019-03-26,56.055555555555564,56.055555555555564
2019-03-27,57.08333333333334,57.08333333333334
2019-03-28,57.97222222222222,57.97222222222222
2019-03-29,55.444444444444436,55.444444444444436
2019-03-30,54.72222222222222,54.72222222222222
2019-03-31,56.5,56.5
2019-04-01,59.38888888888889,59.38888888888889
2019-04-02,61.16666666666666,61.16666666666666
2019-04-03,59.94285714285714,59.94285714285714
2019-04-04,58.0,58.0
2019-04-05,57.861111111111114,57.861111111111114
2019-04-06,57.194444444444436,57.194444444444436
2019-04-07,59.805555555555564,59.805555555555564
2019-04-08,64.16666666666667,64.16666666666667
2019-04-09,65.97222222222223,65.97222222222223
2019-04-10,60.444444444444436,60.444444444444436
2019-04-11,58.194444444444436,58.194444444444436
2019-04-12,57.0,57.0
2019-04-13,58.694444444444436,58.694444444444436
2019-04-14,60.38888888888889,60.38888888888889
2019-04-15,61.27777777777778,61.27777777777778
2019-04-16,58.38888888888889,58.38888888888889
2019-04-17,57.57142857142857,57.57142857142857
2019-04-18,61.0,61.0
2019-04-19,66.16666666666667,66.16666666666667
2019-04-20,66.94285714285714,66.94285714285714
2019-04-21,61.771428571428565,61.771428571428565
2019-04-22,60.16666666666666,60.16666666666666
2019-04-23,63.83333333333334,63.83333333333334
2019-04-24,69.05714285714286,69.05714285714286
2019-04-25,70.4,70.4
2019-04-26,71.30555555555556,71.30555555555556
2019-04-27,70.0,70.0
2019-04-28,67.69444444444444,67.69444444444444
2019-04-29,66.44444444444444,66.44444444444444
2019-04-30,62.8,62.8
2019-05-01,60.371428571428574,60.371428571428574
2019-05-02,60.66666666666666,60.66666666666666
2019-05-03,62.58333333333334,62.58333333333334
2019-05-04,64.6111111111111,64.6111111111111
2019-05-05,65.55555555555556,65.55555555555556
2019-05-06,63.27777777777778,63.27777777777778
2019-05-07,62.14285714285714,62.14285714285714
2019-05-08,63.694444444444436,63.694444444444436
2019-05-09,65.65714285714286,65.65714285714286
2019-05-10,65.08823529411765,65.08823529411765
2019-05-11,63.558823529411775,63.558823529411775
2019-05-12,66.52941176470588,66.52941176470588
2019-05-13,68.11428571428571,68.11428571428571
2019-05-14,68.4,68.4
2019-05-15,67.25714285714285,67.25714285714285
2019-05-16,64.70588235294117,64.70588235294117
2019-05-17,58.558823529411775,58.558823529411775
2019-05-18,58.352941176470594,58.352941176470594
2019-05-19,57.08823529411765,57.08823529411765
2019-05-20,55.75757575757576,55.75757575757576
2019-05-21,57.67647058823529,57.67647058823529
2019-05-22,57.6969696969697,57.6969696969697
2019-05-23,59.029411764705884,59.029411764705884
2019-05-24,61.66666666666666,61.66666666666666
2019-05-25,63.25714285714286,63.25714285714286
2019-05-26,63.25714285714286,63.25714285714286
2019-05-27,56.714285714285715,56.714285714285715
2019-05-28,58.352941176470594,58.352941176470594
2019-05-29,63.735294117647065,63.735294117647065
2019-05-30,68.08823529411765,68.08823529411765
2019-05-31,68.71428571428571,68.71428571428571
2019-06-01,69.51428571428572,69.51428571428572
2019-06-02,70.97142857142858,70.97142857142858
2019-06-03,70.34285714285714,70.34285714285714
2019-06-04,72.22857142857143,72.22857142857143
2019-06-05,75.31428571428572,75.31428571428572
2019-06-06,76.97142857142858,76.97142857142858
2019-06-07,72.54285714285714,72.54285714285714
2019-06-08,67.28571428571429,67.28571428571429
2019-06-09,69.54285714285714,69.54285714285714
2019-06-10,74.68571428571428,74.68571428571428
2019-06-11,79.05714285714286,79.05714285714286
2019-06-12,81.34285714285714,81.34285714285714
2019-06-13,81.38235294117645,81.38235294117645
2019-06-14,76.68571428571428,76.68571428571428
2019-06-15,74.65714285714286,74.65714285714286
2019-06-16,73.54285714285714,73.54285714285714
2019-06-17,73.48571428571428,73.48571428571428
2019-06-18,75.2,75.2
2019-06-19,77.62857142857143,77.62857142857143
2019-06-20,77.79411764705883,77.79411764705883
2019-06-21,72.68571428571428,72.68571428571428
2019-06-22,70.55882352941177,70.55882352941177
2019-06-23,73.0,73.0
2019-06-24,74.79411764705883,74.79411764705883
2019-06-25,74.79411764705883,74.79411764705883
2019-06-26,73.54285714285714,73.54285714285714
2019-06-27,71.45833333333333,71.45833333333333
2019-06-28,68.8,68.8
2019-06-29,70.2,70.2
2019-06-30,71.75757575757575,71.75757575757575
2019-07-01,74.38235294117645,74.38235294117645
2019-07-02,74.14285714285714,74.14285714285714
2019-07-03,73.8529411764706,73.8529411764706
2019-07-04,73.27272727272727,73.27272727272727
2019-07-05,73.96969696969697,73.96969696969697
2019-07-06,75.625,75.625
2019-07-07,76.48387096774194,76.48387096774194
2019-07-08,73.7,73.7
2019-07-09,72.03225806451613,72.03225806451613
2019-07-10,72.96774193548387,72.96774193548387
2019-07-11,76.29032258064517,76.29032258064517
2019-07-12,78.4193548387097,78.4193548387097
2019-07-13,80.2,80.2
2019-07-14,80.7,80.7
2019-07-15,77.33333333333333,77.33333333333333
2019-07-16,77.03333333333333,77.03333333333333
2019-07-17,78.29032258064517,78.29032258064517
2019-07-18,77.19354838709677,77.19354838709677
2019-07-19,77.64516129032258,77.64516129032258
2019-07-20,76.51612903225806,76.51612903225806
2019-07-21,76.25806451612904,76.25806451612904
2019-07-22,78.2,78.2
2019-07-23,81.06666666666666,81.06666666666666
2019-07-24,82.63333333333334,82.63333333333334
2019-07-25,82.40625,82.40625
2019-07-26,82.59375,82.59375
2019-07-27,80.03125,80.03125
2019-07-28,74.375,74.375
2019-07-29,77.7741935483871,77.7741935483871
2019-07-30,78.21875,78.21875
2019-07-31,78.21875,78.21875
2019-08-01,78.2258064516129,78.2258064516129
2019-08-02,77.77142857142857,77.77142857142857
2019-08-03,75.8,75.8
2019-08-04,77.6,77.6
2019-08-05,78.22857142857143,78.22857142857143
2019-08-06,75.48571428571428,75.48571428571428
2019-08-07,79.02857142857142,79.02857142857142
2019-08-08,79.37142857142857,79.37142857142857
2019-08-09,76.68571428571428,76.68571428571428
2019-08-10,74.85714285714286,74.85714285714286
2019-08-11,73.34285714285714,73.34285714285714
2019-08-12,73.62857142857143,73.62857142857143
2019-08-13,76.37142857142857,76.37142857142857
2019-08-14,78.62857142857143,78.62857142857143
2019-08-15,81.51428571428572,81.51428571428572
2019-08-16,77.57142857142857,77.57142857142857
2019-08-17,81.77142857142857,81.77142857142857
2019-08-18,77.57142857142857,77.57142857142857
2019-08-19,75.2,75.2
2019-08-20,74.88571428571429,74.88571428571429
2019-08-21,76.17142857142858,76.17142857142858
2019-08-22,77.57142857142857,77.57142857142857
2019-08-23,79.08571428571429,79.08571428571429
2019-08-24,79.02857142857142,79.02857142857142
2019-08-25,79.6,79.6
2019-08-26,80.88571428571429,80.88571428571429
2019-08-27,82.17142857142858,82.17142857142858
2019-08-28,82.37142857142857,82.37142857142857
2019-08-29,80.62857142857143,80.62857142857143
2019-08-30,79.17142857142858,79.17142857142858
2019-08-31,78.74285714285716,78.74285714285716
2019-09-01,79.40625,79.40625
2019-09-02,79.52941176470588,79.52941176470588
2019-09-03,80.55882352941177,80.55882352941177
2019-09-04,79.73529411764707,79.73529411764707
2019-09-05,80.51612903225806,80.51612903225806
2019-09-06,80.25806451612904,80.25806451612904
2019-09-07,79.0,79.0
2019-09-08,75.41176470588233,75.41176470588233
2019-09-09,70.91176470588233,70.91176470588233
2019-09-10,70.91176470588233,70.91176470588233
2019-09-11,69.29411764705883,69.29411764705883
2019-09-12,70.79411764705883,70.79411764705883
2019-09-13,74.58823529411767,74.58823529411767
2019-09-14,77.52941176470588,77.52941176470588
2019-09-15,77.93939393939394,77.93939393939394
2019-09-16,75.54545454545455,75.54545454545455
2019-09-17,70.51515151515152,70.51515151515152
2019-09-18,68.18181818181819,68.18181818181819
2019-09-19,68.23529411764707,68.23529411764707
2019-09-20,67.26470588235293,67.26470588235293
2019-09-21,68.0,68.0
2019-09-22,70.02941176470588,70.02941176470588
2019-09-23,70.94117647058823,70.94117647058823
2019-09-24,72.1470588235294,72.1470588235294
2019-09-25,75.73529411764707,75.73529411764707
2019-09-26,77.76470588235293,77.76470588235293
2019-09-27,74.05882352941177,74.05882352941177
2019-09-28,69.20588235294117,69.20588235294117
2019-09-29,63.147058823529406,63.147058823529406
2019-09-30,58.20588235294117,58.20588235294117
2019-10-01,57.88235294117647,57.88235294117647
2019-10-02,58.147058823529406,58.147058823529406
2019-10-03,60.38235294117647,60.38235294117647
2019-10-04,62.61764705882353,62.61764705882353
2019-10-05,62.147058823529406,62.147058823529406
2019-10-06,64.11764705882354,64.11764705882354
2019-10-07,67.67647058823529,67.67647058823529
2019-10-08,69.11764705882354,69.11764705882354
2019-10-09,68.52941176470588,68.52941176470588
2019-10-10,64.29411764705883,64.29411764705883
2019-10-11,60.558823529411775,60.558823529411775
2019-10-12,60.096774193548384,60.096774193548384
2019-10-13,60.548387096774185,60.548387096774185
2019-10-14,60.36363636363637,60.36363636363637
2019-10-15,60.75,60.75
2019-10-16,63.06060606060606,63.06060606060606
2019-10-17,64.08823529411765,64.08823529411765
2019-10-18,62.852941176470594,62.852941176470594
2019-10-19,60.735294117647065,60.735294117647065
2019-10-20,60.411764705882355,60.411764705882355
2019-10-21,62.647058823529406,62.647058823529406
2019-10-22,65.94117647058823,65.94117647058823
2019-10-23,67.76470588235293,67.76470588235293
2019-10-24,68.29411764705883,68.29411764705883
2019-10-25,68.85294117647061,68.85294117647061
2019-10-26,67.47058823529412,67.47058823529412
2019-10-27,65.11764705882354,65.11764705882354
2019-10-28,58.36363636363637,58.36363636363637
2019-10-29,53.18181818181818,53.18181818181818
2019-10-30,52.6969696969697,52.6969696969697
2019-10-31,50.63636363636363,50.63636363636363
2019-11-01,51.411764705882355,51.411764705882355
2019-11-02,53.78787878787879,53.78787878787879
2019-11-03,56.96969696969697,56.96969696969697
2019-11-04,58.45454545454545,58.45454545454545
2019-11-05,59.63636363636363,59.63636363636363
2019-11-06,59.96969696969697,59.96969696969697
2019-11-07,60.78787878787879,60.78787878787879
2019-11-08,59.970588235294116,59.970588235294116
2019-11-09,61.147058823529406,61.147058823529406
2019-11-10,60.852941176470594,60.852941176470594
2019-11-11,60.20588235294117,60.20588235294117
2019-11-12,60.82352941176471,60.82352941176471
2019-11-13,61.058823529411775,61.058823529411775
2019-11-14,59.235294117647065,59.235294117647065
2019-11-15,59.970588235294116,59.970588235294116
2019-11-16,59.11764705882353,59.11764705882353
2019-11-17,59.31428571428572,59.31428571428572
2019-11-18,61.171428571428564,61.171428571428564
2019-11-19,61.542857142857144,61.542857142857144
2019-11-20,59.171428571428564,59.171428571428564
2019-11-21,53.61764705882353,53.61764705882353
2019-11-22,51.529411764705884,51.529411764705884
2019-11-23,51.558823529411775,51.558823529411775
2019-11-24,53.31428571428572,53.31428571428572
2019-11-25,52.88571428571429,52.88571428571429
2019-11-26,50.62857142857143,50.62857142857143
2019-11-27,44.94285714285714,44.94285714285714
2019-11-28,44.94285714285714,44.94285714285714
2019-11-29,42.2,42.2
2019-11-30,41.51428571428571,41.51428571428571
2019-12-01,41.2258064516129,41.2258064516129
2019-12-02,47.70967741935484,47.70967741935484
2019-12-03,51.26666666666666,51.26666666666666
2019-12-04,51.12903225806453,51.12903225806453
2019-12-05,50.911764705882355,50.911764705882355
2019-12-06,52.352941176470594,52.352941176470594
2019-12-07,54.0,54.0
2019-12-08,56.17647058823529,56.17647058823529
2019-12-09,53.20588235294117,53.20588235294117
2019-12-10,50.735294117647065,50.735294117647065
2019-12-11,49.029411764705884,49.029411764705884
2019-12-12,50.735294117647065,50.735294117647065
2019-12-13,55.647058823529406,55.647058823529406
2019-12-14,54.441176470588225,54.441176470588225
2019-12-15,51.20588235294117,51.20588235294117
2019-12-16,46.529411764705884,46.529411764705884
2019-12-17,44.852941176470594,44.852941176470594
2019-12-18,44.58823529411765,44.58823529411765
2019-12-19,45.32352941176471,45.32352941176471
2019-12-20,47.5,47.5
2019-12-21,50.08823529411765,50.08823529411765
2019-12-22,50.235294117647065,50.235294117647065
2019-12-23,48.647058823529406,48.647058823529406
2019-12-24,45.88235294117647,45.88235294117647
2019-12-25,44.58823529411765,44.58823529411765
2019-12-26,45.352941176470594,45.352941176470594
2019-12-27,43.911764705882355,43.911764705882355
2019-12-28,43.352941176470594,43.352941176470594
2019-12-29,44.29411764705883,44.29411764705883
2019-12-30,44.441176470588225,44.441176470588225
2019-12-31,46.20588235294117,46.20588235294117
2020-01-01,49.425,49.425
2020-01-02,49.8,49.8
2020-01-03,50.7,50.7
2020-01-04,50.9,50.9
2020-01-05,50.5,50.5
2020-01-06,48.85,48.85
2020-01-07,49.775,49.775
2020-01-08,47.15,47.15
2020-01-09,47.375,47.375
2020-01-10,46.925,46.925
2020-01-11,46.225,46.225
2020-01-12,46.925,46.925
2020-01-13,45.225,45.225
2020-01-14,46.69230769230769,46.69230769230769
2020-01-15,46.4102564102564,46.4102564102564
2020-01-16,44.51282051282051,44.51282051282051
2020-01-17,45.875,45.875
2020-01-18,45.85,45.85
2020-01-19,47.175,47.175
2020-01-20,48.45,48.45
2020-01-21,50.25,50.25
2020-01-22,50.75,50.75
2020-01-23,52.225,52.225
2020-01-24,52.35,52.35
2020-01-25,53.65,53.65
2020-01-26,54.25,54.25
2020-01-27,54.3,54.3
2020-01-28,53.45,53.45
2020-01-29,52.7,52.7
2020-01-30,52.1,52.1
2020-01-31,53.925,53.925
2020-02-01,55.175,55.175
2020-02-02,55.5,55.5
2020-02-03,51.125,51.125
2020-02-04,45.3,45.3
2020-02-05,42.725,42.725
2020-02-06,45.2,45.2
2020-02-07,49.975,49.975
2020-02-08,51.425,51.425
2020-02-09,51.125,51.125
2020-02-10,50.6,50.6
2020-02-11,53.1,53.1
2020-02-12,52.825,52.825
2020-02-13,50.85,50.85
2020-02-14,50.15,50.15
2020-02-15,51.12820512820514,51.12820512820514
2020-02-16,51.43589743589744,51.43589743589744
2020-02-17,54.282051282051285,54.282051282051285
2020-02-18,54.10256410256411,54.10256410256411
2020-02-19,52.71794871794872,52.71794871794872
2020-02-20,52.051282051282044,52.051282051282044
2020-02-21,53.82051282051282,53.82051282051282
2020-02-22,56.051282051282044,56.051282051282044
2020-02-23,54.66666666666666,54.66666666666666
2020-02-24,53.384615384615394,53.384615384615394
2020-02-25,54.769230769230774,54.769230769230774
2020-02-26,57.1,57.1
2020-02-27,57.075,57.075
2020-02-28,58.25,58.25
2020-02-29,60.3,60.3
2020-03-01,55.25,55.25
2020-03-02,51.7,51.7
2020-03-03,53.615384615384606,53.615384615384606
2020-03-04,57.846153846153854,57.846153846153854
2020-03-05,57.9,57.9
2020-03-06,58.125,58.125
2020-03-07,57.575,57.575
2020-03-08,53.425,53.425
2020-03-09,51.825,51.825
2020-03-10,54.95,54.95
2020-03-11,57.275,57.275
2020-03-12,58.725,58.725
2020-03-13,57.025,57.025
2020-03-14,54.625,54.625
2020-03-15,52.925,52.925
2020-03-16,51.56410256410256,51.56410256410256
2020-03-17,49.69230769230769,49.69230769230769
2020-03-18,48.342105263157904,48.342105263157904
2020-03-19,48.153846153846146,48.153846153846146
2020-03-20,49.7,49.7
2020-03-21,50.975,50.975
2020-03-22,53.525,53.525
2020-03-23,55.175,55.175
2020-03-24,54.75,54.75
2020-03-25,52.4,52.4
2020-03-26,50.8,50.8
2020-03-27,48.3,48.3
2020-03-28,48.75,48.75
2020-03-29,51.125,51.125
2020-03-30,54.425,54.425
2020-03-31,56.25,56.25
2020-04-01,58.55,58.55
2020-04-02,56.125,56.125
2020-04-03,55.025,55.025
2020-04-04,53.975,53.975
2020-04-05,53.71794871794872,53.71794871794872
2020-04-06,53.775,53.775
2020-04-07,52.35,52.35
2020-04-08,54.025,54.025
2020-04-09,54.75,54.75
2020-04-10,54.25,54.25
2020-04-11,55.69230769230769,55.69230769230769
2020-04-12,57.475,57.475
2020-04-13,58.575,58.575
