DATE,TX,T_WA
2015-01-01,35.9625,35.9625
2015-01-02,36.425,36.425
2015-01-03,40.481481481481474,40.481481481481474
2015-01-04,46.69135802469136,46.69135802469136
2015-01-05,39.85185185185185,39.85185185185185
2015-01-06,39.913580246913575,39.913580246913575
2015-01-07,48.444444444444436,48.444444444444436
2015-01-08,40.53086419753087,40.53086419753087
2015-01-09,32.8780487804878,32.8780487804878
2015-01-10,36.329268292682926,36.329268292682926
2015-01-11,35.77777777777778,35.77777777777778
2015-01-12,43.04938271604939,43.04938271604939
2015-01-13,42.85365853658536,42.85365853658536
2015-01-14,38.42682926829269,38.42682926829269
2015-01-15,39.25609756097561,39.25609756097561
2015-01-16,45.555555555555564,45.555555555555564
2015-01-17,47.4375,47.4375
2015-01-18,53.641975308641975,53.641975308641975
2015-01-19,53.45679012345679,53.45679012345679
2015-01-20,55.775,55.775
2015-01-21,57.65432098765432,57.65432098765432
2015-01-22,53.6625,53.6625
2015-01-23,46.41772151898734,46.41772151898734
2015-01-24,42.29113924050633,42.29113924050633
2015-01-25,46.69135802469136,46.69135802469136
2015-01-26,52.9390243902439,52.9390243902439
2015-01-27,54.425,54.425
2015-01-28,60.914634146341456,60.914634146341456
2015-01-29,62.15853658536585,62.15853658536585
2015-01-30,60.34146341463415,60.34146341463415
2015-01-31,52.185185185185176,52.185185185185176
2015-02-01,53.585365853658544,53.585365853658544
2015-02-02,55.37037037037037,55.37037037037037
2015-02-03,41.66666666666666,41.66666666666666
2015-02-04,44.518518518518526,44.518518518518526
2015-02-05,50.216867469879524,50.216867469879524
2015-02-06,43.04878048780488,43.04878048780488
2015-02-07,49.207317073170735,49.207317073170735
2015-02-08,57.28048780487804,57.28048780487804
2015-02-09,64.1358024691358,64.1358024691358
2015-02-10,63.121951219512205,63.121951219512205
2015-02-11,61.536585365853654,61.536585365853654
2015-02-12,59.209876543209866,59.209876543209866
2015-02-13,51.378048780487795,51.378048780487795
2015-02-14,53.89024390243903,53.89024390243903
2015-02-15,59.71084337349398,59.71084337349398
2015-02-16,61.036144578313255,61.036144578313255
2015-02-17,48.325301204819276,48.325301204819276
2015-02-18,42.951807228915655,42.951807228915655
2015-02-19,46.87951807228915,46.87951807228915
2015-02-20,51.89156626506024,51.89156626506024
2015-02-21,63.09638554216868,63.09638554216868
2015-02-22,63.21951219512196,63.21951219512196
2015-02-23,48.839506172839506,48.839506172839506
2015-02-24,33.58441558441559,33.58441558441559
2015-02-25,34.292682926829265,34.292682926829265
2015-02-26,46.121951219512205,46.121951219512205
2015-02-27,41.365853658536594,41.365853658536594
2015-02-28,34.20731707317073,34.20731707317073
2015-03-01,36.518518518518526,36.518518518518526
2015-03-02,43.09859154929577,43.09859154929577
2015-03-03,44.40579710144928,44.40579710144928
2015-03-04,55.27272727272727,55.27272727272727
2015-03-05,50.71951219512196,50.71951219512196
2015-03-06,38.22784810126582,38.22784810126582
2015-03-07,41.207317073170735,41.207317073170735
2015-03-08,48.378048780487795,48.378048780487795
2015-03-09,52.139240506329116,52.139240506329116
2015-03-10,54.09876543209877,54.09876543209877
2015-03-11,55.6829268292683,55.6829268292683
2015-03-12,56.12048192771085,56.12048192771085
2015-03-13,58.722891566265055,58.722891566265055
2015-03-14,60.66265060240964,60.66265060240964
2015-03-15,61.87951807228915,61.87951807228915
2015-03-16,59.89156626506024,59.89156626506024
2015-03-17,63.19277108433735,63.19277108433735
2015-03-18,66.72289156626506,66.72289156626506
2015-03-19,64.80722891566265,64.80722891566265
2015-03-20,68.27710843373494,68.27710843373494
2015-03-21,63.39759036144578,63.39759036144578
2015-03-22,59.674698795180724,59.674698795180724
2015-03-23,64.08433734939759,64.08433734939759
2015-03-24,65.44578313253011,65.44578313253011
2015-03-25,69.83132530120481,69.83132530120481
2015-03-26,70.03658536585365,70.03658536585365
2015-03-27,58.71084337349398,58.71084337349398
2015-03-28,59.22891566265061,59.22891566265061
2015-03-29,65.63855421686748,65.63855421686748
2015-03-30,69.56626506024097,69.56626506024097
2015-03-31,69.71951219512195,69.71951219512195
2015-04-01,72.2125,72.2125
2015-04-02,73.144578313253,73.144578313253
2015-04-03,76.0,76.0
2015-04-04,70.55421686746988,70.55421686746988
2015-04-05,61.40963855421687,61.40963855421687
2015-04-06,63.20481927710844,63.20481927710844
2015-04-07,72.96385542168673,72.96385542168673
2015-04-08,76.04878048780488,76.04878048780488
2015-04-09,74.48780487804878,74.48780487804878
2015-04-10,75.01204819277109,75.01204819277109
2015-04-11,65.67469879518072,65.67469879518072
2015-04-12,66.8433734939759,66.8433734939759
2015-04-13,72.19277108433734,72.19277108433734
2015-04-14,70.12195121951221,70.12195121951221
2015-04-15,62.73170731707317,62.73170731707317
2015-04-16,66.57317073170732,66.57317073170732
2015-04-17,71.34939759036145,71.34939759036145
2015-04-18,69.33734939759036,69.33734939759036
2015-04-19,68.9753086419753,68.9753086419753
2015-04-20,69.4,69.4
2015-04-21,62.33333333333334,62.33333333333334
2015-04-22,65.39759036144578,65.39759036144578
2015-04-23,71.89156626506023,71.89156626506023
2015-04-24,74.43209876543209,74.43209876543209
2015-04-25,73.50602409638554,73.50602409638554
2015-04-26,74.51219512195122,74.51219512195122
2015-04-27,73.92682926829268,73.92682926829268
2015-04-28,68.68674698795179,68.68674698795179
2015-04-29,58.536585365853654,58.536585365853654
2015-04-30,61.365853658536594,61.365853658536594
2015-05-01,65.24096385542168,65.24096385542168
2015-05-02,68.43373493975903,68.43373493975903
2015-05-03,69.62195121951221,69.62195121951221
2015-05-04,71.50602409638554,71.50602409638554
2015-05-05,73.83132530120481,73.83132530120481
2015-05-06,73.07228915662652,73.07228915662652
2015-05-07,76.59756097560975,76.59756097560975
2015-05-08,77.10975609756099,77.10975609756099
2015-05-09,78.0609756097561,78.0609756097561
2015-05-10,78.89156626506023,78.89156626506023
2015-05-11,76.41463414634147,76.41463414634147
2015-05-12,70.93975903614458,70.93975903614458
2015-05-13,67.87951807228916,67.87951807228916
2015-05-14,69.8433734939759,69.8433734939759
2015-05-15,75.97590361445782,75.97590361445782
2015-05-16,74.34939759036145,74.34939759036145
2015-05-17,77.51219512195122,77.51219512195122
2015-05-18,74.58536585365853,74.58536585365853
2015-05-19,78.6829268292683,78.6829268292683
2015-05-20,78.73170731707317,78.73170731707317
2015-05-21,76.48148148148148,76.48148148148148
2015-05-22,67.1566265060241,67.1566265060241
2015-05-23,70.31325301204821,70.31325301204821
2015-05-24,76.09756097560975,76.09756097560975
2015-05-25,73.72289156626506,73.72289156626506
2015-05-26,74.08536585365853,74.08536585365853
2015-05-27,75.98780487804878,75.98780487804878
2015-05-28,77.41463414634147,77.41463414634147
2015-05-29,78.08536585365853,78.08536585365853
2015-05-30,75.43373493975903,75.43373493975903
2015-05-31,74.53658536585365,74.53658536585365
2015-06-01,73.4390243902439,73.4390243902439
2015-06-02,75.44578313253012,75.44578313253012
2015-06-03,78.1829268292683,78.1829268292683
2015-06-04,79.26829268292683,79.26829268292683
2015-06-05,79.63855421686749,79.63855421686749
2015-06-06,79.86746987951805,79.86746987951805
2015-06-07,80.26829268292683,80.26829268292683
2015-06-08,80.49382716049381,80.49382716049381
2015-06-09,81.725,81.725
2015-06-10,82.26829268292683,82.26829268292683
2015-06-11,82.81927710843374,82.81927710843374
2015-06-12,83.36144578313251,83.36144578313251
2015-06-13,83.66265060240964,83.66265060240964
2015-06-14,82.01204819277109,82.01204819277109
2015-06-15,80.98795180722891,80.98795180722891
2015-06-16,81.26506024096386,81.26506024096386
2015-06-17,79.07594936708861,79.07594936708861
2015-06-18,79.41558441558442,79.41558441558442
2015-06-19,81.51807228915663,81.51807228915663
2015-06-20,81.59756097560975,81.59756097560975
2015-06-21,80.78313253012048,80.78313253012048
2015-06-22,81.69879518072291,81.69879518072291
2015-06-23,81.93975903614458,81.93975903614458
2015-06-24,82.33734939759036,82.33734939759036
2015-06-25,82.5421686746988,82.5421686746988
2015-06-26,83.12048192771084,83.12048192771084
2015-06-27,83.69879518072291,83.69879518072291
2015-06-28,81.01219512195122,81.01219512195122
2015-06-29,80.855421686747,80.855421686747
2015-06-30,82.92771084337348,82.92771084337348
2015-07-01,81.37804878048779,81.37804878048779
2015-07-02,80.5,80.5
2015-07-03,81.0,81.0
2015-07-04,82.64197530864197,82.64197530864197
2015-07-05,83.35365853658539,83.35365853658539
2015-07-06,83.725,83.725
2015-07-07,84.5875,84.5875
2015-07-08,82.7375,82.7375
2015-07-09,82.37804878048779,82.37804878048779
2015-07-10,83.24390243902441,83.24390243902441
2015-07-11,82.8170731707317,82.8170731707317
2015-07-12,83.08641975308642,83.08641975308642
2015-07-13,84.19753086419753,84.19753086419753
2015-07-14,85.32926829268294,85.32926829268294
2015-07-15,85.08536585365853,85.08536585365853
2015-07-16,84.2962962962963,84.2962962962963
2015-07-17,84.70731707317074,84.70731707317074
2015-07-18,85.62195121951221,85.62195121951221
2015-07-19,86.85365853658537,86.85365853658537
2015-07-20,86.22222222222223,86.22222222222223
2015-07-21,86.3780487804878,86.3780487804878
2015-07-22,85.67073170731706,85.67073170731706
2015-07-23,86.54320987654322,86.54320987654322
2015-07-24,86.91358024691358,86.91358024691358
2015-07-25,86.64556962025316,86.64556962025316
2015-07-26,86.62962962962963,86.62962962962963
2015-07-27,87.07407407407408,87.07407407407408
2015-07-28,87.41975308641976,87.41975308641976
2015-07-29,87.30864197530865,87.30864197530865
2015-07-30,86.80246913580245,86.80246913580245
2015-07-31,86.87654320987656,86.87654320987656
2015-08-01,86.78048780487805,86.78048780487805
2015-08-02,84.97560975609754,84.97560975609754
2015-08-03,85.28395061728395,85.28395061728395
2015-08-04,85.45679012345678,85.45679012345678
2015-08-05,86.48148148148148,86.48148148148148
2015-08-06,88.77777777777777,88.77777777777777
2015-08-07,89.1829268292683,89.1829268292683
2015-08-08,88.73493975903614,88.73493975903614
2015-08-09,88.77108433734942,88.77108433734942
2015-08-10,88.75609756097559,88.75609756097559
2015-08-11,88.45121951219512,88.45121951219512
2015-08-12,88.28048780487805,88.28048780487805
2015-08-13,88.1341463414634,88.1341463414634
2015-08-14,87.71951219512195,87.71951219512195
2015-08-15,86.8780487804878,86.8780487804878
2015-08-16,85.45121951219512,85.45121951219512
2015-08-17,83.84146341463416,83.84146341463416
2015-08-18,84.03658536585365,84.03658536585365
2015-08-19,86.58536585365853,86.58536585365853
2015-08-20,83.82278481012658,83.82278481012658
2015-08-21,76.3048780487805,76.3048780487805
2015-08-22,81.87804878048779,81.87804878048779
2015-08-23,86.26829268292683,86.26829268292683
2015-08-24,86.56097560975608,86.56097560975608
2015-08-25,85.35365853658539,85.35365853658539
2015-08-26,84.40243902439025,84.40243902439025
2015-08-27,82.8641975308642,82.8641975308642
2015-08-28,82.65,82.65
2015-08-29,82.27160493827161,82.27160493827161
2015-08-30,81.71951219512195,81.71951219512195
2015-08-31,81.90123456790123,81.90123456790123
2015-09-01,81.8170731707317,81.8170731707317
2015-09-02,81.77108433734941,81.77108433734941
2015-09-03,81.96385542168673,81.96385542168673
2015-09-04,82.66265060240964,82.66265060240964
2015-09-05,84.47560975609754,84.47560975609754
2015-09-06,85.75903614457832,85.75903614457832
2015-09-07,86.3170731707317,86.3170731707317
2015-09-08,86.40963855421688,86.40963855421688
2015-09-09,86.144578313253,86.144578313253
2015-09-10,81.9390243902439,81.9390243902439
2015-09-11,82.59756097560975,82.59756097560975
2015-09-12,81.3625,81.3625
2015-09-13,77.13924050632913,77.13924050632913
2015-09-14,77.23456790123456,77.23456790123456
2015-09-15,77.5,77.5
2015-09-16,80.4375,80.4375
2015-09-17,82.74074074074075,82.74074074074075
2015-09-18,83.64197530864197,83.64197530864197
2015-09-19,83.82716049382717,83.82716049382717
2015-09-20,80.78481012658227,80.78481012658227
2015-09-21,79.4,79.4
2015-09-22,80.775,80.775
2015-09-23,81.23170731707317,81.23170731707317
2015-09-24,79.63855421686749,79.63855421686749
2015-09-25,77.83132530120481,77.83132530120481
2015-09-26,79.51219512195122,79.51219512195122
2015-09-27,78.12048192771084,78.12048192771084
2015-09-28,76.48780487804878,76.48780487804878
2015-09-29,76.72839506172839,76.72839506172839
2015-09-30,78.48101265822784,78.48101265822784
2015-10-01,79.36585365853658,79.36585365853658
2015-10-02,78.01204819277109,78.01204819277109
2015-10-03,73.93975903614458,73.93975903614458
2015-10-04,69.89156626506022,69.89156626506022
2015-10-05,69.56626506024097,69.56626506024097
2015-10-06,71.57831325301204,71.57831325301204
2015-10-07,73.09756097560975,73.09756097560975
2015-10-08,75.3048780487805,75.3048780487805
2015-10-09,75.57317073170732,75.57317073170732
2015-10-10,75.75308641975309,75.75308641975309
2015-10-11,74.1951219512195,74.1951219512195
2015-10-12,77.27160493827161,77.27160493827161
2015-10-13,80.76543209876544,80.76543209876544
2015-10-14,76.08536585365853,76.08536585365853
2015-10-15,75.87804878048779,75.87804878048779
2015-10-16,77.07317073170732,77.07317073170732
2015-10-17,72.9390243902439,72.9390243902439
2015-10-18,71.01219512195122,71.01219512195122
2015-10-19,68.8170731707317,68.8170731707317
2015-10-20,69.39024390243902,69.39024390243902
2015-10-21,70.73170731707317,70.73170731707317
2015-10-22,76.26829268292683,76.26829268292683
2015-10-23,74.29113924050633,74.29113924050633
2015-10-24,74.9493670886076,74.9493670886076
2015-10-25,66.58974358974359,66.58974358974359
2015-10-26,62.358024691358025,62.358024691358025
2015-10-27,64.87654320987653,64.87654320987653
2015-10-28,67.6,67.6
2015-10-29,66.9390243902439,66.9390243902439
2015-10-30,65.6829268292683,65.6829268292683
2015-10-31,69.78481012658227,69.78481012658227
2015-11-01,67.1,67.1
2015-11-02,64.24050632911393,64.24050632911393
2015-11-03,66.075,66.075
2015-11-04,67.75,67.75
2015-11-05,69.80246913580247,69.80246913580247
2015-11-06,74.40506329113923,74.40506329113923
2015-11-07,66.27848101265822,66.27848101265822
2015-11-08,60.441558441558435,60.441558441558435
2015-11-09,58.85,58.85
2015-11-10,61.936708860759495,61.936708860759495
2015-11-11,66.5679012345679,66.5679012345679
2015-11-12,70.88607594936707,70.88607594936707
2015-11-13,59.987654320987644,59.987654320987644
2015-11-14,58.987654320987644,58.987654320987644
2015-11-15,59.115384615384606,59.115384615384606
2015-11-16,61.8625,61.8625
2015-11-17,68.275,68.275
2015-11-18,61.87179487179486,61.87179487179486
2015-11-19,58.164556962025316,58.164556962025316
2015-11-20,59.518987341772146,59.518987341772146
2015-11-21,62.24358974358975,62.24358974358975
2015-11-22,51.80769230769231,51.80769230769231
2015-11-23,45.141025641025635,45.141025641025635
2015-11-24,49.17948717948718,49.17948717948718
2015-11-25,57.07692307692307,57.07692307692307
2015-11-26,67.54430379746836,67.54430379746836
2015-11-27,69.15384615384616,69.15384615384616
2015-11-28,58.584415584415595,58.584415584415595
2015-11-29,44.635135135135144,44.635135135135144
2015-11-30,45.21333333333333,45.21333333333333
2015-12-01,49.85526315789475,49.85526315789475
2015-12-02,49.8860759493671,49.8860759493671
2015-12-03,50.701298701298704,50.701298701298704
2015-12-04,49.64935064935065,49.64935064935065
2015-12-05,49.52564102564103,49.52564102564103
2015-12-06,51.230769230769226,51.230769230769226
2015-12-07,54.141025641025635,54.141025641025635
2015-12-08,54.21794871794872,54.21794871794872
2015-12-09,58.141025641025635,58.141025641025635
2015-12-10,59.725,59.725
2015-12-11,64.12345679012347,64.12345679012347
2015-12-12,65.85185185185185,65.85185185185185
2015-12-13,69.275,69.275
2015-12-14,58.45,58.45
2015-12-15,57.09876543209877,57.09876543209877
2015-12-16,59.39506172839506,59.39506172839506
2015-12-17,51.753086419753096,51.753086419753096
2015-12-18,48.22222222222222,48.22222222222222
2015-12-19,45.23456790123457,45.23456790123457
2015-12-20,50.45121951219512,50.45121951219512
2015-12-21,59.0609756097561,59.0609756097561
2015-12-22,61.463414634146346,61.463414634146346
2015-12-23,60.085365853658544,60.085365853658544
2015-12-24,65.44,65.44
2015-12-25,62.463414634146346,62.463414634146346
2015-12-26,63.074074074074076,63.074074074074076
2015-12-27,68.1125,68.1125
2015-12-28,50.5375,50.5375
2015-12-29,40.278481012658226,40.278481012658226
2015-12-30,42.111111111111114,42.111111111111114
2015-12-31,46.59756097560975,46.59756097560975
2016-01-01,44.8953488372093,44.8953488372093
2016-01-02,43.59090909090909,43.59090909090909
2016-01-03,42.94252873563219,42.94252873563219
2016-01-04,47.2528735632184,47.2528735632184
2016-01-05,44.63218390804597,44.63218390804597
2016-01-06,43.70114942528736,43.70114942528736
2016-01-07,50.14942528735632,50.14942528735632
2016-01-08,57.14772727272727,57.14772727272727
2016-01-09,53.60227272727273,53.60227272727273
2016-01-10,45.64772727272727,45.64772727272727
2016-01-11,38.92045454545455,38.92045454545455
2016-01-12,42.42045454545455,42.42045454545455
2016-01-13,47.885057471264375,47.885057471264375
2016-01-14,50.25,50.25
2016-01-15,55.52272727272727,55.52272727272727
2016-01-16,55.27272727272727,55.27272727272727
2016-01-17,47.12643678160919,47.12643678160919
2016-01-18,44.43678160919539,44.43678160919539
2016-01-19,44.35632183908046,44.35632183908046
2016-01-20,53.839080459770116,53.839080459770116
2016-01-21,50.747126436781606,50.747126436781606
2016-01-22,51.678160919540225,51.678160919540225
2016-01-23,43.98863636363637,43.98863636363637
2016-01-24,43.44186046511628,43.44186046511628
2016-01-25,52.406976744186046,52.406976744186046
2016-01-26,59.569767441860456,59.569767441860456
2016-01-27,47.75862068965517,47.75862068965517
2016-01-28,44.81609195402299,44.81609195402299
2016-01-29,49.977011494252864,49.977011494252864
2016-01-30,56.5287356321839,56.5287356321839
2016-01-31,61.045977011494244,61.045977011494244
2016-02-01,64.54022988505747,64.54022988505747
2016-02-02,61.917647058823526,61.917647058823526
2016-02-03,56.139534883720934,56.139534883720934
2016-02-04,45.74418604651163,45.74418604651163
2016-02-05,43.23255813953488,43.23255813953488
2016-02-06,45.58620689655172,45.58620689655172
2016-02-07,47.0919540229885,47.0919540229885
2016-02-08,49.39080459770115,49.39080459770115
2016-02-09,49.620689655172406,49.620689655172406
2016-02-10,51.195402298850574,51.195402298850574
2016-02-11,54.77011494252874,54.77011494252874
2016-02-12,61.58620689655172,61.58620689655172
2016-02-13,59.85057471264368,59.85057471264368
2016-02-14,58.137931034482754,58.137931034482754
2016-02-15,62.35632183908046,62.35632183908046
2016-02-16,60.06896551724138,60.06896551724138
2016-02-17,59.71264367816092,59.71264367816092
2016-02-18,59.28735632183908,59.28735632183908
2016-02-19,64.79310344827586,64.79310344827586
2016-02-20,69.46511627906976,69.46511627906976
2016-02-21,70.41379310344827,70.41379310344827
2016-02-22,66.34117647058825,66.34117647058825
2016-02-23,61.39080459770115,61.39080459770115
2016-02-24,53.9080459770115,53.9080459770115
2016-02-25,51.01149425287356,51.01149425287356
2016-02-26,50.77011494252874,50.77011494252874
2016-02-27,50.022988505747136,50.022988505747136
2016-02-28,56.43678160919539,56.43678160919539
2016-02-29,63.82758620689656,63.82758620689656
2016-03-01,65.48275862068965,65.48275862068965
2016-03-02,64.54022988505747,64.54022988505747
2016-03-03,61.66666666666666,61.66666666666666
2016-03-04,66.08045977011494,66.08045977011494
2016-03-05,59.3448275862069,59.3448275862069
2016-03-06,62.89655172413793,62.89655172413793
2016-03-07,65.3103448275862,65.3103448275862
2016-03-08,68.98837209302326,68.98837209302326
2016-03-09,68.48837209302326,68.48837209302326
2016-03-10,62.15116279069768,62.15116279069768
2016-03-11,62.35632183908046,62.35632183908046
2016-03-12,61.6046511627907,61.6046511627907
2016-03-13,64.33333333333333,64.33333333333333
2016-03-14,68.43678160919539,68.43678160919539
2016-03-15,70.03448275862068,70.03448275862068
2016-03-16,71.79069767441861,71.79069767441861
2016-03-17,67.02325581395347,67.02325581395347
2016-03-18,67.95402298850574,67.95402298850574
2016-03-19,64.7816091954023,64.7816091954023
2016-03-20,53.59770114942529,53.59770114942529
2016-03-21,49.9080459770115,49.9080459770115
2016-03-22,52.18390804597701,52.18390804597701
2016-03-23,62.44186046511628,62.44186046511628
2016-03-24,70.72941176470589,70.72941176470589
2016-03-25,57.14942528735632,57.14942528735632
2016-03-26,56.51724137931034,56.51724137931034
2016-03-27,62.51724137931034,62.51724137931034
2016-03-28,61.18390804597701,61.18390804597701
2016-03-29,59.860465116279066,59.860465116279066
2016-03-30,65.93103448275862,65.93103448275862
2016-03-31,72.3793103448276,72.3793103448276
2016-04-01,70.36781609195403,70.36781609195403
2016-04-02,56.81176470588235,56.81176470588235
2016-04-03,56.430232558139544,56.430232558139544
2016-04-04,59.534883720930225,59.534883720930225
2016-04-05,65.75581395348837,65.75581395348837
2016-04-06,67.56976744186046,67.56976744186046
2016-04-07,66.02298850574712,66.02298850574712
2016-04-08,66.2183908045977,66.2183908045977
2016-04-09,65.8953488372093,65.8953488372093
2016-04-10,65.03448275862068,65.03448275862068
2016-04-11,71.0344827586207,71.0344827586207
2016-04-12,73.88505747126437,73.88505747126437
2016-04-13,65.70114942528735,65.70114942528735
2016-04-14,64.32558139534882,64.32558139534882
2016-04-15,66.47126436781609,66.47126436781609
2016-04-16,67.32183908045978,67.32183908045978
2016-04-17,71.24137931034483,71.24137931034483
2016-04-18,69.71264367816093,69.71264367816093
2016-04-19,67.67816091954022,67.67816091954022
2016-04-20,70.5632183908046,70.5632183908046
2016-04-21,69.5813953488372,69.5813953488372
2016-04-22,69.82758620689657,69.82758620689657
2016-04-23,69.71264367816093,69.71264367816093
2016-04-24,69.42528735632185,69.42528735632185
2016-04-25,70.95348837209302,70.95348837209302
2016-04-26,77.60919540229884,77.60919540229884
2016-04-27,76.62352941176471,76.62352941176471
2016-04-28,72.44186046511628,72.44186046511628
2016-04-29,73.0574712643678,73.0574712643678
2016-04-30,76.78823529411764,76.78823529411764
2016-05-01,72.48837209302326,72.48837209302326
2016-05-02,69.816091954023,69.816091954023
2016-05-03,62.45977011494253,62.45977011494253
2016-05-04,63.94252873563219,63.94252873563219
2016-05-05,68.0919540229885,68.0919540229885
2016-05-06,70.25287356321839,70.25287356321839
2016-05-07,70.72413793103449,70.72413793103449
2016-05-08,72.02298850574712,72.02298850574712
2016-05-09,72.54022988505747,72.54022988505747
2016-05-10,76.5632183908046,76.5632183908046
2016-05-11,79.66666666666667,79.66666666666667
2016-05-12,77.5057471264368,77.5057471264368
2016-05-13,75.93103448275863,75.93103448275863
2016-05-14,76.80459770114942,76.80459770114942
2016-05-15,71.9080459770115,71.9080459770115
2016-05-16,68.72413793103448,68.72413793103448
2016-05-17,73.36781609195403,73.36781609195403
2016-05-18,73.01190476190476,73.01190476190476
2016-05-19,66.5,66.5
2016-05-20,66.41379310344827,66.41379310344827
2016-05-21,72.02325581395348,72.02325581395348
2016-05-22,76.96511627906976,76.96511627906976
2016-05-23,79.27380952380952,79.27380952380952
2016-05-24,78.36904761904762,78.36904761904762
2016-05-25,80.73493975903614,80.73493975903614
2016-05-26,82.12790697674419,82.12790697674419
2016-05-27,79.27710843373494,79.27710843373494
2016-05-28,75.13095238095238,75.13095238095238
2016-05-29,77.72619047619048,77.72619047619048
2016-05-30,78.87058823529412,78.87058823529412
2016-05-31,76.71264367816093,76.71264367816093
2016-06-01,76.86206896551724,76.86206896551724
2016-06-02,75.65882352941176,75.65882352941176
2016-06-03,73.40229885057471,73.40229885057471
2016-06-04,75.02298850574712,75.02298850574712
2016-06-05,76.08045977011494,76.08045977011494
2016-06-06,77.0344827586207,77.0344827586207
2016-06-07,77.01149425287356,77.01149425287356
2016-06-08,78.67058823529412,78.67058823529412
2016-06-09,79.72093023255816,79.72093023255816
2016-06-10,81.03529411764707,81.03529411764707
2016-06-11,81.68604651162791,81.68604651162791
2016-06-12,83.17441860465118,83.17441860465118
2016-06-13,83.24418604651162,83.24418604651162
2016-06-14,83.53488372093024,83.53488372093024
2016-06-15,84.94186046511628,84.94186046511628
2016-06-16,86.0,86.0
2016-06-17,85.6046511627907,85.6046511627907
2016-06-18,85.51764705882353,85.51764705882353
2016-06-19,85.60714285714286,85.60714285714286
2016-06-20,82.86904761904762,82.86904761904762
2016-06-21,82.94117647058823,82.94117647058823
2016-06-22,83.90697674418605,83.90697674418605
2016-06-23,85.09302325581395,85.09302325581395
2016-06-24,84.54651162790698,84.54651162790698
2016-06-25,83.84883720930233,83.84883720930233
2016-06-26,83.8953488372093,83.8953488372093
2016-06-27,84.22093023255816,84.22093023255816
2016-06-28,83.77906976744184,83.77906976744184
2016-06-29,83.9080459770115,83.9080459770115
2016-06-30,82.51162790697674,82.51162790697674
2016-07-01,83.75581395348838,83.75581395348838
2016-07-02,84.29069767441861,84.29069767441861
2016-07-03,85.87209302325581,85.87209302325581
2016-07-04,87.32558139534883,87.32558139534883
2016-07-05,87.0,87.0
2016-07-06,87.3720930232558,87.3720930232558
2016-07-07,88.19767441860466,88.19767441860466
2016-07-08,87.96511627906976,87.96511627906976
2016-07-09,87.03488372093024,87.03488372093024
2016-07-10,85.76744186046511,85.76744186046511
2016-07-11,85.90476190476191,85.90476190476191
2016-07-12,87.96470588235294,87.96470588235294
2016-07-13,87.4235294117647,87.4235294117647
2016-07-14,88.56470588235294,88.56470588235294
2016-07-15,87.8953488372093,87.8953488372093
2016-07-16,86.68235294117649,86.68235294117649
2016-07-17,85.5813953488372,85.5813953488372
2016-07-18,86.02325581395347,86.02325581395347
2016-07-19,86.18604651162791,86.18604651162791
2016-07-20,85.953488372093,85.953488372093
2016-07-21,86.52325581395347,86.52325581395347
2016-07-22,86.76744186046511,86.76744186046511
2016-07-23,87.03488372093024,87.03488372093024
2016-07-24,87.80232558139534,87.80232558139534
2016-07-25,88.4,88.4
2016-07-26,87.35714285714286,87.35714285714286
2016-07-27,84.29069767441861,84.29069767441861
2016-07-28,84.34883720930233,84.34883720930233
2016-07-29,85.30232558139534,85.30232558139534
2016-07-30,84.66279069767442,84.66279069767442
2016-07-31,86.0813953488372,86.0813953488372
2016-08-01,86.90588235294119,86.90588235294119
2016-08-02,87.0,87.0
2016-08-03,86.67441860465117,86.67441860465117
2016-08-04,87.24137931034483,87.24137931034483
2016-08-05,87.64367816091955,87.64367816091955
2016-08-06,87.70114942528734,87.70114942528734
2016-08-07,88.0,88.0
2016-08-08,88.5057471264368,88.5057471264368
2016-08-09,88.5632183908046,88.5632183908046
2016-08-10,88.40229885057471,88.40229885057471
2016-08-11,88.77906976744184,88.77906976744184
2016-08-12,89.70114942528734,89.70114942528734
2016-08-13,88.9186046511628,88.9186046511628
2016-08-14,84.04651162790698,84.04651162790698
2016-08-15,80.64285714285714,80.64285714285714
2016-08-16,77.31395348837209,77.31395348837209
2016-08-17,78.0813953488372,78.0813953488372
2016-08-18,79.70114942528734,79.70114942528734
2016-08-19,80.65882352941176,80.65882352941176
2016-08-20,82.0,82.0
2016-08-21,79.73255813953489,79.73255813953489
2016-08-22,78.62790697674419,78.62790697674419
2016-08-23,80.94186046511628,80.94186046511628
2016-08-24,84.55813953488372,84.55813953488372
2016-08-25,83.20689655172414,83.20689655172414
2016-08-26,82.67816091954023,82.67816091954023
2016-08-27,81.5,81.5
2016-08-28,81.59770114942529,81.59770114942529
2016-08-29,81.25287356321839,81.25287356321839
2016-08-30,80.55172413793103,80.55172413793103
2016-08-31,80.79069767441861,80.79069767441861
2016-09-01,82.66279069767442,82.66279069767442
2016-09-02,82.37209302325581,82.37209302325581
2016-09-03,80.86046511627906,80.86046511627906
2016-09-04,80.95402298850574,80.95402298850574
2016-09-05,81.8953488372093,81.8953488372093
2016-09-06,82.83720930232558,82.83720930232558
2016-09-07,83.8735632183908,83.8735632183908
2016-09-08,84.55172413793103,84.55172413793103
2016-09-09,84.4942528735632,84.4942528735632
2016-09-10,83.90697674418605,83.90697674418605
2016-09-11,78.35714285714286,78.35714285714286
2016-09-12,77.95348837209302,77.95348837209302
2016-09-13,80.32183908045977,80.32183908045977
2016-09-14,81.59302325581395,81.59302325581395
2016-09-15,81.70930232558139,81.70930232558139
2016-09-16,81.80459770114942,81.80459770114942
2016-09-17,82.0574712643678,82.0574712643678
2016-09-18,82.97701149425288,82.97701149425288
2016-09-19,84.0574712643678,84.0574712643678
2016-09-20,85.63218390804597,85.63218390804597
2016-09-21,84.6206896551724,84.6206896551724
2016-09-22,82.47126436781609,82.47126436781609
2016-09-23,80.80459770114942,80.80459770114942
2016-09-24,82.83908045977013,82.83908045977013
2016-09-25,82.5057471264368,82.5057471264368
2016-09-26,76.48837209302326,76.48837209302326
2016-09-27,71.17441860465118,71.17441860465118
2016-09-28,71.1264367816092,71.1264367816092
2016-09-29,73.93103448275863,73.93103448275863
2016-09-30,72.02298850574712,72.02298850574712
2016-10-01,68.48275862068965,68.48275862068965
2016-10-02,70.76744186046511,70.76744186046511
2016-10-03,72.82558139534882,72.82558139534882
2016-10-04,74.28235294117647,74.28235294117647
2016-10-05,78.19767441860466,78.19767441860466
2016-10-06,80.61627906976744,80.61627906976744
2016-10-07,81.09302325581395,81.09302325581395
2016-10-08,72.27906976744184,72.27906976744184
2016-10-09,70.02325581395347,70.02325581395347
2016-10-10,68.20930232558139,68.20930232558139
2016-10-11,68.23255813953489,68.23255813953489
2016-10-12,72.30232558139534,72.30232558139534
2016-10-13,76.52873563218391,76.52873563218391
2016-10-14,72.60919540229884,72.60919540229884
2016-10-15,74.52325581395348,74.52325581395348
2016-10-16,78.70114942528734,78.70114942528734
2016-10-17,80.42528735632185,80.42528735632185
2016-10-18,81.04597701149426,81.04597701149426
2016-10-19,80.16091954022987,80.16091954022987
2016-10-20,79.72413793103449,79.72413793103449
2016-10-21,70.63218390804597,70.63218390804597
2016-10-22,62.569767441860456,62.569767441860456
2016-10-23,63.465116279069775,63.465116279069775
2016-10-24,68.18604651162791,68.18604651162791
2016-10-25,73.49411764705883,73.49411764705883
2016-10-26,72.49411764705883,72.49411764705883
2016-10-27,73.44186046511628,73.44186046511628
2016-10-28,73.48275862068967,73.48275862068967
2016-10-29,72.4942528735632,72.4942528735632
2016-10-30,73.60919540229884,73.60919540229884
2016-10-31,73.55172413793103,73.55172413793103
2016-11-01,72.4367816091954,72.4367816091954
2016-11-02,77.16279069767442,77.16279069767442
2016-11-03,77.54651162790698,77.54651162790698
2016-11-04,72.94186046511628,72.94186046511628
2016-11-05,70.52325581395348,70.52325581395348
2016-11-06,68.52873563218391,68.52873563218391
2016-11-07,68.46511627906976,68.46511627906976
2016-11-08,68.97647058823529,68.97647058823529
2016-11-09,65.05747126436782,65.05747126436782
2016-11-10,62.10344827586207,62.10344827586207
2016-11-11,61.59770114942529,61.59770114942529
2016-11-12,63.022988505747136,63.022988505747136
2016-11-13,62.39080459770115,62.39080459770115
2016-11-14,61.73255813953488,61.73255813953488
2016-11-15,65.47674418604653,65.47674418604653
2016-11-16,67.43023255813954,67.43023255813954
2016-11-17,67.33333333333333,67.33333333333333
2016-11-18,69.03488372093024,69.03488372093024
2016-11-19,61.89411764705882,61.89411764705882
2016-11-20,49.511627906976734,49.511627906976734
2016-11-21,51.2906976744186,51.2906976744186
2016-11-22,59.30232558139535,59.30232558139535
2016-11-23,67.52325581395347,67.52325581395347
2016-11-24,59.32558139534883,59.32558139534883
2016-11-25,59.45977011494253,59.45977011494253
2016-11-26,59.7093023255814,59.7093023255814
2016-11-27,59.011627906976734,59.011627906976734
2016-11-28,64.17647058823529,64.17647058823529
2016-11-29,64.43023255813954,64.43023255813954
2016-11-30,62.430232558139544,62.430232558139544
2016-12-01,52.23255813953488,52.23255813953488
2016-12-02,52.12790697674418,52.12790697674418
2016-12-03,56.26744186046512,56.26744186046512
2016-12-04,51.97590361445785,51.97590361445785
2016-12-05,50.18823529411765,50.18823529411765
2016-12-06,50.05813953488372,50.05813953488372
2016-12-07,50.988372093023266,50.988372093023266
2016-12-08,48.917647058823526,48.917647058823526
2016-12-09,40.941176470588225,40.941176470588225
2016-12-10,38.51162790697674,38.51162790697674
2016-12-11,45.011627906976734,45.011627906976734
2016-12-12,60.19047619047619,60.19047619047619
2016-12-13,56.16279069767442,56.16279069767442
2016-12-14,58.15116279069768,58.15116279069768
2016-12-15,52.7093023255814,52.7093023255814
2016-12-16,48.0,48.0
2016-12-17,60.465116279069775,60.465116279069775
2016-12-18,56.31764705882353,56.31764705882353
2016-12-19,31.764705882352942,31.764705882352942
2016-12-20,33.22093023255814,33.22093023255814
2016-12-21,45.80232558139535,45.80232558139535
2016-12-22,55.26744186046512,55.26744186046512
2016-12-23,54.84883720930232,54.84883720930232
2016-12-24,58.17647058823529,58.17647058823529
2016-12-25,66.90588235294118,66.90588235294118
2016-12-26,70.89156626506023,70.89156626506023
2016-12-27,68.6265060240964,68.6265060240964
2016-12-28,64.8433734939759,64.8433734939759
2016-12-29,69.18823529411765,69.18823529411765
2016-12-30,55.84705882352941,55.84705882352941
2016-12-31,49.541176470588226,49.541176470588226
2017-01-01,60.49275362318841,60.49275362318841
2017-01-02,61.42028985507246,61.42028985507246
2017-01-03,61.92753623188406,61.92753623188406
2017-01-04,55.971830985915496,55.971830985915496
2017-01-05,43.944444444444436,43.944444444444436
2017-01-06,45.42253521126761,45.42253521126761
2017-01-07,30.682539682539684,30.682539682539684
2017-01-08,29.597222222222218,29.597222222222218
2017-01-09,37.72222222222222,37.72222222222222
2017-01-10,54.91666666666666,54.91666666666666
2017-01-11,66.34722222222223,66.34722222222223
2017-01-12,67.65277777777777,67.65277777777777
2017-01-13,66.65277777777777,66.65277777777777
2017-01-14,60.27777777777778,60.27777777777778
2017-01-15,54.225352112676056,54.225352112676056
2017-01-16,59.76811594202898,59.76811594202898
2017-01-17,61.05714285714286,61.05714285714286
2017-01-18,54.76056338028169,54.76056338028169
2017-01-19,54.492957746478865,54.492957746478865
2017-01-20,58.81428571428572,58.81428571428572
2017-01-21,62.38888888888889,62.38888888888889
2017-01-22,62.736111111111114,62.736111111111114
2017-01-23,58.04166666666666,58.04166666666666
2017-01-24,56.736111111111114,56.736111111111114
2017-01-25,64.79166666666667,64.79166666666667
2017-01-26,55.95833333333334,55.95833333333334
2017-01-27,46.65277777777778,46.65277777777778
2017-01-28,44.875,44.875
2017-01-29,46.611111111111114,46.611111111111114
2017-01-30,51.83333333333334,51.83333333333334
2017-01-31,57.319444444444436,57.319444444444436
2017-02-01,59.25,59.25
2017-02-02,63.944444444444436,63.944444444444436
2017-02-03,53.02777777777778,53.02777777777778
2017-02-04,49.13888888888889,49.13888888888889
2017-02-05,52.375,52.375
2017-02-06,64.16666666666667,64.16666666666667
2017-02-07,70.59722222222223,70.59722222222223
2017-02-08,68.8611111111111,68.8611111111111
2017-02-09,65.43055555555556,65.43055555555556
2017-02-10,55.478873239436616,55.478873239436616
2017-02-11,63.74647887323944,63.74647887323944
2017-02-12,74.22222222222223,74.22222222222223
2017-02-13,68.4861111111111,68.4861111111111
2017-02-14,62.319444444444436,62.319444444444436
2017-02-15,52.6056338028169,52.6056338028169
2017-02-16,50.70422535211269,50.70422535211269
2017-02-17,51.94366197183098,51.94366197183098
2017-02-18,60.069444444444436,60.069444444444436
2017-02-19,67.64788732394365,67.64788732394365
2017-02-20,68.8169014084507,68.8169014084507
2017-02-21,62.82352941176471,62.82352941176471
2017-02-22,64.18055555555556,64.18055555555556
2017-02-23,65.7638888888889,65.7638888888889
2017-02-24,69.7638888888889,69.7638888888889
2017-02-25,63.05633802816902,63.05633802816902
2017-02-26,51.338028169014095,51.338028169014095
2017-02-27,57.23943661971831,57.23943661971831
2017-02-28,70.0,70.0
2017-03-01,73.1388888888889,73.1388888888889
2017-03-02,61.875,61.875
2017-03-03,54.33333333333334,54.33333333333334
2017-03-04,55.125,55.125
2017-03-05,57.20833333333334,57.20833333333334
2017-03-06,64.44285714285714,64.44285714285714
2017-03-07,72.54166666666667,72.54166666666667
2017-03-08,64.7638888888889,64.7638888888889
2017-03-09,63.986111111111114,63.986111111111114
2017-03-10,71.0138888888889,71.0138888888889
2017-03-11,68.15277777777777,68.15277777777777
2017-03-12,64.38028169014085,64.38028169014085
2017-03-13,53.197183098591545,53.197183098591545
2017-03-14,56.549295774647895,56.549295774647895
2017-03-15,55.84507042253521,55.84507042253521
2017-03-16,58.774647887323944,58.774647887323944
2017-03-17,67.08450704225352,67.08450704225352
2017-03-18,72.59154929577464,72.59154929577464
2017-03-19,71.48571428571428,71.48571428571428
2017-03-20,72.91428571428571,72.91428571428571
2017-03-21,74.26760563380282,74.26760563380282
2017-03-22,72.74285714285716,72.74285714285716
2017-03-23,72.1267605633803,72.1267605633803
2017-03-24,73.53521126760563,73.53521126760563
2017-03-25,69.84057971014492,69.84057971014492
2017-03-26,66.22535211267606,66.22535211267606
2017-03-27,70.11267605633803,70.11267605633803
2017-03-28,71.30985915492958,71.30985915492958
2017-03-29,73.1830985915493,73.1830985915493
2017-03-30,67.64788732394365,67.64788732394365
2017-03-31,64.77777777777777,64.77777777777777
2017-04-01,69.83333333333333,69.83333333333333
2017-04-02,69.3888888888889,69.3888888888889
2017-04-03,65.66666666666667,65.66666666666667
2017-04-04,67.02777777777777,67.02777777777777
2017-04-05,70.63380281690141,70.63380281690141
2017-04-06,60.73239436619718,60.73239436619718
2017-04-07,60.55714285714286,60.55714285714286
2017-04-08,64.52112676056338,64.52112676056338
2017-04-09,70.35211267605635,70.35211267605635
2017-04-10,74.0,74.0
2017-04-11,73.95714285714286,73.95714285714286
2017-04-12,68.90140845070422,68.90140845070422
2017-04-13,68.54929577464789,68.54929577464789
2017-04-14,71.54929577464789,71.54929577464789
2017-04-15,71.85915492957747,71.85915492957747
2017-04-16,73.69444444444444,73.69444444444444
2017-04-17,74.65277777777777,74.65277777777777
2017-04-18,71.52112676056338,71.52112676056338
2017-04-19,71.26760563380282,71.26760563380282
2017-04-20,74.66666666666667,74.66666666666667
2017-04-21,76.1388888888889,76.1388888888889
2017-04-22,76.16666666666667,76.16666666666667
2017-04-23,64.20833333333333,64.20833333333333
2017-04-24,61.61428571428571,61.61428571428571
2017-04-25,65.40845070422536,65.40845070422536
2017-04-26,75.09859154929578,75.09859154929578
2017-04-27,71.22535211267606,71.22535211267606
2017-04-28,66.76056338028171,66.76056338028171
2017-04-29,78.94366197183099,78.94366197183099
2017-04-30,72.22535211267606,72.22535211267606
2017-05-01,62.014705882352935,62.014705882352935
2017-05-02,66.9,66.9
2017-05-03,73.09859154929578,73.09859154929578
2017-05-04,73.23943661971829,73.23943661971829
2017-05-05,65.35211267605635,65.35211267605635
2017-05-06,66.35211267605635,66.35211267605635
2017-05-07,70.1,70.1
2017-05-08,72.52112676056338,72.52112676056338
2017-05-09,72.75714285714284,72.75714285714284
2017-05-10,74.34285714285714,74.34285714285714
2017-05-11,76.54929577464789,76.54929577464789
2017-05-12,76.4,76.4
2017-05-13,73.04285714285714,73.04285714285714
2017-05-14,72.24285714285716,72.24285714285716
2017-05-15,76.27142857142857,76.27142857142857
2017-05-16,77.38571428571429,77.38571428571429
2017-05-17,77.40845070422536,77.40845070422536
2017-05-18,78.15492957746478,78.15492957746478
2017-05-19,82.05633802816901,82.05633802816901
2017-05-20,80.11267605633803,80.11267605633803
2017-05-21,74.92857142857143,74.92857142857143
2017-05-22,71.61428571428571,71.61428571428571
2017-05-23,71.08571428571429,71.08571428571429
2017-05-24,69.17142857142858,69.17142857142858
2017-05-25,69.04285714285714,69.04285714285714
2017-05-26,76.87142857142857,76.87142857142857
2017-05-27,83.48571428571428,83.48571428571428
2017-05-28,84.78873239436619,84.78873239436619
2017-05-29,79.1470588235294,79.1470588235294
2017-05-30,76.08695652173913,76.08695652173913
2017-05-31,76.62857142857143,76.62857142857143
2017-06-01,76.75,76.75
2017-06-02,77.3913043478261,77.3913043478261
2017-06-03,78.33333333333333,78.33333333333333
2017-06-04,77.44117647058823,77.44117647058823
2017-06-05,77.8840579710145,77.8840579710145
2017-06-06,77.97142857142858,77.97142857142858
2017-06-07,80.15714285714286,80.15714285714286
2017-06-08,79.68571428571428,79.68571428571428
2017-06-09,79.1,79.1
2017-06-10,78.8695652173913,78.8695652173913
2017-06-11,80.51470588235293,80.51470588235293
2017-06-12,82.04411764705883,82.04411764705883
2017-06-13,83.04347826086956,83.04347826086956
2017-06-14,84.34285714285714,84.34285714285714
2017-06-15,85.41428571428571,85.41428571428571
2017-06-16,85.79710144927536,85.79710144927536
2017-06-17,86.1,86.1
2017-06-18,86.67142857142859,86.67142857142859
2017-06-19,85.79710144927536,85.79710144927536
2017-06-20,82.9,82.9
2017-06-21,84.25714285714284,84.25714285714284
2017-06-22,83.45070422535211,83.45070422535211
2017-06-23,83.76056338028171,83.76056338028171
2017-06-24,87.8888888888889,87.8888888888889
2017-06-25,79.02816901408453,79.02816901408453
2017-06-26,79.97183098591547,79.97183098591547
2017-06-27,80.28571428571429,80.28571428571429
2017-06-28,80.88732394366197,80.88732394366197
2017-06-29,81.72222222222223,81.72222222222223
2017-06-30,84.77777777777777,84.77777777777777
2017-07-01,87.07042253521126,87.07042253521126
2017-07-02,83.27536231884058,83.27536231884058
2017-07-03,84.98591549295773,84.98591549295773
2017-07-04,85.49295774647888,85.49295774647888
2017-07-05,84.70833333333333,84.70833333333333
2017-07-06,84.0138888888889,84.0138888888889
2017-07-07,83.44285714285714,83.44285714285714
2017-07-08,83.91428571428571,83.91428571428571
2017-07-09,83.98571428571428,83.98571428571428
2017-07-10,83.66176470588233,83.66176470588233
2017-07-11,83.15714285714286,83.15714285714286
2017-07-12,85.15714285714286,85.15714285714286
2017-07-13,84.49295774647888,84.49295774647888
2017-07-14,84.6111111111111,84.6111111111111
2017-07-15,84.58333333333333,84.58333333333333
2017-07-16,84.50704225352112,84.50704225352112
2017-07-17,83.22857142857143,83.22857142857143
2017-07-18,83.94366197183099,83.94366197183099
2017-07-19,84.61971830985915,84.61971830985915
2017-07-20,85.63380281690141,85.63380281690141
2017-07-21,86.94444444444444,86.94444444444444
2017-07-22,86.90277777777777,86.90277777777777
2017-07-23,86.94444444444444,86.94444444444444
2017-07-24,86.19444444444444,86.19444444444444
2017-07-25,85.1267605633803,85.1267605633803
2017-07-26,86.32394366197181,86.32394366197181
2017-07-27,86.84507042253522,86.84507042253522
2017-07-28,86.40845070422537,86.40845070422537
2017-07-29,87.8732394366197,87.8732394366197
2017-07-30,88.2394366197183,88.2394366197183
2017-07-31,86.59154929577463,86.59154929577463
2017-08-01,83.97183098591547,83.97183098591547
2017-08-02,82.25757575757575,82.25757575757575
2017-08-03,80.16923076923077,80.16923076923077
2017-08-04,82.30769230769229,82.30769230769229
2017-08-05,83.9090909090909,83.9090909090909
2017-08-06,85.51515151515152,85.51515151515152
2017-08-07,86.86153846153844,86.86153846153844
2017-08-08,81.0625,81.0625
2017-08-09,81.68181818181819,81.68181818181819
2017-08-10,82.56060606060606,82.56060606060606
2017-08-11,84.9090909090909,84.9090909090909
2017-08-12,85.72727272727273,85.72727272727273
2017-08-13,85.625,85.625
2017-08-14,85.49206349206351,85.49206349206351
2017-08-15,85.21875,85.21875
2017-08-16,85.49230769230769,85.49230769230769
2017-08-17,86.95384615384614,86.95384615384614
2017-08-18,85.77272727272727,85.77272727272727
2017-08-19,84.98484848484848,84.98484848484848
2017-08-20,86.1076923076923,86.1076923076923
2017-08-21,85.75757575757575,85.75757575757575
2017-08-22,84.46969696969697,84.46969696969697
2017-08-23,84.83333333333333,84.83333333333333
2017-08-24,82.85074626865672,82.85074626865672
2017-08-25,82.4090909090909,82.4090909090909
2017-08-26,80.16666666666667,80.16666666666667
2017-08-27,78.4090909090909,78.4090909090909
2017-08-28,77.62121212121212,77.62121212121212
2017-08-29,76.45454545454545,76.45454545454545
2017-08-30,77.63076923076923,77.63076923076923
2017-08-31,77.98412698412699,77.98412698412699
2017-09-01,78.71875,78.71875
2017-09-02,79.26086956521739,79.26086956521739
2017-09-03,80.82352941176471,80.82352941176471
2017-09-04,81.14492753623189,81.14492753623189
2017-09-05,80.73913043478261,80.73913043478261
2017-09-06,80.82608695652173,80.82608695652173
2017-09-07,74.33333333333333,74.33333333333333
2017-09-08,72.08695652173913,72.08695652173913
2017-09-09,72.3623188405797,72.3623188405797
2017-09-10,73.65217391304348,73.65217391304348
2017-09-11,73.81159420289855,73.81159420289855
2017-09-12,73.43478260869566,73.43478260869566
2017-09-13,74.36764705882355,74.36764705882355
2017-09-14,78.02898550724638,78.02898550724638
2017-09-15,82.09722222222223,82.09722222222223
2017-09-16,82.16666666666667,82.16666666666667
2017-09-17,82.56944444444444,82.56944444444444
2017-09-18,82.31944444444444,82.31944444444444
2017-09-19,82.67605633802819,82.67605633802819
2017-09-20,84.7638888888889,84.7638888888889
2017-09-21,85.6388888888889,85.6388888888889
2017-09-22,84.66197183098592,84.66197183098592
2017-09-23,82.91176470588233,82.91176470588233
2017-09-24,81.61971830985915,81.61971830985915
2017-09-25,81.08571428571429,81.08571428571429
2017-09-26,80.36619718309859,80.36619718309859
2017-09-27,78.58571428571429,78.58571428571429
2017-09-28,76.8732394366197,76.8732394366197
2017-09-29,75.08450704225352,75.08450704225352
2017-09-30,73.22857142857143,73.22857142857143
2017-10-01,74.61971830985915,74.61971830985915
2017-10-02,75.73972602739725,75.73972602739725
2017-10-03,78.53424657534245,78.53424657534245
2017-10-04,80.06944444444444,80.06944444444444
2017-10-05,80.06849315068494,80.06849315068494
2017-10-06,78.3013698630137,78.3013698630137
2017-10-07,77.65753424657535,77.65753424657535
2017-10-08,75.44444444444444,75.44444444444444
2017-10-09,76.59722222222223,76.59722222222223
2017-10-10,79.125,79.125
2017-10-11,65.94594594594595,65.94594594594595
2017-10-12,66.41095890410959,66.41095890410959
2017-10-13,73.56756756756756,73.56756756756756
2017-10-14,79.02702702702703,79.02702702702703
2017-10-15,80.27027027027026,80.27027027027026
2017-10-16,69.9041095890411,69.9041095890411
2017-10-17,62.56164383561644,62.56164383561644
2017-10-18,62.66216216216216,62.66216216216216
2017-10-19,65.98648648648647,65.98648648648647
2017-10-20,69.39189189189189,69.39189189189189
2017-10-21,73.22972972972974,73.22972972972974
2017-10-22,77.77027027027026,77.77027027027026
2017-10-23,66.34285714285714,66.34285714285714
2017-10-24,65.87671232876714,65.87671232876714
2017-10-25,62.351351351351354,62.351351351351354
2017-10-26,61.069444444444436,61.069444444444436
2017-10-27,67.0958904109589,67.0958904109589
2017-10-28,55.01369863013698,55.01369863013698
2017-10-29,48.9041095890411,48.9041095890411
2017-10-30,55.178082191780824,55.178082191780824
2017-10-31,60.80821917808219,60.80821917808219
2017-11-01,57.91549295774648,57.91549295774648
2017-11-02,68.29729729729729,68.29729729729729
2017-11-03,75.89189189189189,75.89189189189189
2017-11-04,72.24324324324324,72.24324324324324
2017-11-05,74.97260273972603,74.97260273972603
2017-11-06,77.95945945945945,77.95945945945945
2017-11-07,72.82432432432431,72.82432432432431
2017-11-08,66.47297297297297,66.47297297297297
2017-11-09,52.53521126760563,52.53521126760563
2017-11-10,51.821917808219176,51.821917808219176
2017-11-11,55.465753424657535,55.465753424657535
2017-11-12,65.32876712328768,65.32876712328768
2017-11-13,66.7,66.7
2017-11-14,65.74324324324324,65.74324324324324
2017-11-15,69.31506849315069,69.31506849315069
2017-11-16,68.98648648648647,68.98648648648647
2017-11-17,69.68918918918921,69.68918918918921
2017-11-18,74.27397260273973,74.27397260273973
2017-11-19,65.35616438356165,65.35616438356165
2017-11-20,51.736111111111114,51.736111111111114
2017-11-21,53.611111111111114,53.611111111111114
2017-11-22,61.59722222222222,61.59722222222222
2017-11-23,51.794520547945204,51.794520547945204
2017-11-24,53.094594594594604,53.094594594594604
2017-11-25,59.28378378378378,59.28378378378378
2017-11-26,62.689189189189186,62.689189189189186
2017-11-27,61.87837837837838,61.87837837837838
2017-11-28,62.52702702702703,62.52702702702703
2017-11-29,64.78082191780823,64.78082191780823
2017-11-30,58.418918918918926,58.418918918918926
2017-12-01,58.229729729729726,58.229729729729726
2017-12-02,61.735294117647065,61.735294117647065
2017-12-03,64.33823529411765,64.33823529411765
2017-12-04,67.07352941176471,67.07352941176471
2017-12-05,71.92647058823529,71.92647058823529
2017-12-06,57.764705882352935,57.764705882352935
2017-12-07,45.88235294117647,45.88235294117647
2017-12-08,38.852941176470594,38.852941176470594
2017-12-09,38.117647058823536,38.117647058823536
2017-12-10,47.537313432835816,47.537313432835816
2017-12-11,50.647058823529406,50.647058823529406
2017-12-12,55.397058823529406,55.397058823529406
2017-12-13,49.485294117647065,49.485294117647065
2017-12-14,49.735294117647065,49.735294117647065
2017-12-15,52.014705882352935,52.014705882352935
2017-12-16,47.77611940298507,47.77611940298507
2017-12-17,47.220588235294116,47.220588235294116
2017-12-18,51.13432835820896,51.13432835820896
2017-12-19,54.70149253731344,54.70149253731344
2017-12-20,63.2686567164179,63.2686567164179
2017-12-21,60.17647058823529,60.17647058823529
2017-12-22,62.67647058823529,62.67647058823529
2017-12-23,56.65151515151515,56.65151515151515
2017-12-24,46.80597014925373,46.80597014925373
2017-12-25,47.70588235294117,47.70588235294117
2017-12-26,42.746268656716424,42.746268656716424
2017-12-27,47.38983050847458,47.38983050847458
2017-12-28,40.079365079365076,40.079365079365076
2017-12-29,41.09375,41.09375
2017-12-30,45.88888888888889,45.88888888888889
2017-12-31,48.65625,48.65625
2018-01-01,38.142857142857146,38.142857142857146
2018-01-02,26.131147540983605,26.131147540983605
2018-01-03,27.08333333333333,27.08333333333333
2018-01-04,36.24193548387097,36.24193548387097
2018-01-05,40.467741935483865,40.467741935483865
2018-01-06,48.951612903225815,48.951612903225815
2018-01-07,50.8360655737705,50.8360655737705
2018-01-08,57.44262295081968,57.44262295081968
2018-01-09,53.063492063492056,53.063492063492056
2018-01-10,52.349206349206355,52.349206349206355
2018-01-11,56.84126984126985,56.84126984126985
2018-01-12,52.23809523809525,52.23809523809525
2018-01-13,42.064516129032256,42.064516129032256
2018-01-14,39.935483870967744,39.935483870967744
2018-01-15,44.412698412698404,44.412698412698404
2018-01-16,49.120689655172406,49.120689655172406
2018-01-17,31.653846153846153,31.653846153846153
2018-01-18,28.29032258064516,28.29032258064516
2018-01-19,36.032786885245905,36.032786885245905
2018-01-20,46.64406779661017,46.64406779661017
2018-01-21,59.45,59.45
2018-01-22,62.0,62.0
2018-01-23,50.475409836065566,50.475409836065566
2018-01-24,47.11764705882353,47.11764705882353
2018-01-25,47.339622641509436,47.339622641509436
2018-01-26,48.648148148148145,48.648148148148145
2018-01-27,58.0925925925926,58.0925925925926
2018-01-28,58.0925925925926,58.0925925925926
2018-01-29,54.2037037037037,54.2037037037037
2018-01-30,49.685185185185176,49.685185185185176
2018-01-31,49.75925925925926,49.75925925925926
2018-02-01,57.2037037037037,57.2037037037037
2018-02-02,58.0925925925926,58.0925925925926
2018-02-03,49.12962962962962,49.12962962962962
2018-02-04,53.72222222222222,53.72222222222222
2018-02-05,56.679245283018865,56.679245283018865
2018-02-06,47.75925925925926,47.75925925925926
2018-02-07,49.35185185185186,49.35185185185186
2018-02-08,43.555555555555564,43.555555555555564
2018-02-09,45.7962962962963,45.7962962962963
2018-02-10,55.7037037037037,55.7037037037037
2018-02-11,51.7962962962963,51.7962962962963
2018-02-12,39.0,39.0
2018-02-13,39.77777777777778,39.77777777777778
2018-02-14,46.03703703703704,46.03703703703704
2018-02-15,61.81132075471698,61.81132075471698
2018-02-16,70.58490566037736,70.58490566037736
2018-02-17,63.074074074074076,63.074074074074076
2018-02-18,60.314814814814824,60.314814814814824
2018-02-19,62.5925925925926,62.5925925925926
2018-02-20,72.01886792452831,72.01886792452831
2018-02-21,64.96296296296296,64.96296296296296
2018-02-22,48.339622641509436,48.339622641509436
2018-02-23,43.11320754716981,43.11320754716981
2018-02-24,54.018867924528294,54.018867924528294
2018-02-25,64.03703703703704,64.03703703703704
2018-02-26,59.150943396226424,59.150943396226424
2018-02-27,58.52830188679246,58.52830188679246
2018-02-28,65.52830188679245,65.52830188679245
2018-03-01,70.33962264150944,70.33962264150944
2018-03-02,59.983870967741936,59.983870967741936
2018-03-03,58.904761904761905,58.904761904761905
2018-03-04,63.20634920634921,63.20634920634921
2018-03-05,69.80952380952381,69.80952380952381
2018-03-06,65.40322580645162,65.40322580645162
2018-03-07,56.112903225806456,56.112903225806456
2018-03-08,52.306451612903224,52.306451612903224
2018-03-09,57.387096774193544,57.387096774193544
2018-03-10,63.032258064516135,63.032258064516135
2018-03-11,72.25806451612904,72.25806451612904
2018-03-12,61.87096774193547,61.87096774193547
2018-03-13,53.67741935483871,53.67741935483871
2018-03-14,54.492063492063494,54.492063492063494
2018-03-15,55.66666666666666,55.66666666666666
2018-03-16,62.42857142857143,62.42857142857143
2018-03-17,71.1111111111111,71.1111111111111
2018-03-18,69.30158730158729,69.30158730158729
2018-03-19,71.52380952380952,71.52380952380952
2018-03-20,64.76190476190476,64.76190476190476
2018-03-21,57.61904761904761,57.61904761904761
2018-03-22,59.98412698412698,59.98412698412698
2018-03-23,66.50793650793649,66.50793650793649
2018-03-24,70.87301587301587,70.87301587301587
2018-03-25,74.03174603174604,74.03174603174604
2018-03-26,72.98387096774194,72.98387096774194
2018-03-27,75.04838709677419,75.04838709677419
2018-03-28,68.31147540983606,68.31147540983606
2018-03-29,64.22950819672131,64.22950819672131
2018-03-30,64.90163934426228,64.90163934426228
2018-03-31,62.838709677419345,62.838709677419345
2018-04-01,68.66129032258064,68.66129032258064
2018-04-02,66.54838709677419,66.54838709677419
2018-04-03,66.31746031746032,66.31746031746032
2018-04-04,70.15873015873018,70.15873015873018
2018-04-05,57.854838709677416,57.854838709677416
2018-04-06,65.65079365079364,65.65079365079364
2018-04-07,71.36507936507937,71.36507936507937
2018-04-08,50.523809523809526,50.523809523809526
2018-04-09,55.17460317460318,55.17460317460318
2018-04-10,60.5079365079365,60.5079365079365
2018-04-11,61.87301587301587,61.87301587301587
2018-04-12,66.68253968253968,66.68253968253968
2018-04-13,74.25396825396825,74.25396825396825
2018-04-14,73.4193548387097,73.4193548387097
2018-04-15,57.645161290322584,57.645161290322584
2018-04-16,56.67741935483871,56.67741935483871
2018-04-17,64.9047619047619,64.9047619047619
2018-04-18,73.04761904761905,73.04761904761905
2018-04-19,69.1111111111111,69.1111111111111
2018-04-20,63.555555555555564,63.555555555555564
2018-04-21,62.82258064516129,62.82258064516129
2018-04-22,65.95238095238095,65.95238095238095
2018-04-23,62.82539682539682,62.82539682539682
2018-04-24,65.96825396825396,65.96825396825396
2018-04-25,70.6825396825397,70.6825396825397
2018-04-26,63.936507936507944,63.936507936507944
2018-04-27,63.0,63.0
2018-04-28,65.76190476190476,65.76190476190476
2018-04-29,68.44444444444444,68.44444444444444
2018-04-30,70.1111111111111,70.1111111111111
2018-05-01,71.80952380952381,71.80952380952381
2018-05-02,75.85714285714286,75.85714285714286
2018-05-03,79.69841269841271,79.69841269841271
2018-05-04,77.50793650793649,77.50793650793649
2018-05-05,70.14285714285714,70.14285714285714
2018-05-06,71.30158730158729,71.30158730158729
2018-05-07,72.74603174603175,72.74603174603175
2018-05-08,75.42857142857143,75.42857142857143
2018-05-09,77.28571428571429,77.28571428571429
2018-05-10,76.69354838709677,76.69354838709677
2018-05-11,77.2063492063492,77.2063492063492
2018-05-12,79.55555555555556,79.55555555555556
2018-05-13,80.87301587301587,80.87301587301587
2018-05-14,81.39682539682539,81.39682539682539
2018-05-15,80.71428571428571,80.71428571428571
2018-05-16,79.77777777777777,79.77777777777777
2018-05-17,79.3174603174603,79.3174603174603
2018-05-18,80.93650793650794,80.93650793650794
2018-05-19,81.71428571428571,81.71428571428571
2018-05-20,80.95238095238095,80.95238095238095
2018-05-21,74.8225806451613,74.8225806451613
2018-05-22,75.85483870967742,75.85483870967742
2018-05-23,78.85245901639344,78.85245901639344
2018-05-24,79.61290322580646,79.61290322580646
2018-05-25,80.3225806451613,80.3225806451613
2018-05-26,82.6825396825397,82.6825396825397
2018-05-27,83.61904761904762,83.61904761904762
2018-05-28,84.95238095238095,84.95238095238095
2018-05-29,84.03174603174604,84.03174603174604
2018-05-30,83.84126984126982,83.84126984126982
2018-05-31,84.7936507936508,84.7936507936508
2018-06-01,85.76190476190476,85.76190476190476
2018-06-02,87.0909090909091,87.0909090909091
2018-06-03,87.58461538461539,87.58461538461539
2018-06-04,84.18461538461537,84.18461538461537
2018-06-05,80.53846153846153,80.53846153846153
2018-06-06,85.73846153846154,85.73846153846154
2018-06-07,87.3731343283582,87.3731343283582
2018-06-08,85.38235294117645,85.38235294117645
2018-06-09,84.51470588235293,84.51470588235293
2018-06-10,84.8955223880597,84.8955223880597
2018-06-11,85.6029411764706,85.6029411764706
2018-06-12,87.10294117647058,87.10294117647058
2018-06-13,87.05882352941177,87.05882352941177
2018-06-14,85.53030303030303,85.53030303030303
2018-06-15,84.60606060606061,84.60606060606061
2018-06-16,84.96969696969697,84.96969696969697
2018-06-17,84.92424242424242,84.92424242424242
2018-06-18,83.01492537313433,83.01492537313433
2018-06-19,83.16666666666667,83.16666666666667
2018-06-20,80.5,80.5
2018-06-21,80.92537313432835,80.92537313432835
2018-06-22,82.95454545454545,82.95454545454545
2018-06-23,86.38805970149254,86.38805970149254
2018-06-24,87.35294117647058,87.35294117647058
2018-06-25,87.83823529411767,87.83823529411767
2018-06-26,84.76470588235293,84.76470588235293
2018-06-27,86.61764705882355,86.61764705882355
2018-06-28,87.23880597014927,87.23880597014927
2018-06-29,87.13235294117645,87.13235294117645
2018-06-30,86.69117647058823,86.69117647058823
2018-07-01,86.52941176470587,86.52941176470587
2018-07-02,87.35294117647058,87.35294117647058
2018-07-03,86.40298507462688,86.40298507462688
2018-07-04,86.64179104477611,86.64179104477611
2018-07-05,84.4776119402985,84.4776119402985
2018-07-06,81.92647058823529,81.92647058823529
2018-07-07,83.16666666666667,83.16666666666667
2018-07-08,81.65151515151516,81.65151515151516
2018-07-09,81.13636363636364,81.13636363636364
2018-07-10,80.3970588235294,80.3970588235294
2018-07-11,82.27941176470588,82.27941176470588
2018-07-12,84.0,84.0
2018-07-13,84.44117647058823,84.44117647058823
2018-07-14,84.71641791044777,84.71641791044777
2018-07-15,85.80882352941177,85.80882352941177
2018-07-16,86.5735294117647,86.5735294117647
2018-07-17,86.61764705882355,86.61764705882355
2018-07-18,86.94029850746269,86.94029850746269
2018-07-19,88.80882352941177,88.80882352941177
2018-07-20,89.98529411764706,89.98529411764706
2018-07-21,89.66176470588233,89.66176470588233
2018-07-22,88.89552238805972,88.89552238805972
2018-07-23,89.80882352941177,89.80882352941177
2018-07-24,90.08955223880596,90.08955223880596
2018-07-25,88.50746268656717,88.50746268656717
2018-07-26,87.02985074626865,87.02985074626865
2018-07-27,86.07462686567165,86.07462686567165
2018-07-28,85.83823529411767,85.83823529411767
2018-07-29,86.89705882352942,86.89705882352942
2018-07-30,88.27941176470587,88.27941176470587
2018-07-31,85.66176470588233,85.66176470588233
2018-08-01,82.50746268656717,82.50746268656717
2018-08-02,82.25,82.25
2018-08-03,83.73529411764707,83.73529411764707
2018-08-04,84.32352941176471,84.32352941176471
2018-08-05,84.92647058823529,84.92647058823529
2018-08-06,84.47058823529412,84.47058823529412
2018-08-07,84.26470588235293,84.26470588235293
2018-08-08,85.76470588235293,85.76470588235293
2018-08-09,86.01492537313433,86.01492537313433
2018-08-10,84.31343283582089,84.31343283582089
2018-08-11,82.22058823529412,82.22058823529412
2018-08-12,79.98507462686567,79.98507462686567
2018-08-13,79.6470588235294,79.6470588235294
2018-08-14,81.95588235294117,81.95588235294117
2018-08-15,83.5223880597015,83.5223880597015
2018-08-16,85.61764705882355,85.61764705882355
2018-08-17,86.66176470588233,86.66176470588233
2018-08-18,86.70588235294117,86.70588235294117
2018-08-19,86.58208955223881,86.58208955223881
2018-08-20,85.94117647058823,85.94117647058823
2018-08-21,85.5,85.5
2018-08-22,85.19117647058823,85.19117647058823
2018-08-23,85.51470588235293,85.51470588235293
2018-08-24,86.16666666666669,86.16666666666669
2018-08-25,86.98507462686567,86.98507462686567
2018-08-26,86.56716417910448,86.56716417910448
2018-08-27,86.66176470588233,86.66176470588233
2018-08-28,87.1764705882353,87.1764705882353
2018-08-29,87.49253731343283,87.49253731343283
2018-08-30,86.25373134328358,86.25373134328358
2018-08-31,85.01492537313433,85.01492537313433
2018-09-01,85.4626865671642,85.4626865671642
2018-09-02,85.06060606060606,85.06060606060606
2018-09-03,83.73529411764707,83.73529411764707
2018-09-04,80.56716417910448,80.56716417910448
2018-09-05,80.8529411764706,80.8529411764706
2018-09-06,81.86764705882355,81.86764705882355
2018-09-07,79.95522388059702,79.95522388059702
2018-09-08,79.98529411764707,79.98529411764707
2018-09-09,77.41176470588233,77.41176470588233
2018-09-10,75.08823529411767,75.08823529411767
2018-09-11,73.58208955223881,73.58208955223881
2018-09-12,75.5,75.5
2018-09-13,78.29411764705883,78.29411764705883
2018-09-14,80.0625,80.0625
2018-09-15,78.53030303030303,78.53030303030303
2018-09-16,78.22727272727273,78.22727272727273
2018-09-17,79.19047619047619,79.19047619047619
2018-09-18,80.57377049180326,80.57377049180326
2018-09-19,82.03076923076924,82.03076923076924
2018-09-20,81.72307692307693,81.72307692307693
2018-09-21,80.33846153846154,80.33846153846154
2018-09-22,78.98412698412699,78.98412698412699
2018-09-23,72.39393939393939,72.39393939393939
2018-09-24,72.1044776119403,72.1044776119403
2018-09-25,76.94029850746269,76.94029850746269
2018-09-26,80.31818181818181,80.31818181818181
2018-09-27,73.63636363636364,73.63636363636364
2018-09-28,70.25373134328358,70.25373134328358
2018-09-29,73.32835820895522,73.32835820895522
2018-09-30,75.07575757575758,75.07575757575758
2018-10-01,77.359375,77.359375
2018-10-02,77.73529411764707,77.73529411764707
2018-10-03,79.32352941176471,79.32352941176471
2018-10-04,81.07462686567165,81.07462686567165
2018-10-05,80.79411764705883,80.79411764705883
2018-10-06,80.46376811594203,80.46376811594203
2018-10-07,79.38235294117645,79.38235294117645
2018-10-08,78.54411764705883,78.54411764705883
2018-10-09,76.15942028985508,76.15942028985508
2018-10-10,71.88235294117645,71.88235294117645
2018-10-11,68.70588235294117,68.70588235294117
2018-10-12,67.47058823529412,67.47058823529412
2018-10-13,71.46376811594203,71.46376811594203
2018-10-14,73.3529411764706,73.3529411764706
2018-10-15,71.40298507462687,71.40298507462687
2018-10-16,52.36363636363637,52.36363636363637
2018-10-17,47.92647058823529,47.92647058823529
2018-10-18,52.470588235294116,52.470588235294116
2018-10-19,56.32835820895522,56.32835820895522
2018-10-20,61.808823529411775,61.808823529411775
2018-10-21,64.25373134328358,64.25373134328358
2018-10-22,61.558823529411775,61.558823529411775
2018-10-23,59.60869565217392,59.60869565217392
2018-10-24,60.23880597014925,60.23880597014925
2018-10-25,58.55223880597014,58.55223880597014
2018-10-26,61.911764705882355,61.911764705882355
2018-10-27,64.3768115942029,64.3768115942029
2018-10-28,67.72463768115942,67.72463768115942
2018-10-29,69.30434782608695,69.30434782608695
2018-10-30,70.61764705882355,70.61764705882355
2018-10-31,72.91044776119405,72.91044776119405
2018-11-01,64.71212121212122,64.71212121212122
2018-11-02,56.897058823529406,56.897058823529406
2018-11-03,58.80597014925373,58.80597014925373
2018-11-04,63.0,63.0
2018-11-05,61.791044776119406,61.791044776119406
2018-11-06,68.4776119402985,68.4776119402985
2018-11-07,69.53731343283582,69.53731343283582
2018-11-08,68.94202898550725,68.94202898550725
2018-11-09,60.18840579710145,60.18840579710145
2018-11-10,52.10144927536232,52.10144927536232
2018-11-11,48.0,48.0
2018-11-12,51.54545454545455,51.54545454545455
2018-11-13,43.91044776119403,43.91044776119403
2018-11-14,37.1764705882353,37.1764705882353
2018-11-15,40.45588235294117,40.45588235294117
2018-11-16,48.1304347826087,48.1304347826087
2018-11-17,53.20588235294117,53.20588235294117
2018-11-18,56.49275362318841,56.49275362318841
2018-11-19,50.594202898550726,50.594202898550726
2018-11-20,48.31884057971015,48.31884057971015
2018-11-21,49.57352941176471,49.57352941176471
2018-11-22,48.33333333333334,48.33333333333334
2018-11-23,53.20588235294117,53.20588235294117
2018-11-24,62.18181818181818,62.18181818181818
2018-11-25,60.04545454545455,60.04545454545455
2018-11-26,56.21212121212121,56.21212121212121
2018-11-27,46.44776119402986,46.44776119402986
2018-11-28,49.22388059701493,49.22388059701493
2018-11-29,57.102941176470594,57.102941176470594
2018-11-30,64.02941176470588,64.02941176470588
2018-12-01,67.5909090909091,67.5909090909091
2018-12-02,62.411764705882355,62.411764705882355
2018-12-03,56.04477611940298,56.04477611940298
2018-12-04,51.95588235294117,51.95588235294117
2018-12-05,46.691176470588225,46.691176470588225
2018-12-06,47.75,47.75
2018-12-07,54.014705882352935,54.014705882352935
2018-12-08,50.10606060606061,50.10606060606061
2018-12-09,43.220588235294116,43.220588235294116
2018-12-10,44.07352941176471,44.07352941176471
2018-12-11,45.441176470588225,45.441176470588225
2018-12-12,47.86764705882353,47.86764705882353
2018-12-13,56.397058823529406,56.397058823529406
2018-12-14,54.01515151515152,54.01515151515152
2018-12-15,47.5,47.5
2018-12-16,50.31818181818182,50.31818181818182
2018-12-17,50.51515151515152,50.51515151515152
2018-12-18,52.43283582089552,52.43283582089552
2018-12-19,51.49253731343283,51.49253731343283
2018-12-20,56.835820895522396,56.835820895522396
2018-12-21,53.2686567164179,53.2686567164179
2018-12-22,50.65671641791045,50.65671641791045
2018-12-23,58.014705882352935,58.014705882352935
2018-12-24,51.441176470588225,51.441176470588225
2018-12-25,52.17647058823529,52.17647058823529
2018-12-26,60.014925373134325,60.014925373134325
2018-12-27,62.07462686567165,62.07462686567165
2018-12-28,54.691176470588225,54.691176470588225
2018-12-29,45.07352941176471,45.07352941176471
2018-12-29,45.07352941176471,45.07352941176471
2018-12-29,45.07352941176471,45.07352941176471
2018-12-30,41.37313432835821,41.37313432835821
2018-12-31,40.953125,40.953125
2019-01-01,50.33333333333334,50.33333333333334
2019-01-02,43.07894736842106,43.07894736842106
2019-01-03,39.56,39.56
2019-01-04,42.822784810126585,42.822784810126585
2019-01-05,49.34177215189873,49.34177215189873
2019-01-06,53.53846153846154,53.53846153846154
2019-01-07,58.07692307692307,58.07692307692307
2019-01-08,64.18181818181819,64.18181818181819
2019-01-09,60.39743589743589,60.39743589743589
2019-01-10,52.87012987012987,52.87012987012987
2019-01-11,51.97435897435897,51.97435897435897
2019-01-12,54.79746835443038,54.79746835443038
2019-01-13,52.118421052631575,52.118421052631575
2019-01-14,44.51282051282051,44.51282051282051
2019-01-15,43.5,43.5
2019-01-16,47.72151898734179,47.72151898734179
2019-01-17,54.68354430379746,54.68354430379746
2019-01-18,57.56410256410256,57.56410256410256
2019-01-19,59.1139240506329,59.1139240506329
2019-01-20,49.924050632911396,49.924050632911396
2019-01-21,43.151898734177216,43.151898734177216
2019-01-22,51.0126582278481,51.0126582278481
2019-01-23,56.153846153846146,56.153846153846146
2019-01-24,43.746835443037966,43.746835443037966
2019-01-25,45.9102564102564,45.9102564102564
2019-01-26,46.69230769230769,46.69230769230769
2019-01-27,50.32051282051282,50.32051282051282
2019-01-28,51.884615384615394,51.884615384615394
2019-01-29,53.9102564102564,53.9102564102564
2019-01-30,41.54545454545455,41.54545454545455
2019-01-31,45.36708860759494,45.36708860759494
2019-02-01,52.62820512820514,52.62820512820514
2019-02-02,59.9873417721519,59.9873417721519
2019-02-03,61.66666666666666,61.66666666666666
2019-02-04,66.07792207792208,66.07792207792208
2019-02-05,68.14473684210526,68.14473684210526
2019-02-06,69.16883116883118,69.16883116883118
2019-02-07,71.56962025316456,71.56962025316456
2019-02-08,55.20253164556962,55.20253164556962
2019-02-09,36.87179487179487,36.87179487179487
2019-02-10,38.20779220779221,38.20779220779221
2019-02-11,45.98717948717949,45.98717948717949
2019-02-12,56.45454545454545,56.45454545454545
2019-02-13,51.141025641025635,51.141025641025635
2019-02-14,50.06410256410256,50.06410256410256
2019-02-15,63.139240506329116,63.139240506329116
2019-02-16,64.37974683544304,64.37974683544304
2019-02-17,55.0253164556962,55.0253164556962
2019-02-18,54.57692307692307,54.57692307692307
2019-02-19,48.39743589743589,48.39743589743589
2019-02-20,43.68421052631579,43.68421052631579
2019-02-21,49.97435897435897,49.97435897435897
2019-02-22,51.87341772151899,51.87341772151899
2019-02-23,55.08860759493671,55.08860759493671
2019-02-24,59.93421052631579,59.93421052631579
2019-02-25,51.756410256410255,51.756410256410255
2019-02-26,54.32051282051282,54.32051282051282
2019-02-27,60.77215189873418,60.77215189873418
2019-02-28,60.532467532467535,60.532467532467535
2019-03-01,49.0126582278481,49.0126582278481
2019-03-02,51.63291139240506,51.63291139240506
2019-03-03,53.641025641025635,53.641025641025635
2019-03-04,43.756410256410255,43.756410256410255
2019-03-05,33.31645569620253,33.31645569620253
2019-03-06,36.9873417721519,36.9873417721519
2019-03-07,44.346153846153854,44.346153846153854
2019-03-08,60.53846153846154,60.53846153846154
2019-03-09,70.11392405063293,70.11392405063293
2019-03-10,70.10126582278481,70.10126582278481
2019-03-11,64.24358974358975,64.24358974358975
2019-03-12,61.82278481012658,61.82278481012658
2019-03-13,67.15584415584415,67.15584415584415
2019-03-14,67.66233766233766,67.66233766233766
2019-03-15,62.81818181818182,62.81818181818182
2019-03-16,52.75,52.75
2019-03-17,51.448717948717956,51.448717948717956
2019-03-18,53.69230769230769,53.69230769230769
2019-03-19,55.846153846153854,55.846153846153854
2019-03-20,57.756410256410255,57.756410256410255
2019-03-21,59.82051282051282,59.82051282051282
2019-03-22,61.05194805194805,61.05194805194805
2019-03-23,63.858974358974365,63.858974358974365
2019-03-24,66.58441558441558,66.58441558441558
2019-03-25,70.58441558441558,70.58441558441558
2019-03-26,68.30769230769229,68.30769230769229
2019-03-27,64.19230769230771,64.19230769230771
2019-03-28,64.47435897435898,64.47435897435898
2019-03-29,68.0909090909091,68.0909090909091
2019-03-30,69.63636363636364,69.63636363636364
2019-03-31,60.118421052631575,60.118421052631575
2019-04-01,48.52,48.52
2019-04-02,50.22368421052632,50.22368421052632
2019-04-03,56.14473684210525,56.14473684210525
2019-04-04,62.618421052631575,62.618421052631575
2019-04-05,73.09210526315789,73.09210526315789
2019-04-06,69.96103896103897,69.96103896103897
2019-04-07,71.0,71.0
2019-04-08,67.32894736842105,67.32894736842105
2019-04-09,70.76315789473685,70.76315789473685
2019-04-10,72.61538461538461,72.61538461538461
2019-04-11,77.08974358974359,77.08974358974359
2019-04-12,67.15384615384616,67.15384615384616
2019-04-13,63.32467532467533,63.32467532467533
2019-04-14,59.52564102564103,59.52564102564103
2019-04-15,58.39743589743589,58.39743589743589
2019-04-16,66.0253164556962,66.0253164556962
2019-04-17,70.92405063291139,70.92405063291139
2019-04-18,73.49350649350649,73.49350649350649
2019-04-19,66.19230769230771,66.19230769230771
2019-04-20,62.65822784810127,62.65822784810127
2019-04-21,64.9746835443038,64.9746835443038
2019-04-22,70.89610389610391,70.89610389610391
2019-04-23,71.96153846153847,71.96153846153847
2019-04-24,71.0253164556962,71.0253164556962
2019-04-25,66.0,66.0
2019-04-26,70.43589743589743,70.43589743589743
2019-04-27,69.93589743589743,69.93589743589743
2019-04-28,72.63291139240506,72.63291139240506
2019-04-29,73.84615384615384,73.84615384615384
2019-04-30,74.9746835443038,74.9746835443038
2019-05-01,77.68354430379746,77.68354430379746
2019-05-02,76.68354430379746,76.68354430379746
2019-05-03,72.51282051282051,72.51282051282051
2019-05-04,71.87179487179488,71.87179487179488
2019-05-05,71.35443037974683,71.35443037974683
2019-05-06,73.01282051282051,73.01282051282051
2019-05-07,73.97368421052632,73.97368421052632
2019-05-08,76.5,76.5
2019-05-09,73.23076923076924,73.23076923076924
2019-05-10,71.02597402597402,71.02597402597402
2019-05-11,60.805194805194795,60.805194805194795
2019-05-12,63.08860759493671,63.08860759493671
2019-05-13,67.78481012658227,67.78481012658227
2019-05-14,69.9493670886076,69.9493670886076
2019-05-15,72.56410256410257,72.56410256410257
2019-05-16,75.0632911392405,75.0632911392405
2019-05-17,76.43037974683544,76.43037974683544
2019-05-18,79.31645569620254,79.31645569620254
2019-05-19,78.26582278481013,78.26582278481013
2019-05-20,79.01265822784809,79.01265822784809
2019-05-21,80.92307692307692,80.92307692307692
2019-05-22,76.46153846153847,76.46153846153847
2019-05-23,80.17721518987342,80.17721518987342
2019-05-24,83.54430379746836,83.54430379746836
2019-05-25,82.02564102564101,82.02564102564101
2019-05-26,81.6794871794872,81.6794871794872
2019-05-27,81.03896103896103,81.03896103896103
2019-05-28,80.85714285714286,80.85714285714286
2019-05-29,81.26923076923076,81.26923076923076
2019-05-30,80.21052631578948,80.21052631578948
2019-05-31,77.83783783783784,77.83783783783784
2019-06-01,78.44871794871794,78.44871794871794
2019-06-02,81.16666666666667,81.16666666666667
2019-06-03,80.6794871794872,80.6794871794872
2019-06-04,81.6794871794872,81.6794871794872
2019-06-05,80.10389610389609,80.10389610389609
2019-06-06,79.56410256410257,79.56410256410257
2019-06-07,79.47435897435899,79.47435897435899
2019-06-08,81.21794871794873,81.21794871794873
2019-06-09,82.60759493670886,82.60759493670886
2019-06-10,83.6025641025641,83.6025641025641
2019-06-11,77.6842105263158,77.6842105263158
2019-06-12,74.59740259740259,74.59740259740259
2019-06-13,76.42307692307692,76.42307692307692
2019-06-14,77.79220779220779,77.79220779220779
2019-06-15,80.89610389610391,80.89610389610391
2019-06-16,84.38461538461539,84.38461538461539
2019-06-17,80.26923076923076,80.26923076923076
2019-06-18,78.36363636363636,78.36363636363636
2019-06-19,81.75641025641026,81.75641025641026
2019-06-20,84.64935064935065,84.64935064935065
2019-06-21,85.41025641025641,85.41025641025641
2019-06-22,86.92207792207792,86.92207792207792
2019-06-23,84.74358974358974,84.74358974358974
2019-06-24,84.8205128205128,84.8205128205128
2019-06-25,78.03947368421052,78.03947368421052
2019-06-26,80.36842105263158,80.36842105263158
2019-06-27,81.3768115942029,81.3768115942029
2019-06-28,82.4090909090909,82.4090909090909
2019-06-29,82.83076923076923,82.83076923076923
2019-06-30,82.20588235294117,82.20588235294117
2019-07-01,79.30882352941177,79.30882352941177
2019-07-02,82.26086956521739,82.26086956521739
2019-07-03,83.07352941176471,83.07352941176471
2019-07-04,82.82352941176471,82.82352941176471
2019-07-05,84.20588235294117,84.20588235294117
2019-07-06,85.8529411764706,85.8529411764706
2019-07-07,84.31343283582089,84.31343283582089
2019-07-08,85.17647058823529,85.17647058823529
2019-07-09,84.77941176470588,84.77941176470588
2019-07-10,86.04347826086956,86.04347826086956
2019-07-11,86.1159420289855,86.1159420289855
2019-07-12,84.65217391304348,84.65217391304348
2019-07-13,84.91304347826087,84.91304347826087
2019-07-14,84.04347826086956,84.04347826086956
2019-07-15,84.5072463768116,84.5072463768116
2019-07-16,84.97101449275362,84.97101449275362
2019-07-17,87.56521739130434,87.56521739130434
2019-07-18,86.98550724637683,86.98550724637683
2019-07-19,86.72463768115942,86.72463768115942
2019-07-20,86.82608695652173,86.82608695652173
2019-07-21,86.98550724637683,86.98550724637683
2019-07-22,86.20289855072464,86.20289855072464
2019-07-23,85.32857142857142,85.32857142857142
2019-07-24,82.3,82.3
2019-07-25,79.07142857142857,79.07142857142857
2019-07-26,77.42028985507247,77.42028985507247
2019-07-27,79.2,79.2
2019-07-28,82.26086956521739,82.26086956521739
2019-07-29,85.8695652173913,85.8695652173913
2019-07-30,86.31884057971014,86.31884057971014
2019-07-31,87.25714285714285,87.25714285714285
2019-08-01,86.52173913043478,86.52173913043478
2019-08-02,86.05128205128206,86.05128205128206
2019-08-03,86.35897435897436,86.35897435897436
2019-08-04,85.57692307692308,85.57692307692308
2019-08-05,85.48717948717949,85.48717948717949
2019-08-06,86.42857142857143,86.42857142857143
2019-08-07,87.79220779220779,87.79220779220779
2019-08-08,89.02631578947368,89.02631578947368
2019-08-09,89.06493506493506,89.06493506493506
2019-08-10,89.44871794871794,89.44871794871794
2019-08-11,88.98717948717949,88.98717948717949
2019-08-12,89.06410256410255,89.06410256410255
2019-08-13,89.68421052631581,89.68421052631581
2019-08-14,89.38461538461539,89.38461538461539
2019-08-15,87.2857142857143,87.2857142857143
2019-08-16,87.06410256410255,87.06410256410255
2019-08-17,88.6794871794872,88.6794871794872
2019-08-18,89.34615384615385,89.34615384615385
2019-08-19,89.42307692307692,89.42307692307692
2019-08-20,89.21794871794873,89.21794871794873
2019-08-21,87.97368421052632,87.97368421052632
2019-08-22,86.8961038961039,86.8961038961039
2019-08-23,86.69230769230771,86.69230769230771
2019-08-24,86.0,86.0
2019-08-25,85.14285714285714,85.14285714285714
2019-08-26,86.92307692307692,86.92307692307692
2019-08-27,89.97435897435898,89.97435897435898
2019-08-28,85.05194805194805,85.05194805194805
2019-08-29,85.01282051282051,85.01282051282051
2019-08-30,86.50649350649351,86.50649350649351
2019-08-31,85.18181818181819,85.18181818181819
2019-09-01,83.81818181818181,83.81818181818181
2019-09-02,84.33766233766234,84.33766233766234
2019-09-03,84.58441558441558,84.58441558441558
2019-09-04,84.03896103896103,84.03896103896103
2019-09-05,84.8157894736842,84.8157894736842
2019-09-06,84.30263157894737,84.30263157894737
2019-09-07,85.35897435897436,85.35897435897436
2019-09-08,85.69230769230771,85.69230769230771
2019-09-09,85.34615384615384,85.34615384615384
2019-09-10,84.34177215189874,84.34177215189874
2019-09-11,84.0632911392405,84.0632911392405
2019-09-12,83.34177215189874,83.34177215189874
2019-09-13,83.32911392405063,83.32911392405063
2019-09-14,83.17721518987342,83.17721518987342
2019-09-15,83.79746835443036,83.79746835443036
2019-09-16,82.98734177215191,82.98734177215191
2019-09-17,83.40506329113923,83.40506329113923
2019-09-18,81.94871794871794,81.94871794871794
2019-09-19,83.61538461538461,83.61538461538461
2019-09-20,83.19230769230771,83.19230769230771
2019-09-21,84.88461538461539,84.88461538461539
2019-09-22,83.83116883116881,83.83116883116881
2019-09-23,83.58666666666667,83.58666666666667
2019-09-24,84.45454545454545,84.45454545454545
2019-09-25,84.0909090909091,84.0909090909091
2019-09-26,84.18181818181819,84.18181818181819
2019-09-27,83.63157894736842,83.63157894736842
2019-09-28,83.46052631578948,83.46052631578948
2019-09-29,84.65789473684211,84.65789473684211
2019-09-30,85.55844155844156,85.55844155844156
2019-10-01,84.9090909090909,84.9090909090909
2019-10-02,84.61038961038959,84.61038961038959
2019-10-03,83.37662337662337,83.37662337662337
2019-10-04,82.20253164556964,82.20253164556964
2019-10-05,80.44303797468355,80.44303797468355
2019-10-06,81.64556962025317,81.64556962025317
2019-10-07,81.28571428571429,81.28571428571429
2019-10-08,73.0909090909091,73.0909090909091
2019-10-09,71.97435897435899,71.97435897435899
2019-10-10,78.37662337662337,78.37662337662337
2019-10-11,81.1518987341772,81.1518987341772
2019-10-12,60.78947368421053,60.78947368421053
2019-10-13,58.896103896103895,58.896103896103895
2019-10-14,67.84810126582279,67.84810126582279
2019-10-15,75.6025641025641,75.6025641025641
2019-10-16,80.02564102564101,80.02564102564101
2019-10-17,65.13924050632912,65.13924050632912
2019-10-18,63.481012658227854,63.481012658227854
2019-10-19,67.74683544303798,67.74683544303798
2019-10-20,75.1518987341772,75.1518987341772
2019-10-21,75.86075949367087,75.86075949367087
2019-10-22,67.64556962025317,67.64556962025317
2019-10-23,64.17948717948718,64.17948717948718
2019-10-24,68.55696202531645,68.55696202531645
2019-10-25,65.34615384615384,65.34615384615384
2019-10-26,52.21794871794872,52.21794871794872
2019-10-27,57.67948717948718,57.67948717948718
2019-10-28,61.96153846153846,61.96153846153846
2019-10-29,62.56410256410256,62.56410256410256
2019-10-30,57.89743589743589,57.89743589743589
2019-10-31,47.860759493670884,47.860759493670884
2019-11-01,43.708860759493675,43.708860759493675
2019-11-02,48.9746835443038,48.9746835443038
2019-11-03,53.358974358974365,53.358974358974365
2019-11-04,56.384615384615394,56.384615384615394
2019-11-05,66.01282051282051,66.01282051282051
2019-11-06,68.26923076923077,68.26923076923077
2019-11-07,71.28205128205127,71.28205128205127
2019-11-08,57.89473684210525,57.89473684210525
2019-11-09,48.448717948717956,48.448717948717956
2019-11-10,55.641025641025635,55.641025641025635
2019-11-11,61.56410256410256,61.56410256410256
2019-11-12,53.14473684210525,53.14473684210525
2019-11-13,35.25641025641025,35.25641025641025
2019-11-14,38.39473684210526,38.39473684210526
2019-11-15,45.32051282051282,45.32051282051282
2019-11-16,48.766233766233775,48.766233766233775
2019-11-17,50.48684210526316,50.48684210526316
2019-11-18,55.22368421052632,55.22368421052632
2019-11-19,58.519480519480524,58.519480519480524
2019-11-20,62.17105263157895,62.17105263157895
2019-11-21,69.71794871794873,69.71794871794873
2019-11-22,68.79220779220779,68.79220779220779
2019-11-23,56.94805194805195,56.94805194805195
2019-11-24,53.46153846153846,53.46153846153846
2019-11-25,55.70512820512821,55.70512820512821
2019-11-26,63.87341772151899,63.87341772151899
2019-11-27,68.36708860759494,68.36708860759494
2019-11-28,56.32911392405064,56.32911392405064
2019-11-29,53.65822784810127,53.65822784810127
2019-11-30,62.8860759493671,62.8860759493671
2019-12-01,68.22077922077922,68.22077922077922
2019-12-02,53.233766233766225,53.233766233766225
2019-12-03,50.24675324675325,50.24675324675325
2019-12-04,55.46666666666667,55.46666666666667
2019-12-05,57.645569620253156,57.645569620253156
2019-12-06,62.52564102564103,62.52564102564103
2019-12-07,60.269230769230774,60.269230769230774
2019-12-08,55.5897435897436,55.5897435897436
2019-12-09,60.936708860759495,60.936708860759495
2019-12-10,64.92405063291139,64.92405063291139
2019-12-11,48.89743589743589,48.89743589743589
2019-12-12,45.80769230769231,45.80769230769231
2019-12-13,49.78481012658228,49.78481012658228
2019-12-14,58.03797468354431,58.03797468354431
2019-12-15,58.22784810126582,58.22784810126582
2019-12-16,64.40506329113924,64.40506329113924
2019-12-17,51.924050632911396,51.924050632911396
2019-12-18,42.354430379746844,42.354430379746844
2019-12-19,42.607594936708864,42.607594936708864
2019-12-20,44.1139240506329,44.1139240506329
2019-12-21,49.39240506329114,49.39240506329114
2019-12-22,49.0,49.0
2019-12-23,48.063291139240505,48.063291139240505
2019-12-24,51.72151898734179,51.72151898734179
2019-12-25,54.55696202531646,54.55696202531646
2019-12-26,58.18987341772152,58.18987341772152
2019-12-27,60.5,60.5
2019-12-28,62.620253164556964,62.620253164556964
2019-12-29,61.645569620253156,61.645569620253156
2019-12-30,51.481012658227854,51.481012658227854
2019-12-31,46.303797468354425,46.303797468354425
2020-01-01,46.20481927710844,46.20481927710844
2020-01-02,50.89024390243903,50.89024390243903
2020-01-03,55.373493975903614,55.373493975903614
2020-01-04,53.46987951807229,53.46987951807229
2020-01-05,51.481927710843365,51.481927710843365
2020-01-06,55.85542168674698,55.85542168674698
2020-01-07,55.91566265060241,55.91566265060241
2020-01-08,51.036144578313255,51.036144578313255
2020-01-09,51.674698795180724,51.674698795180724
2020-01-10,66.26506024096386,66.26506024096386
2020-01-11,63.76829268292683,63.76829268292683
2020-01-12,48.39759036144578,48.39759036144578
2020-01-13,49.45783132530121,49.45783132530121
2020-01-14,56.75903614457832,56.75903614457832
2020-01-15,66.144578313253,66.144578313253
2020-01-16,69.5609756097561,69.5609756097561
2020-01-17,60.2962962962963,60.2962962962963
2020-01-18,58.4320987654321,58.4320987654321
2020-01-19,56.602409638554214,56.602409638554214
2020-01-20,47.602409638554214,47.602409638554214
2020-01-21,48.01204819277108,48.01204819277108
2020-01-22,48.555555555555564,48.555555555555564
2020-01-23,52.349397590361455,52.349397590361455
2020-01-24,54.433734939759034,54.433734939759034
2020-01-25,51.86746987951807,51.86746987951807
2020-01-26,54.536585365853654,54.536585365853654
2020-01-27,60.62962962962962,60.62962962962962
2020-01-28,57.365853658536594,57.365853658536594
2020-01-29,57.073170731707314,57.073170731707314
2020-01-30,49.09876543209877,49.09876543209877
2020-01-31,46.39024390243903,46.39024390243903
2020-02-01,48.925925925925924,48.925925925925924
2020-02-02,52.62962962962962,52.62962962962962
2020-02-03,58.536585365853654,58.536585365853654
2020-02-04,63.17073170731707,63.17073170731707
2020-02-05,59.722891566265055,59.722891566265055
2020-02-06,40.888888888888886,40.888888888888886
2020-02-07,40.89156626506024,40.89156626506024
2020-02-08,51.09638554216868,51.09638554216868
2020-02-09,55.78048780487804,55.78048780487804
2020-02-10,66.8048780487805,66.8048780487805
2020-02-11,58.8170731707317,58.8170731707317
2020-02-12,47.0,47.0
2020-02-13,49.57831325301205,49.57831325301205
2020-02-14,46.0722891566265,46.0722891566265
2020-02-15,45.433734939759034,45.433734939759034
2020-02-16,53.481481481481474,53.481481481481474
2020-02-17,62.75903614457832,62.75903614457832
2020-02-18,67.855421686747,67.855421686747
2020-02-19,60.65853658536585,60.65853658536585
2020-02-20,50.134146341463406,50.134146341463406
2020-02-21,46.5,46.5
2020-02-22,44.01190476190475,44.01190476190475
2020-02-23,51.273809523809526,51.273809523809526
2020-02-24,59.64285714285714,59.64285714285714
2020-02-25,60.964285714285715,60.964285714285715
2020-02-26,54.28571428571429,54.28571428571429
2020-02-27,43.55952380952381,43.55952380952381
2020-02-28,45.11904761904761,45.11904761904761
2020-02-29,53.202380952380956,53.202380952380956
2020-03-01,58.88095238095239,58.88095238095239
2020-03-02,66.30952380952381,66.30952380952381
2020-03-03,67.44047619047619,67.44047619047619
2020-03-04,65.44578313253011,65.44578313253011
2020-03-05,59.35714285714285,59.35714285714285
2020-03-06,59.154761904761905,59.154761904761905
2020-03-07,57.05952380952381,57.05952380952381
2020-03-08,56.602409638554214,56.602409638554214
2020-03-09,60.686746987951814,60.686746987951814
2020-03-10,66.51190476190476,66.51190476190476
2020-03-11,68.30952380952381,68.30952380952381
2020-03-12,72.79761904761905,72.79761904761905
2020-03-13,73.97619047619048,73.97619047619048
2020-03-14,70.64285714285714,70.64285714285714
2020-03-15,70.40476190476191,70.40476190476191
2020-03-16,64.45238095238095,64.45238095238095
2020-03-17,66.21686746987952,66.21686746987952
2020-03-18,71.22619047619048,71.22619047619048
2020-03-19,73.48809523809524,73.48809523809524
2020-03-20,73.72619047619048,73.72619047619048
2020-03-21,60.783132530120476,60.783132530120476
2020-03-22,52.773809523809526,52.773809523809526
2020-03-23,61.08433734939759,61.08433734939759
2020-03-24,70.64285714285714,70.64285714285714
2020-03-25,73.63095238095238,73.63095238095238
2020-03-26,73.0,73.0
2020-03-27,76.46428571428571,76.46428571428571
2020-03-28,76.59036144578313,76.59036144578313
2020-03-29,66.60240963855422,66.60240963855422
2020-03-30,63.44578313253012,63.44578313253012
2020-03-31,67.59036144578313,67.59036144578313
2020-04-01,64.83333333333333,64.83333333333333
2020-04-02,64.52380952380952,64.52380952380952
2020-04-03,68.02380952380952,68.02380952380952
2020-04-04,62.71951219512196,62.71951219512196
2020-04-05,52.71084337349398,52.71084337349398
2020-04-06,60.75903614457832,60.75903614457832
2020-04-07,68.42857142857143,68.42857142857143
2020-04-08,76.45238095238095,76.45238095238095
2020-04-09,79.11904761904762,79.11904761904762
2020-04-10,74.26190476190476,74.26190476190476
2020-04-11,67.4047619047619,67.4047619047619
2020-04-12,69.3809523809524,69.3809523809524
2020-04-13,69.54761904761905,69.54761904761905
2020-04-14,57.33333333333334,57.33333333333334
