DATE,AL,GA,T_WA
2015-01-01,43.4225,42.68375,42.917131831352876
2015-01-02,51.2,48.30499999999999,49.21957245585997
2015-01-03,61.8725,53.84375,56.380148481860374
2015-01-04,57.7925,61.50125,60.32960212584777
2015-01-05,41.0675,44.5325,43.437856283400755
2015-01-06,40.76,41.70125,41.40389548391081
2015-01-07,36.545,37.8875,37.463384793785146
2015-01-08,22.415,22.46375,22.448349168489408
2015-01-09,31.8575,32.46125,32.270516625138015
2015-01-10,33.74,34.55375,34.296674581707755
2015-01-11,44.345,38.67875,40.46880049326998
2015-01-12,54.83750000000001,44.61125,47.84187057918414
2015-01-13,47.5925,47.34875,47.42575415755297
2015-01-14,40.2875,40.7225,40.58507719575161
2015-01-15,38.3525,37.85375,38.01131235314686
2015-01-16,40.28,41.2025,40.91106888064565
2015-01-17,45.7025,41.45375,42.79599170011574
2015-01-18,49.61,48.27125,48.69418052686789
2015-01-19,47.735,47.615,47.652909739103
2015-01-20,54.2,51.46625,52.329881243940314
2015-01-21,52.07,51.17,51.454323043272524
2015-01-22,50.7075,47.49125,48.50730998658364
2015-01-23,46.34,46.955,46.7607125870971
2015-01-24,42.1725,45.44375,44.41031471632748
2015-01-25,46.1075,44.15375,44.77096793977079
2015-01-26,45.3275,45.09125,45.16588479885904
2015-01-27,46.715,40.26875,42.30521379743951
2015-01-28,45.6575,39.31625,41.31954277572437
2015-01-29,51.8675,42.6875,45.58759504137982
2015-01-30,48.0425,47.5775,47.72440023902414
2015-01-31,43.57250000000001,39.10625,40.51720310223994
2015-02-01,52.02500000000001,48.88249999999999,49.87526129275992
2015-02-02,43.67,49.25375,47.48976245236334
2015-02-03,35.96,35.585,35.70346793469688
2015-02-04,42.545,40.5875,41.20590261911776
2015-02-05,43.61,46.00625,45.249239897286884
2015-02-06,40.525,36.51875,37.78438243567842
2015-02-07,47.6,43.715,44.94232780345976
2015-02-08,56.30750000000001,51.1775,52.79814134665343
2015-02-09,59.6825,56.35625,57.407060580761396
2015-02-10,44.57,48.68,47.3815914357221
2015-02-11,44.045,45.3975,44.97022564885989
2015-02-12,44.4575,42.61375,43.19621734559304
2015-02-13,35.66000000000001,33.316250000000004,34.056674591855554
2015-02-14,44.6375,41.98625,42.823818298306996
2015-02-15,41.75,38.56625,39.572042765576576
2015-02-16,49.9925,38.66,42.240100986539964
2015-02-17,32.9,38.64125,36.82750591979064
2015-02-18,33.7175,33.43625,33.525100951022665
2015-02-19,27.395,24.005,25.075950129659866
2015-02-20,32.2175,25.7225,27.774364628950103
2015-02-21,52.8125,42.62,45.83995846506142
2015-02-22,56.465,52.47125,53.73293350452186
2015-02-23,41.4125,48.89874999999999,46.53373513033445
2015-02-24,37.1,37.74071428571429,37.53830335728932
2015-02-25,36.74,36.08,36.28850356506653
2015-02-26,38.057857142857145,39.06071428571428,38.743897180353464
2015-02-27,37.4375,40.44125,39.492321843077924
2015-02-28,45.65,42.03125,43.17446556982497
2015-03-01,51.1025,41.81,44.74563542178889
2015-03-02,53.27,54.395,54.03959619590934
2015-03-03,61.46,55.3025,57.24774348772291
2015-03-04,68.4125,62.64125000000001,64.46447151498512
2015-03-05,45.3875,57.74374999999999,53.84023155173753
2015-03-06,34.3325,40.18625,38.33696553938157
2015-03-07,45.5775,43.79,44.3546971553885
2015-03-08,52.11500000000001,50.6225,51.09400238009361
2015-03-09,57.44,57.92375,57.770926364241014
2015-03-10,65.7125,64.49375,64.87877078776489
2015-03-11,65.53999999999999,66.43625,66.15311163607444
2015-03-12,65.41250000000001,63.20375,63.90152613536467
2015-03-13,61.4375,52.4585,55.29509622838229
2015-03-14,62.12,58.0175,59.31353920558396
2015-03-15,64.445,63.78125,63.99093824441349
2015-03-16,64.5725,62.04875,62.84603920051006
2015-03-17,68.81,66.47375,67.21180523316161
2015-03-18,66.458,62.2175,63.557135405552415
2015-03-19,65.94800000000001,54.72875000000001,58.27307367026151
2015-03-20,65.72,57.05375,59.79154397084508
2015-03-21,64.445,62.9525,63.42400238009362
2015-03-22,61.9025,57.785,59.08577792297183
2015-03-23,61.64,58.76750000000001,59.674964379778174
2015-03-24,61.8725,59.36375,60.15630048312219
2015-03-25,65.91499999999999,62.85125000000001,63.81913302647359
2015-03-26,65.6525,66.57875,66.2861342012987
2015-03-27,53.66857142857143,57.62750000000001,56.37681708941429
2015-03-28,45.7775,46.0025,45.931419239181864
2015-03-29,51.99500000000001,43.81625,46.40003565573913
2015-03-30,65.24642857142858,55.7675,58.762030909323926
2015-03-31,65.675,59.17,61.22502377387535
2015-04-01,68.66,66.84714285714286,67.41985070144895
2015-04-02,71.35999999999999,64.565,66.7116389767076
2015-04-03,72.1625,69.4175,70.28468528198123
2015-04-04,62.63,64.41125,63.84852731018978
2015-04-05,59.165,56.225,57.1537886080236
2015-04-06,67.69999999999999,62.99375000000001,64.48052258044595
2015-04-07,71.11,67.72999999999999,68.7977909847346
2015-04-28,66.02,60.08,61.9565320855987
2015-04-29,62.2625,58.295,59.54839074909307
2015-04-30,63.725,62.225,62.69887173878756
2015-05-01,63.33500000000001,60.95,61.70345606467221
2015-05-02,63.455,62.30375,62.667446559519455
2015-05-03,67.13642857142858,65.01500000000001,65.68519003057098
2015-05-04,70.7525,67.14500000000001,68.28466153178407
2015-05-05,70.92500000000003,67.86125,68.82913302647358
2015-05-06,72.02000000000002,68.17785714285714,69.39164575378011
2015-05-07,73.37,68.63374999999999,70.1300000152217
2015-05-08,74.32249999999998,72.60125000000002,73.14501782025872
2015-05-09,74.26749999999998,73.54375000000002,73.772393113965
2015-05-10,77.9,75.82249999999998,76.47881235822075
2015-05-11,77.8775,77.68625,77.74666864669543
2015-05-12,75.25999999999998,75.84125,75.65762470121983
2015-05-13,75.4175,73.65875,74.2143646137284
2015-05-14,74.315,70.83875,71.93694775464014
2015-05-15,75.2525,73.25375,73.8851840919344
2015-05-16,74.375,73.53125,73.79780285306799
2015-05-17,75.1025,74.00750000000002,74.35342636931493
2015-05-18,75.60500000000002,74.51375,74.85849168996795
2015-05-19,76.67750000000002,76.3475,76.45175178253325
2015-05-20,76.37,77.5625,77.1857719676639
2015-05-21,71.42000000000002,74.74625,73.69543941923861
2015-05-22,66.36500000000001,67.53125,67.16281472309268
2015-05-23,72.80000000000003,69.10999999999999,70.27572447741738
2015-05-24,75.3725,72.28625,73.2612411025554
2015-05-25,74.41999999999999,73.685,73.9171971520059
2015-05-26,74.13499999999998,74.58125000000003,74.4402731577107
2015-05-27,75.0457142857143,73.02285714285712,73.66190703059348
2015-05-28,73.88749999999997,73.24785714285713,73.44992959146867
2015-05-29,76.1,74.5925,75.06874109748149
2015-05-30,76.6625,75.9825,76.197321854917
2015-05-31,76.67750000000002,74.66,75.29735748866925
2015-06-01,72.815,74.06,73.66668645680633
2015-06-02,73.91,73.59875,73.6970783857984
2015-06-03,74.93,70.67,72.01579573815665
2015-06-04,76.26500000000001,71.7875,73.20200714028084
2015-06-05,77.3375,74.76124999999998,75.57512471136761
2015-06-06,79.2575,77.2775,77.90301069519957
2015-06-07,80.93,77.53999999999998,78.61095012965986
2015-06-08,80.8775,78.74000000000002,79.41526722777226
2015-06-09,78.94999999999997,75.99875,76.93109264606451
2015-06-10,77.6,75.05375000000002,75.8581472765919
2015-06-11,78.93285714285712,76.3775,77.18477435500594
2015-06-12,77.86250000000003,77.64625000000002,77.71456650900856
2015-06-13,80.1875,79.92125000000001,80.00536223363481
2015-06-14,81.785,82.07,81.97996436963035
2015-06-15,83.64500000000002,83.76124999999998,83.72452494024395
2015-06-16,84.70250000000001,84.42,84.50924584413832
2015-06-17,86.25,87.80000000000003,87.3103325365862
2015-06-18,84.2,82.46000000000002,83.00969121699359
2015-06-19,83.75,82.2425,82.7187410974815
2015-06-20,84.0275,82.25375000000003,82.8141033311163
2015-06-21,84.6275,83.67875,83.97847387478313
2015-06-22,81.845,83.72,83.12766032651555
2015-06-23,84.70250000000001,82.46375,83.17100357014043
2015-06-24,81.29750000000001,81.85625000000002,81.67973277730165
2015-06-25,81.48499999999999,82.205,81.97754156538198
2015-06-26,80.7125,82.75250000000003,82.10803443524895
2015-06-27,79.11500000000002,77.81375,78.2248337333982
2015-06-28,77.195,76.78999999999998,76.91794536947262
2015-06-29,77.2175,76.1075,76.45816508670279
2015-06-30,79.44,78.50428571428571,78.79989141800556
2015-07-01,77.9975,75.6575,76.39673991250858
2015-07-02,79.7825,75.58625,76.91190618925819
2015-07-03,79.97,76.82750000000001,77.82026129275992
2015-07-04,78.0575,76.1225,76.73379454303594
2015-07-05,74.3525,76.32500000000002,75.70185866349438
2015-07-06,77.45,76.93625,77.09855107053474
2015-07-07,82.2575,79.8425,80.60543349944797
2015-07-08,83.0375,81.68375,82.11141924425577
2015-07-09,84.15714285714286,84.58857142857143,84.45227689036777
2015-07-10,82.6175,83.00857142857143,82.88502629667325
2015-07-11,84.17750000000002,82.955,83.34120546711188
2015-07-12,83.88499999999998,83.2625,83.45915677159682
2015-07-13,85.6625,83.25875,84.01812946140706
2015-07-14,85.005,83.85125000000002,84.21573634575078
2015-07-15,82.55,81.17750000000002,81.61109264099062
2015-07-16,82.91749999999998,82.04375000000002,82.31978028784376
2015-07-17,83.6975,82.8575,83.12286817372103
2015-07-18,85.2125,82.97375,83.68100357014042
2015-07-19,83.975,81.96125,82.5974228093223
2015-07-20,84.28999999999998,83.29625000000001,83.61019002694677
2015-07-21,84.005,84.96875,84.664287407829
2015-07-22,83.5475,82.98375000000001,83.161846795161
2015-07-23,81.935,81.34625,81.53224465747411
2015-07-24,83.375,81.06875,81.79732779838587
2015-07-25,83.10499999999998,81.35375,81.90699525503446
2015-07-26,82.45250000000001,81.04250000000002,81.48793943446032
2015-07-27,84.41750000000002,82.64375000000003,83.2041033311163
2015-07-28,84.5075,82.77125000000002,83.31975653764661
2015-07-29,82.12571428571428,82.83125000000003,82.60836104286315
2015-07-30,83.465,83.45375000000001,83.45730403804092
2015-07-31,82.6625,81.53750000000002,81.89290380409068
2015-08-01,82.1975,80.19071428571428,80.82468697624935
2015-08-02,82.60249999999998,80.33375,81.05048100491616
2015-08-03,82.3925,81.45875000000002,81.75373515739527
2015-08-04,83.7575,83.26625,83.42144299445293
2015-08-05,83.225,83.07500000000002,83.12238717387876
2015-08-06,80.69749999999998,78.8225,79.41483967348444
2015-08-07,83.195,80.58875,81.41210214614337
2015-08-08,81.71,80.74625,81.05071259217101
2015-08-09,83.3075,80.735,81.54769003202065
2015-08-10,83.48750000000003,79.72999999999998,80.91704870566282
2015-08-11,81.995,79.535,80.31214965161159
2015-08-12,83.0975,80.5325,81.3428206733267
2015-08-13,80.66,78.93875,79.4825178202587
2015-08-14,80.36500000000002,79.23124999999997,79.58941805590025
2015-08-15,80.3,78.50750000000002,79.07377672785114
2015-08-16,78.485,78.0425,78.18229216294233
2015-08-17,77.4575,76.8125,77.01626484767866
2015-08-18,80.42750000000002,77.58500000000002,78.48298694500244
2015-08-19,79.1375,77.78,78.20885392360275
2015-08-20,78.7775,78.38749999999997,78.51070665208475
2015-08-21,78.6575,79.4825,79.22187054366684
2015-08-22,80.5325,79.62125000000002,79.90912708131346
2015-08-23,83.01714285714286,77.47,79.22242282067815
2015-08-24,81.53750000000002,79.02875,79.82130048312219
2015-08-25,75.92,77.20124999999999,76.7964845564523
2015-08-26,72.6725,74.38624999999998,73.84485153843521
2015-08-27,74.44999999999997,75.95535714285714,75.47979300500246
2015-08-28,77.75,75.23750000000003,76.03123516246916
2015-08-29,76.6175,74.85875000000001,75.41436461372842
2015-08-30,77.12,72.53,73.98004752068992
2015-08-31,78.2525,74.61875,75.76670428721285
2015-09-01,79.94,76.775,77.77486936884173
2015-09-02,80.8775,78.17375000000001,79.02790380916458
2015-09-03,80.615,78.6575,79.27590261911776
2015-09-04,80.375,79.33250000000002,79.66184085845737
2015-09-05,80.795,76.9925,78.19376485782645
2015-09-06,78.875,76.23500000000001,77.0690142602661
2015-09-07,81.155,75.06125,76.98635393882444
2015-09-08,79.07750000000001,75.51124999999998,76.6378800589674
2015-09-09,79.30250000000002,78.04625,78.44311758123459
2015-09-10,76.925,75.86000000000001,76.19644893453918
2015-09-11,73.97000000000001,75.855,75.25950118159032
2015-09-12,72.1175,71.85499999999998,71.9379275542878
2015-09-13,65.08250000000001,65.35249999999999,65.26720308701825
2015-09-14,65.66,63.83750000000001,64.41325416262688
2015-09-15,70.3775,66.62375,67.80961402631586
2015-09-16,74.315,68.6375,70.4311045313109
2015-09-17,75.16999999999999,71.76125,72.83812352639471
2015-09-18,75.4025,72.36125000000001,73.32202495039178
2015-09-19,75.82249999999998,73.79375,74.43466152671016
2015-09-20,77.49499999999998,74.64125,75.5427909830433
2015-09-21,70.7825,72.81875000000002,72.17546911459591
2015-09-22,71.7875,71.7125,71.73619358693938
2015-09-23,75.6275,71.95625000000003,73.11605108068255
2015-09-24,74.83250000000002,67.58375000000001,69.87373517769086
2015-09-25,71.75,65.73499999999999,67.63522567253807
2015-09-26,71.855,69.4025,70.17728029291766
2015-09-27,73.88749999999997,69.84125,71.11951901537941
2015-09-28,73.33250000000002,72.4925,72.75786817372104
2015-09-29,76.5125,74.855,75.37862827136024
2015-09-30,75.0575,75.62375,75.44486341860771
2015-10-01,67.8725,69.8375,69.21672802218832
2015-10-02,63.755,62.727500000000006,63.052102141069476
2015-10-03,59.83000000000001,61.205,60.770617572778086
2015-10-04,62.405,66.35,65.10371732698873
2015-10-05,69.2675,66.33500000000001,67.26141924932968
2015-10-06,72.41,65.99375,68.02073636266375
2015-10-07,72.7025,66.00874999999999,68.12340263433946
2015-10-08,72.3125,67.32125,68.89805821081559
2015-10-09,72.88250000000002,69.62375,70.65323635251596
2015-10-10,67.19,67.80875,67.61327790775013
2015-10-11,62.585,63.27125000000001,63.054453679504704
2015-10-12,65.16499999999999,62.52500000000001,63.3590142602661
2015-10-13,69.92000000000002,67.4675,68.24228029291766
2015-10-14,64.3025,63.00875,63.41746437470426
2015-10-15,64.86,61.580714285714286,62.616688167987455
2015-10-16,68.3675,64.00571428571429,65.38366560614581
2015-10-17,59.9225,56.85000000000001,57.820647278283175
2015-10-18,56.705,52.625,53.91393112950214
2015-10-19,55.5875,49.55750000000001,51.46246438992597
2015-10-20,60.6125,51.97624999999999,54.70456653606933
2015-10-21,64.41499999999999,58.6025,60.43875298780176
2015-10-22,67.22,63.035,64.35710215121726
2015-10-23,69.995,64.07875,65.94777911640124
2015-10-24,71.795,63.2875,65.97514254515674
2015-10-25,72.00142857142856,67.90125,69.19655583265488
2015-10-26,69.1325,63.5825,65.33582543351395
2015-10-27,65.375,56.30375,59.169489340317725
2015-10-28,68.64500000000001,67.07375,67.57013064637997
2015-10-29,68.165,63.965,65.29184086860515
2015-10-30,61.145,58.28375,59.18766034173725
2015-10-31,66.08000000000001,57.57125,60.259287438272395
2015-11-01,67.1075,64.2125,65.12707245585999
2015-11-02,69.7175,68.32249999999999,68.76320071707242
2015-11-03,70.34,67.6175,68.47757720589942
2015-11-04,71.285,66.8075,68.22200714028084
2015-11-05,73.91749999999998,66.8825,69.10495845491361
2015-11-06,76.19749999999998,71.07874999999999,72.6958373086125
2015-11-07,68.85500000000002,69.04624999999999,68.98583135330459
2015-11-08,58.8425,55.33625000000001,56.44392518941591
2015-11-09,55.61749999999999,52.01,53.14966153178406
2015-11-10,57.425,56.7875,56.98889548898472
2015-11-11,57.47,56.345,56.70040380409066
2015-11-12,61.9025,60.3575,60.84558789095117
2015-11-13,53.465,55.31,54.72713776129131
2015-11-14,50.6225,46.6475,47.90326010778702
2015-11-15,51.5825,45.99125,47.7576069063306
2015-11-16,60.25999999999999,52.3175,54.826650856880086
2015-11-17,69.14,60.14375,62.98579575337834
2015-11-18,68.21000000000001,65.00375,66.01665084165839
2015-11-19,57.6425,64.88374999999999,62.596134181003094
2015-11-20,55.9925,55.475,55.63848574988172
2015-11-21,57.41,52.3625,53.95707840102011
2015-11-22,43.7075,49.86125,47.91719119162406
2015-11-23,41.1725,40.5725,40.76204869551501
2015-11-24,45.7325,42.4175,43.464756542720494
2015-11-25,54.545,47.91125,50.00694776478795
2015-11-26,60.95,55.89125,57.48938243906102
2015-11-27,63.9875,59.33375000000001,60.803937069588386
2015-11-28,64.0325,58.12625,59.99211997147599
2015-11-29,64.67750000000001,60.69499999999999,61.95312946648095
2015-11-30,64.3925,61.93625,62.71221497226462
2015-12-01,65.66749999999999,61.44285714285714,62.77748304717094
2015-12-02,56.201,59.8775,58.71604036823171
2015-12-03,45.05642857142857,48.04785714285714,47.10282150378939
2015-12-04,44.99,45.93125000000001,45.63389548391082
2015-12-05,48.7325,46.26875,47.047084330958555
2015-12-06,53.12750000000001,49.71125,50.79049288508865
2015-12-07,54.28142857142856,51.87125,52.63266034028758
2015-12-08,50.2925,47.2575,48.21630048481348
2015-12-09,49.928000000000004,46.08150000000001,47.29666509549756
2015-12-10,59.27,55.111999999999995,56.425572459919096
2015-12-11,67.0775,60.8045,62.78623161160954
2015-12-12,64.69250000000001,59.88875,61.40632424346714
2015-12-13,67.9025,60.48125,62.825730427651415
2015-12-14,62.8175,65.07125,64.3592577124717
2015-12-15,54.86,57.63875,56.76090260389606
2015-12-16,59.56285714285714,57.835714285714296,58.381343744946825
2015-12-17,58.595,62.89714285714287,61.53803357965837
2015-12-18,42.19142857142858,48.48821428571429,46.49896842224683
2015-12-19,40.18250000000001,38.34875,38.928058200667785
2015-12-20,44.7725,41.88875,42.79976841781907
2015-12-21,56.51,51.7325,53.241781488038356
2015-12-22,64.865,61.0475,62.25350357521432
2015-12-23,67.2875,64.16375000000001,65.15058789602509
2015-12-24,71.5325,69.26,69.97791568426315
2015-12-25,72.185,68.495,69.66072447741739
2015-12-26,71.5025,67.6175,68.84482780345976
2015-12-27,71.8175,69.0275,69.90890143414484
2015-12-28,69.095,69.5525,69.4079691196698
2015-12-29,55.55,67.2575,63.558931078763145
2015-12-30,57.02,65.08250000000001,62.53543940401691
2015-12-31,53.44,62.325,59.518099733915065
2016-01-01,43.2275,51.89,49.15339070850188
2016-01-02,41.915,45.2795,44.21660568989952
2016-01-03,43.175,42.943999999999996,43.016976247773286
2016-01-04,40.25,42.593,41.85281234401384
2016-01-05,37.0475,34.8125,35.51856889079345
2016-01-06,41.5475,35.6975,37.54559978127145
2016-01-07,47.713571428571434,49.217,48.742045125809504
2016-01-08,54.7325,51.791000000000004,52.7202624797624
2016-01-09,56.5325,50.5355,52.430039211672636
2016-01-10,42.24500000000001,47.669,45.95547979254421
2016-01-11,32.885,34.4165,33.93267695469791
2016-01-12,40.5875,38.6015,39.22890618215472
2016-01-13,41.8175,40.135999999999996,40.667210219180845
2016-01-14,46.1075,40.874,42.527338496629774
2016-01-15,49.7675,47.7095,48.35965202561652
2016-01-16,48.815,52.2725,51.18022564209469
2016-01-17,43.88,45.2615,44.82506412857666
2016-01-18,35.18,36.356,35.98448455679056
2016-01-19,33.335,30.0875,31.113432314475048
2016-01-20,44.915,35.15,38.23490501950697
2016-01-21,52.3625,42.7685,45.79938364128519
2016-01-22,44.585,43.5965,43.908781475861
2016-01-23,33.83,32.8415,33.153781475861
2016-01-24,34.6775,34.925,34.84681116310005
2016-01-25,46.445,40.5275,42.396924009516894
2016-01-26,55.835,47.75899999999999,50.31032544163218
2016-01-27,45.0125,51.6695,49.56645722326084
2016-01-28,43.43,46.646,45.630018992039496
2016-01-29,46.6775,46.63399999999999,46.64774228042483
2016-01-30,51.8975,46.8545,48.44765678580376
2016-01-31,60.80000000000001,52.2725,54.96646083500725
2016-02-01,64.88,58.6985,60.6513254355435
2016-02-02,66.92,62.34799999999999,63.79236105982445
2016-02-03,61.19000000000001,64.244,63.27919713982854
2016-02-04,45.24500000000001,52.25450000000001,50.040097364645774
2016-02-05,40.4075,41.684,41.28073515029179
2016-02-06,41.0225,39.032,39.66082779737108
2016-02-07,43.46,42.9755,43.12856057162838
2016-02-08,45.99500000000001,43.3445,44.181831362437606
2016-02-09,37.79857142857143,36.50642857142857,36.914635226412706
2016-02-10,34.46,31.9235,32.72481711028975
2016-02-11,46.2575,40.3385,42.20839788125568
2016-02-12,54.1475,46.43600000000001,48.872174609106814
2016-02-13,42.725,40.6985,41.33870071910199
2016-02-14,42.63500000000001,36.104,38.167237550681
2016-02-15,54.405,44.798,47.83299052968802
2016-02-16,51.11,51.7865,51.57278384580681
2016-02-17,49.46,49.5275,49.50617577175456
2016-02-18,46.928000000000004,43.928000000000004,44.87574347757511
2016-02-19,56.5175,48.218,50.839932330711534
2016-02-20,62.8775,54.203,56.94340026540842
2016-02-21,63.9575,59.52200000000001,60.92323873159479
2016-02-22,63.24500000000001,61.8755,62.30814489751304
2016-02-23,62.5625,59.8145,60.6826330254588
2016-02-24,53.4425,59.93600000000001,57.8846092427887
2016-02-25,47.3675,47.354,47.35826484564909
2016-02-26,44.68250000000001,44.18600000000001,44.342851545538686
2016-02-27,46.16,43.979,44.6680095081971
2016-02-28,51.8525,49.3385,50.13270903420794
2016-02-29,60.17,58.325,58.90786223870869
2016-03-01,61.1375,59.342,59.9092244713287
2016-03-02,51.1325,52.38050000000001,51.986238713328774
2016-03-03,49.625,44.2715,45.96274823573278
2016-03-04,50.5025,48.119,48.87198219293342
2016-03-05,51.845,47.768,49.05598338602457
2016-03-06,54.6425,51.62900000000001,52.5810083232242
2016-03-07,58.42999999999999,52.0295,54.051510709406486
2016-03-08,63.9725,58.7795,60.42004395968251
2016-03-09,68.24000000000001,63.3515,64.89584799670864
2016-03-10,70.72999999999998,67.49600000000001,68.51766746882596
2016-03-11,68.84,69.0395,68.97647505874126
2016-03-12,67.8425,68.2295,68.10724109139281
2016-03-13,67.38499999999999,69.9035,69.1078693505757
2016-03-14,68.96642857142857,67.21828571428571,67.77054937786126
2016-03-15,69.575,69.332,69.40876722168358
2016-03-16,71.5475,71.05100000000002,71.2078515455387
2016-03-17,66.55250000000001,63.635,64.5566805319418
2016-03-18,61.0025,63.608000000000004,62.78488478972602
2016-03-19,61.13,65.084,63.834874096556014
2016-03-20,49.28,54.6485,52.952513046879346
2016-03-21,46.6775,47.984,47.57125771551604
2016-03-22,48.85,46.79600000000001,47.44488836764643
2016-03-23,66.52142857142857,61.861999999999995,63.3339810125995
2016-03-24,64.25,62.4785,63.03814252350809
2016-03-25,59.9975,64.202,62.87373751617849
2016-03-26,62.0675,62.933,62.65957600671959
2016-03-27,66.2225,64.14350000000002,64.80028622995955
2016-03-28,65.225,66.344,65.99049168286449
2016-03-29,60.24500000000001,57.1055,58.097313549282354
2016-03-30,63.995,58.163000000000004,60.005413320406
2016-03-31,68.27000000000001,67.37899999999999,67.66047981283981
2016-04-01,66.8825,67.4375,67.26216745664861
2016-04-02,57.845,62.32100000000001,60.90696673145794
2016-04-03,57.56,58.28,58.05254156538198
2016-04-04,62.0975,59.099,60.046269605836315
2016-04-05,61.925,61.0085,61.29803563239919
2016-04-06,60.3425,55.391000000000005,56.95525060973772
2016-04-07,63.527857142857144,63.31614285714285,63.383026468274586
2016-04-08,60.365,58.9235,59.37889074097483
2016-04-09,56.2625,55.23950000000001,55.56268052585311
2016-04-10,61.0625,48.9335,52.765226879836156
2016-04-11,62.47250000000001,59.4635,60.41408670800784
2016-04-12,63.965,64.895,64.60119952195171
2016-04-13,61.0925,60.341,60.57840974113256
2016-04-14,64.19,60.782,61.85863659052532
2016-04-15,62.465,57.5195,59.08185512278256
2016-04-16,65.555,62.4425,63.42578385798417
2016-04-17,66.5675,58.7705,61.233685298217694
2016-04-18,65.0,60.471500000000006,61.90211877939963
2016-04-19,65.3675,64.3055,64.64100119106159
2016-04-20,69.44,65.075,66.45396675987178
2016-04-21,67.88999999999999,67.37,67.53427553611301
2016-04-22,69.55250000000001,67.57249999999999,68.19801069519956
2016-04-23,68.795,68.0675,68.29732779331196
2016-04-24,67.805,65.98400000000001,66.5592802908881
2016-04-25,72.0275,68.936,69.91264965364115
2016-04-26,72.74000000000002,70.6325,71.29828979299651
2016-04-27,72.5,72.887,72.7647410913928
2016-04-28,74.01500000000001,74.237,74.16686698265944
2016-04-29,72.6875,74.03899999999999,73.61204156335239
2016-04-30,73.8425,73.319,73.48438123683685
2016-05-01,73.535,74.7635,74.375399045933
2016-05-02,71.0075,73.91300000000003,72.99511044196852
2016-05-03,68.6825,72.464,71.26936934651658
2016-05-04,63.92,66.1955,65.47663657225928
2016-05-05,62.93749999999999,59.2445,60.41117222089496
2016-05-06,61.8875,58.865,59.81985155365692
2016-05-07,65.02250000000001,64.19749999999999,64.45812945633315
2016-05-08,70.33250000000001,73.8905,72.76647623559595
2016-05-09,69.9425,70.8845,70.58690854804142
2016-05-10,75.07249999999998,71.8295,72.85401069925868
2016-05-11,76.04,74.1335,74.73579097999898
2016-05-12,74.3375,75.497,75.13069714591722
2016-05-13,73.5125,74.1695,73.96194417841106
2016-05-14,69.005,70.16900000000001,69.80127553070088
2016-05-15,65.3075,65.49350000000001,65.43473990439036
2016-05-16,67.9025,64.91300000000001,65.8574263754036
2016-05-17,72.92,68.28800000000001,69.75131592937598
2016-05-18,73.985,72.44149999999998,72.92911401921238
2016-05-19,73.81,70.39399999999999,71.47316390646553
2016-05-20,71.9075,67.505,68.89581355334147
2016-05-21,74.32249999999998,71.64500000000002,72.4908610537358
2016-05-22,71.57,69.99799999999999,70.49461758224935
2016-05-23,70.91,68.324,69.14095487766974
2016-05-24,73.49000000000002,71.513,72.137562951722
2016-05-25,76.04,74.28200000000002,74.83737767785904
2016-05-26,77.87,75.9605,76.56373872347655
2016-05-27,78.05,75.452,76.27274585158004
2016-05-28,76.58000000000001,73.3325,74.35843231447505
2016-05-29,78.41,72.407,74.30343469862778
2016-05-30,80.15,76.9595,77.96742518840114
2016-05-31,79.445,77.6885,78.24340380612023
2016-06-01,78.77000000000002,77.4905,77.8947125931858
2016-06-02,78.77000000000002,77.08100000000002,77.6145795778748
2016-06-03,80.20250000000001,79.98349999999998,80.05268527386296
2016-06-04,77.03,80.76499999999999,79.58505937041899
2016-06-05,76.4675,77.3375,77.06265439150322
2016-06-06,79.505,74.8535,76.32297626198019
2016-06-07,80.375,79.1825,79.55922803233611
2016-06-08,78.41,76.2935,76.96213302342923
2016-06-09,77.29250000000002,75.09200000000001,75.78716984080134
2016-06-10,79.85,79.1285,79.35643230635681
2016-06-11,80.9375,81.4325,81.27612232620011
2016-06-12,79.91000000000003,84.0335,82.73082659007304
2016-06-13,81.1625,83.82799999999999,82.98592992017451
2016-06-14,80.1875,81.63499999999998,81.17771377206999
2016-06-15,79.405,81.032,80.51800712066176
2016-06-16,83.225,83.82650000000002,83.63647743274622
2016-06-17,82.655,81.57650000000002,81.91721378018828
2016-06-18,77.73500000000001,76.41050000000001,76.82892874534942
2016-06-19,79.9625,75.8255,77.13243825557608
2016-06-20,78.25999999999998,74.6105,75.7634299404701
2016-06-21,78.5975,78.944,78.83453562834008
2016-06-22,81.1325,83.14250000000001,82.50751187002469
2016-06-23,82.44500000000002,84.01100000000001,83.5162779047058
2016-06-24,83.57000000000002,85.37899999999999,84.80751068302222
2016-06-25,85.03,86.3375,85.92444180102352
2016-06-26,83.345,81.959,82.3968574866397
2016-06-27,81.04250000000002,80.80957142857143,80.88315694000889
2016-06-28,80.72,79.649,79.98734442149431
2016-06-29,79.69250000000002,78.81800000000001,79.09426722371316
2016-06-30,79.79750000000001,78.7775,79.09973278237554
2016-07-01,81.77000000000002,80.77550000000002,81.08967696281617
2016-07-02,85.11500000000002,82.84700000000002,83.5634940690468
2016-07-03,85.31,84.3665,84.66456532369736
2016-07-04,85.33250000000002,85.04150000000001,85.13343111732479
2016-07-05,81.1925,82.13900000000002,81.83998693282506
2016-07-06,82.5575,79.25450000000002,80.29796556881021
2016-07-07,84.4625,82.68800000000002,83.24859026698569
2016-07-08,85.8725,87.25550000000001,86.8185902568379
2016-07-09,82.775,84.26750000000001,83.7959976199064
2016-07-10,79.4675,82.301,81.40585628543032
2016-07-11,78.38749999999997,82.2515,81.03080640088325
2016-07-12,79.22,82.64750000000002,81.56470307687046
2016-07-13,78.86571428571429,81.04400000000003,80.3558479739969
2016-07-14,80.75,84.1955,83.10701661600498
2016-07-15,78.9125,83.2595,81.88621970099366
2016-07-16,80.1875,80.43800000000002,80.3588634196225
2016-07-17,80.8775,79.934,80.23206532369736
2016-07-18,82.45250000000001,80.45150000000002,81.08364489954263
2016-07-19,82.36250000000003,80.681,81.21221021918086
2016-07-20,83.89250000000001,83.2766,83.47117173594617
2016-07-21,84.5,81.4235,82.39541093625327
2016-07-22,82.20500000000001,81.7835,81.9166579585993
2016-07-23,82.985,82.949,82.9603729217309
2016-07-24,84.29749999999999,84.2765,84.28313420434301
2016-07-25,84.485,84.84800000000001,84.73332303921342
2016-07-26,83.39,85.361,84.73833253523317
2016-07-27,82.0625,84.785,83.92492279410058
2016-07-28,80.315,84.45200000000001,83.14506174442394
2016-07-29,81.56750000000002,84.4565,83.54382303109519
2016-07-30,81.14,82.3865,81.99271258506754
2016-07-31,80.9675,80.9285,80.94082066520848
2016-08-01,82.08500000000002,79.83950000000002,80.54888599296497
2016-08-02,80.375,79.9925,80.11333729339083
2016-08-03,80.6825,80.7125,80.70302256522426
2016-08-04,80.20000000000002,80.708,80.54751543779729
2016-08-05,83.61500000000002,80.75299999999999,81.65714727760664
2016-08-06,82.025,82.2695,82.19225890657762
2016-08-07,83.2775,82.28300000000002,82.59717696281616
2016-08-08,82.3925,81.06800000000001,81.48642874534941
2016-08-09,80.585,80.6945,80.65990736306851
2016-08-10,81.23000000000002,81.44600000000001,81.37776246961461
2016-08-11,79.6625,80.4965,80.23302731323412
2016-08-12,81.47749999999998,82.166,81.9484928718965
2016-08-13,79.23499999999999,83.21450000000002,81.95731827699662
2016-08-14,80.98249999999999,82.661,82.13073752429673
2016-08-15,81.635,81.3875,81.46568883689994
2016-08-16,82.76750000000001,82.48100000000001,82.57150950210843
2016-08-17,82.9925,81.203,81.76832898437355
2016-08-18,81.4025,80.843,81.01975415856776
2016-08-19,79.4525,78.9035,79.07693705639623
2016-08-20,80.78,79.322,79.78260333010151
2016-08-21,80.825,81.4595,81.25905225449289
2016-08-22,79.64000000000001,80.37950000000002,80.14588123277775
2016-08-23,81.245,80.006,80.39741805623851
2016-08-24,83.6,79.3535,80.69503089250756
2016-08-25,83.3375,79.39399999999999,80.63980880127247
2016-08-26,82.91499999999998,80.834,81.49141805894459
2016-08-27,81.095,80.9825,81.01804038040906
2016-08-28,81.47,81.329,81.37354394344602
2016-08-29,82.505,79.619,80.53072922542725
2016-08-30,82.50500000000002,78.0395,79.45021616637055
2016-08-31,83.39750000000002,79.4795,80.7172529817131
2016-09-01,83.21000000000002,79.5155,80.68264609263375
2016-09-02,81.47,75.44749999999998,77.35009503123202
2016-09-03,77.9425,73.715,75.05052851714957
2016-09-04,79.73,75.58250000000002,76.8927553577476
2016-09-05,80.0,74.8325,76.46498814012313
2016-09-06,80.3675,75.137,76.78939075315219
2016-09-07,80.2925,77.56700000000002,78.428024949377
2016-09-08,80.25500000000002,78.161,78.82252494734743
2016-09-09,79.285,77.92399999999998,78.35395962432655
2016-09-10,80.375,79.36699999999998,79.68544180846521
2016-09-11,78.8075,80.10050000000003,79.69202256116515
2016-09-12,77.6375,76.68950000000002,76.98898693891374
2016-09-13,79.025,76.4375,77.25492874940853
2016-09-14,80.42750000000002,77.171,78.1997755449078
2016-09-15,81.62,77.78299999999999,78.99516390781855
2016-09-16,80.3675,76.51400000000002,77.73137649694524
2016-09-17,78.725,75.5915,76.58141806232719
2016-09-18,79.30250000000002,76.0865,77.10248100796052
2016-09-19,79.94,78.3275,78.83691211919661
2016-09-20,80.12,76.67150000000002,77.76093112747259
2016-09-21,80.12,76.388,77.56699288610344
2016-09-22,80.975,75.9785,77.55696676190134
2016-09-23,80.48750000000003,76.83800000000002,77.99092994047014
2016-09-24,80.345,77.13050000000001,78.14600713622174
2016-09-25,80.10499999999998,76.86050000000002,77.88548457099748
2016-09-26,77.9975,75.40700000000002,76.22537649288611
2016-09-27,75.935,75.02450000000002,75.31214014544406
2016-09-28,74.13499999999998,76.316,75.62699049180289
2016-09-29,69.4325,72.7655,71.71255699641408
2016-09-30,63.215,65.093,64.49971258303799
2016-10-01,66.6875,65.102,65.60288242789845
2016-10-02,69.50750000000001,67.793,68.33463539743417
2016-10-03,70.92500000000003,70.475,70.61716152163628
2016-10-04,74.50999999999998,71.66300000000003,72.5624085602188
2016-10-05,75.79249999999998,69.12950000000001,71.23443826369432
2016-10-06,74.9975,70.8665,72.17154276862091
2016-10-07,75.74000000000002,71.58200000000002,72.89557245991912
2016-10-08,74.9825,76.235,75.83931709811239
2016-10-09,67.6025,67.1675,67.30492280424839
2016-10-10,66.5975,60.5615,62.46835987688112
2016-10-11,65.2625,58.973,60.95994420073621
2016-10-12,65.81,61.1735,62.63823754459232
2016-10-13,68.21000000000001,65.1245,66.099254166686
2016-10-14,70.04,66.956,67.93028029494721
2016-10-15,71.61500000000002,67.70750000000001,68.94193587954159
2016-10-16,72.71,69.44,70.47304039055686
2016-10-17,73.685,68.3375,70.02685274877764
2016-10-18,76.14500000000002,70.376,72.19851070737694
2016-10-19,75.33500000000002,73.163,73.84916627776438
2016-10-20,73.83500000000002,72.9605,73.23676722371314
2016-10-21,65.2625,66.57650000000001,66.1613883568221
2016-10-22,56.69750000000001,56.57900000000001,56.61643586736423
2016-10-23,57.26000000000001,54.5495,55.40578623198911
2016-10-24,62.0,60.125,60.71733967348444
2016-10-25,65.7575,61.53800000000001,62.871001201209396
2016-10-26,67.5875,61.097,63.14744301373374
2016-10-27,71.10499999999998,66.15950000000001,67.72185512278257
2016-10-28,68.495,66.7355,67.2913515495978
2016-10-29,69.8825,64.85,66.43983968363224
2016-10-30,68.88499999999999,65.83742857142856,66.8002005527195
2016-10-31,67.9,67.7435,67.79294061808017
2016-11-01,69.89428571428572,67.9685,68.57688361664054
2016-11-02,70.86500000000002,66.85249999999999,68.1201069012567
2016-11-03,69.36,67.33271428571429,67.97316322334612
2016-11-04,71.285,67.4825,68.68376485782645
2016-11-05,63.905,56.255,58.67174586781652
2016-11-06,61.625,52.6865,55.510301691435025
2016-11-07,65.195,55.229,58.37740383250449
2016-11-08,63.9275,52.5515,56.1453432669648
2016-11-09,62.1875,57.5105,58.988032081539586
2016-11-10,56.42,52.2725,53.58275535774758
2016-11-11,52.625,52.1075,52.2709857498817
2016-11-12,58.3475,57.14150000000001,57.52249287798519
2016-11-13,56.49500000000001,50.88200000000001,52.65522804654303
2016-11-14,55.573571428571434,50.426857142857145,52.05277877459993
2016-11-15,55.3625,51.404,52.65454751866036
2016-11-16,58.475,53.70350000000001,55.21088600108321
2016-11-17,60.2525,54.6305,56.40657127697574
2016-11-18,62.6,55.553000000000004,57.779249428823924
2016-11-19,56.9675,53.663000000000004,54.706939440548986
2016-11-20,45.215,45.64400000000001,45.50847268270677
2016-11-21,45.4625,45.45050000000001,45.454290973910304
2016-11-22,45.70285714285714,42.86514285714286,43.761617925645325
2016-11-23,58.1225,51.6245,53.67731237242768
2016-11-24,64.7525,59.8445,61.39500832931287
2016-11-25,59.285,59.431999999999995,59.385560569598816
2016-11-26,50.63,52.943000000000005,52.212289778789604
2016-11-27,46.28,44.1635,44.832133023429236
2016-11-28,63.11750000000001,57.3575,59.177167476944206
2016-11-29,68.51,67.4105,67.75784798453128
2016-11-30,66.20249999999999,68.11250000000001,67.50910331927717
2016-12-01,49.235,54.44450000000001,52.79874345119084
2016-12-02,49.0175,46.2605,47.13147625589152
2016-12-03,51.16357142857144,48.04185714285714,49.028051927236724
2016-12-04,54.755,49.333999999999996,51.046572463978215
2016-12-05,54.8975,52.2905,53.11408908201277
2016-12-06,58.42999999999999,57.983,58.12421377815869
2016-12-07,52.37000000000001,52.367,52.36794774347757
2016-12-08,46.3325,49.00100000000001,48.157982176696954
2016-12-09,36.995,38.0615,37.72457719372205
2016-12-10,36.9575,35.0555,35.65636936478262
2016-12-11,45.47,41.144,42.5106460946633
2016-12-12,59.78,55.07599999999999,56.562061772837765
2016-12-13,59.67,54.59,56.194845622027174
2016-12-14,54.53,53.078,53.53670784314636
2016-12-15,42.5225,45.2075,44.35926958757028
2016-12-16,44.4575,38.0825,40.0964548898471
2016-12-17,65.69749999999999,50.045,54.98985159424811
2016-12-18,52.80500000000001,60.6065,58.14189308656594
2016-12-19,34.25,45.2705,41.78896433512785
2016-12-20,42.575,41.6165,41.91930404108525
2016-12-21,48.11,41.828,43.81257484204227
2016-12-22,56.37875,52.2725,53.56972388493093
2016-12-23,56.19875,50.5355,52.324602749792405
2016-12-24,62.09375000000001,57.551,58.98612056091812
2016-12-25,67.13374999999999,59.413999999999994,61.85278090367014
2016-12-26,69.44,59.198,62.4335962324414
2016-12-27,67.94375,61.3445,63.42929871479584
2016-12-28,68.75375,58.8965,62.0105481314424
2016-12-29,63.55625000000001,60.224,61.27670606771655
2016-12-30,45.01625,43.952,44.288211998669766
2016-12-31,47.06,38.57,41.25211404153755
2017-01-01,65.05250000000001,50.4575,55.068272018402894
2017-01-02,65.71625,59.54375,61.49373220511078
2017-01-03,62.24,62.66375000000001,62.52988123379253
2017-01-04,50.75,53.915,52.91513063115826
2017-01-05,44.05785714285715,46.62285714285714,45.81253646953043
2017-01-06,36.7325,43.1225,41.10380639276503
2017-01-07,27.4175,33.97625,31.904245822151427
2017-01-08,27.92,28.54625,28.348408549056202
2017-01-09,37.775,33.38,34.76844419464753
2017-01-10,53.0,42.695,45.950498845470484
2017-01-11,63.03500000000001,57.6725,59.3665914661655
2017-01-12,66.02,59.9575,61.87273161093303
2017-01-13,65.84,60.20375,61.98432305849423
2017-01-14,62.375,60.35,60.9897268473632
2017-01-15,61.52,59.015,59.806365803775215
2017-01-16,64.295,58.0925,60.05195963988654
2017-01-17,67.6175,63.53,64.82130048819609
2017-01-18,65.86142857142858,66.33464285714285,66.18514760621584
2017-01-19,65.51750000000001,60.74375000000001,62.251846808691404
2017-01-20,66.13250000000001,65.4975,65.6981057027534
2017-01-21,65.1575,61.28375,62.50752376541885
2017-01-22,60.88249999999999,59.79875,60.141122331274005
2017-01-23,58.0175,54.155,55.375219727377946
2017-01-24,51.5675,53.595,52.95448336640548
2017-01-25,57.9275,54.65000000000001,55.68540974925081
2017-01-26,55.96857142857144,60.455714285714286,59.03816082711266
2017-01-27,41.817142857142855,43.59285714285714,43.031883265416255
2017-01-28,43.37,42.365,42.682494064987665
2017-01-29,46.205,44.5625,45.081389553972365
2017-01-30,46.8875,45.21125,45.74080166809509
2017-01-31,56.9825,52.23125,53.73223873260957
2017-02-01,59.765,58.73,59.05697149976341
2017-02-02,56.795,57.695,57.410676956727464
2017-02-03,49.055,54.365,52.68749404469206
2017-02-04,42.2675,41.81375,41.95709620098324
2017-02-05,49.81999999999999,45.03125,46.54408552607926
2017-02-06,58.82,53.00375,54.84118766714873
2017-02-07,62.02250000000001,57.73875,59.092048707354124
2017-02-08,65.975,60.79125000000001,62.42887175062666
2017-02-09,51.1625,53.0225,52.434899043903435
2017-02-10,49.6925,44.285,45.993307618329126
2017-02-11,62.93749999999999,56.0975,58.25835512887123
2017-02-12,69.58250000000001,67.49374999999999,68.15361639626167
2017-02-13,58.61,58.0775,58.24572446726958
2017-02-14,55.3025,53.20625,53.8684857549556
2017-02-15,55.3775,58.13375,57.26301067997787
2017-02-16,47.6975,48.8375,48.477357478521455
2017-02-17,50.465,51.79625,51.37568883182605
2017-02-18,57.88250000000001,53.54375,54.914424004443
2017-02-19,61.37000000000001,58.00625,59.068907374231095
2017-02-20,63.395,57.39999999999999,59.29390738268758
2017-02-21,61.7375,60.425,60.83963777143911
2017-02-22,63.2,63.60875,63.479619951180396
2017-02-23,64.8575,63.99125,64.2649109291498
2017-02-24,67.8125,64.47874999999999,65.53192993945532
2017-02-25,59.9675,63.33500000000001,62.27115794642195
2017-02-26,49.1225,49.06625,49.084020190204534
2017-02-27,56.135,52.24249999999999,53.472197162153684
2017-02-28,64.08500000000001,61.79375,62.51758908099799
2017-03-01,71.83250000000002,69.50375,70.23943587446769
2017-03-02,54.5,55.95125,55.49277909272304
2017-03-03,49.94750000000001,48.04625,48.64688242891322
2017-03-04,50.3825,46.89125000000001,47.994186472028034
2017-03-05,55.37000000000001,51.66875,52.83802851545829
2017-03-06,65.45749999999998,61.0025,62.409899064199024
2017-03-07,65.075,61.41125,62.5686817219886
2017-03-08,60.62000000000001,62.525,61.923182891739806
2017-03-09,60.905,56.904285714285706,58.168169337594804
2017-03-10,64.3175,62.17625,62.85270190711923
2017-03-11,51.9125,50.79875,51.15059976604976
2017-03-12,47.72,44.29625,45.377862243782594
2017-03-13,47.42,40.15625,42.450973895078725
2017-03-14,44.4275,44.035,44.15899643831607
2017-03-15,38.75,37.09625,37.61869359201328
2017-03-16,41.7725,38.81375,39.748462004758444
2017-03-17,56.24000000000001,48.56,50.986223302592265
2017-03-18,63.7775,60.62375,61.62006533080084
2017-03-19,58.1,54.9125,55.91947744492355
2017-03-20,64.6175,54.93125000000001,57.99127675322064
2017-03-21,70.7,69.20750000000001,69.67900238009362
2017-03-22,66.70250000000001,62.81,64.0396971621537
2017-03-23,64.2425,57.17375,59.40687056903635
2017-03-24,69.29750000000001,61.6625,64.07450715042864
2017-03-25,66.965,65.44624999999999,65.92604513552239
2017-03-26,67.58000000000001,67.67750000000001,67.64669833697882
2017-03-27,70.16,67.535,68.36427554287822
2017-03-28,70.4375,70.4975,70.47854513044851
2017-03-29,71.2175,69.02000000000001,69.71422209732378
2017-03-30,69.6125,70.295,70.07938835885166
2017-03-31,65.17250000000001,68.72,67.59929333776745
2017-04-01,64.27250000000001,64.6625,64.53929334791523
2017-04-02,67.19,65.3075,65.90220903217838
2017-04-03,69.1925,66.24125000000001,67.1735926460645
2017-04-04,69.7775,70.8125,70.4855285002366
2017-04-05,73.70750000000002,65.67875,68.21514848186037
2017-04-06,57.7325,58.13,58.0044239892213
2017-04-07,56.63,54.30875,55.04206651577375
2017-04-08,56.9525,54.09875,55.00029098304332
2017-04-09,61.6625,58.3925,59.42554039055687
2017-04-10,65.5325,63.67625,64.2626662767496
2017-04-11,69.1325,66.02000000000001,67.00328385798417
2017-04-12,69.94999999999999,67.88000000000001,68.53394299952683
2017-04-13,69.875,67.83250000000001,68.47775535098239
2017-04-14,66.515,69.83875,68.7887292054699
2017-04-15,71.13499999999998,69.83,70.24226841274518
2017-04-16,71.66749999999998,69.71000000000001,70.32840261911775
2017-04-17,71.93,69.3125,70.13940618418428
2017-04-18,72.05000000000003,70.93625,71.28809976604977
2017-04-19,72.80000000000003,69.77375,70.7297862330039
2017-04-20,74.9525,71.20250000000001,72.38717934696889
2017-04-21,73.2275,73.47875,73.39937648375309
2017-04-22,71.345,73.33250000000002,72.70461994610652
2017-04-23,61.835,67.61375000000001,65.78815912632096
2017-04-24,61.21250000000001,61.11875,61.14836698367422
2017-04-25,65.6225,66.91625,66.50753562529574
2017-04-26,70.1375,68.69749999999999,69.15241686923605
2017-04-27,73.835,71.39000000000001,72.16241093422373
2017-04-28,76.625,75.28999999999998,75.7117458475209
2017-04-29,79.00999999999998,77.76875000000003,78.1608788638467
2017-04-30,75.4325,76.28,76.01226246758505
2017-05-01,70.025,72.69875,71.85407362561118
2017-05-02,67.445,67.83125000000001,67.70922802726221
2017-05-03,68.8325,68.70125,68.7427137771439
2017-05-04,63.9125,67.91749999999999,66.65226245743722
2017-05-05,54.30500000000001,57.14,56.24438241369153
2017-05-06,61.0925,59.8175,60.22029097796942
2017-05-07,65.5625,62.81,63.67955464067516
2017-05-08,68.165,64.8125,65.87160333619019
2017-05-09,72.07249999999998,71.53625,71.70565914661654
2017-05-10,73.4075,75.38,74.75685866349437
2017-05-11,74.16499999999998,77.49875,76.44557006054465
2017-05-12,71.42750000000002,74.91875,73.81581352797197
2017-05-13,71.45,69.845,70.35204276050268
2017-05-14,72.83,70.91375000000002,71.51912114630112
2017-05-15,75.1925,73.95125,74.34337886384671
2017-05-16,76.83500000000002,76.42625000000002,76.55538004881963
2017-05-17,77.95250000000001,77.29249999999998,77.50100356506651
2017-05-18,78.6425,78.23,78.36031472816659
2017-05-19,80.09,78.10249999999998,78.73038005389348
2017-05-20,76.94749999999998,76.73750000000003,76.80384204343025
2017-05-21,73.32500000000002,75.67035714285714,74.92942483128147
2017-05-22,73.1375,73.19,73.17341448914243
2017-05-23,72.51500000000001,70.03999999999999,70.82188836899947
2017-05-24,68.7125,70.08875,69.65397267966242
2017-05-25,68.42750000000001,66.39875,67.03966152671018
2017-05-26,72.64250000000001,70.5875,71.23670428213894
2017-05-27,76.91,76.17125000000001,76.40463183135289
2017-05-28,77.90750000000001,77.6225,77.71253563036963
2017-05-29,76.33250000000002,76.73749999999998,76.60955463052736
2017-05-30,75.17750000000002,74.195,74.50538598890584
2017-05-31,74.7875,75.28999999999998,75.13125296750614
2017-06-01,75.35750000000002,75.11000000000001,75.18818883689997
2017-06-02,77.8175,77.48,77.58662114122721
2017-06-03,77.045,79.21625,78.53032065810501
2017-06-04,77.2475,76.42625000000002,76.68569477698621
2017-06-05,77.6825,76.20500000000001,76.67176366270576
2017-06-06,76.685,75.14375000000003,75.63065321160423
2017-06-07,76.33250000000002,71.935,73.32423398087886
2017-06-08,73.655,71.28125,72.0311520266313
2017-06-09,74.05250000000002,74.195,74.14998218481519
2017-06-10,77.30000000000003,76.01750000000001,76.42266033666337
2017-06-11,79.43,76.71875,77.5752731678585
2017-06-12,80.435,77.7125,78.57257720589942
2017-06-13,78.5375,78.17,78.28609857600294
2017-06-14,79.775,79.66625,79.7006057010621
2017-06-15,78.17750000000002,79.43,79.03431709811241
2017-06-16,76.9325,76.8725,76.8914548695515
2017-06-17,76.76,79.54624999999999,78.66603324520212
2017-06-18,77.48,79.08875,78.58052256015034
2017-06-19,78.1625,79.4675,79.05523158725484
2017-06-20,76.19749999999998,74.9975,75.37659739103005
2017-06-21,75.25999999999998,75.89000000000001,75.69097386970924
2017-06-22,78.185,78.23964285714284,78.22238038665844
2017-06-23,80.42000000000002,82.29875,81.7052256471686
2017-06-24,80.35999999999999,79.39625000000002,79.70071259217102
2017-06-25,77.4875,77.0975,77.22070665208476
2017-06-26,72.39500000000002,75.56,74.56013063115827
2017-06-27,74.7575,75.29374999999997,75.12434085338343
2017-06-28,78.94624999999998,76.085,76.98891034173724
2017-06-29,77.30375000000002,76.33625,76.64189727151799
2017-06-30,82.53800000000003,79.07300000000002,80.16764371659927
2017-07-01,81.2225,79.23124999999997,79.86031473324046
2017-07-02,79.57249999999998,78.90875,79.11843824441348
2017-07-03,80.525,78.42875000000002,79.09098575495562
2017-07-04,81.91999999999999,79.26499999999999,80.10375297765395
2017-07-05,82.01,81.39500000000002,81.58928741290292
2017-07-06,81.95,81.3725,81.55494061943321
2017-07-07,80.21000000000002,81.65375,81.19764845141698
2017-07-08,79.36250000000003,80.23625000000001,79.96021971215626
2017-07-09,80.66,79.23500000000001,79.68517815184818
2017-07-10,81.0575,78.72875,79.46443587446768
2017-07-11,80.72,79.04,79.57073634744206
2017-07-12,80.795,81.275,81.12336104358799
2017-07-13,82.2425,83.44624999999998,83.06596792962297
2017-07-14,81.7325,83.20624999999998,82.74067101664123
2017-07-15,81.47749999999998,79.97375000000002,80.44880641813452
2017-07-16,79.78999999999998,77.895,78.49365796333494
2017-07-17,79.94749999999998,77.57375000000002,78.32365202663131
2017-07-18,82.2975,79.67,80.50006532910953
2017-07-19,84.0875,82.29875,82.86384204850417
2017-07-20,85.475,82.95125,83.74853920051005
2017-07-21,84.2675,83.73750000000003,83.90493468103828
2017-07-22,83.90750000000001,82.95250000000001,83.25419834036141
2017-07-23,83.5075,82.4525,82.78578978961391
2017-07-24,79.655,80.40375,80.16720902372188
2017-07-25,79.46,80.2625,80.00897861974866
2017-07-26,82.19749999999998,80.625,81.12177553949562
2017-07-27,84.13499999999998,80.60714285714283,81.72164405612938
2017-07-28,80.4525,79.62625,79.88727434944882
2017-07-29,79.8425,82.49375,81.656181701693
2017-07-30,79.7375,78.33500000000002,78.7780700757664
2017-07-31,80.3675,76.05875,77.41994656966725
2017-08-01,78.3725,76.08125,76.80508908099799
2017-08-02,78.8525,76.535,77.26713183642677
2017-08-03,78.125,77.17625000000002,77.47597387478315
2017-08-04,78.755,77.73500000000001,78.05723278237554
2017-08-05,80.03,79.3775,79.5836342063726
2017-08-06,79.1825,78.845,78.95162114122719
2017-08-07,80.80357142857143,79.7375,80.07428741435258
2017-08-08,77.72,76.33625,76.77339667903152
2017-08-09,77.9975,76.20875000000002,76.77384204850418
2017-08-10,79.1075,78.08375000000002,78.40716746172252
2017-08-11,78.965,78.8375,78.87777909779695
2017-08-12,80.7875,81.06125,80.97476840767128
2017-08-13,81.3875,81.8125,81.67823634067686
2017-08-14,80.75750000000002,80.85,80.82077790944143
2017-08-15,78.06571428571428,79.72999999999998,79.20422802315474
2017-08-16,81.575,84.57750000000001,83.6289667361936
2017-08-17,84.09714285714288,84.56250000000001,84.4154869343714
2017-08-18,83.16499999999998,83.41499999999998,83.33602137686871
2017-08-19,80.51750000000001,80.66375,80.61754750546821
2017-08-20,81.66857142857144,80.44857142857141,80.83398710945195
2017-08-21,82.46000000000002,81.32000000000002,81.68014252147856
2017-08-22,81.95,80.5175,80.97004751054212
2017-08-23,80.75,81.62,81.34515439150321
2017-08-24,79.22,79.5275,79.43035629354856
2017-08-25,79.355,77.80250000000002,78.29295724964513
2017-08-26,79.2425,78.5625,78.77732185491702
2017-08-27,80.66,77.6075,78.57182898843267
2017-08-28,77.1725,74.21000000000002,75.14589668410544
2017-08-29,74.86250000000003,74.20625000000003,74.41356888571957
2017-08-30,76.2125,72.3725,73.58561165129615
2017-08-31,78.79250000000002,74.91125,76.13739312411279
2017-09-01,76.70749999999998,77.21000000000002,77.05125296750619
2017-09-02,74.6225,73.92875000000002,74.14791567918927
2017-09-03,75.68,72.785,73.69957245585998
2017-09-04,76.17500000000003,73.46000000000002,74.3177078472055
2017-09-05,76.0775,77.01125000000002,76.71626484260476
2017-09-06,70.34750000000001,70.8425,70.6861223262001
2017-09-07,66.005,65.90375,65.93573634236816
2017-09-08,68.51750000000001,67.43375,67.77612233127401
2017-09-09,71.67500000000003,68.9375,69.80231592328728
2017-09-10,71.28,66.03125,67.68940619264077
2017-09-11,65.61500000000001,63.2225,63.978325423366144
2017-09-12,65.885,65.7575,65.79777909779693
2017-09-13,65.14250000000001,68.13875,67.19219120177186
2017-09-14,74.23,72.82625,73.26971496888203
2017-09-15,74.63,73.71125,74.00149644000739
2017-09-16,77.45750000000002,74.79124999999998,75.63355701569486
2017-09-17,77.555,75.21125,75.95167459185555
2017-09-18,78.07249999999998,75.07625,76.02280879822813
2017-09-19,77.36,75.42125000000001,76.03372922238292
2017-09-20,77.0,77.22874999999998,77.15648455983488
2017-09-21,78.67249999999999,77.28125,77.72076603772545
2017-09-22,78.965,76.1075,77.01022566239028
2017-09-23,81.305,75.51875,77.34671023237298
2017-09-24,76.4075,74.08625,74.81956651577374
2017-09-25,77.7425,75.20375000000001,76.00577791789794
2017-09-26,77.04499999999999,75.50500000000002,75.99150831848856
2017-09-27,77.84,76.955,77.23458432588465
2017-09-28,77.44250000000002,77.51750000000001,77.49380641306064
2017-09-29,76.34,77.0975,76.85819477191228
2017-09-30,76.01750000000001,73.85000000000002,74.53474466254804
2017-10-01,72.45500000000001,65.435,67.65271973752576
2017-10-02,71.705,66.98750000000001,68.47782661848686
2017-10-03,74.975,69.42875000000001,71.18089075416697
2017-10-04,71.475,68.89500000000001,69.71005939071459
2017-10-05,72.1325,69.08375,70.0468943090857
2017-10-06,73.7525,71.52214285714284,72.22674500207815
2017-10-07,77.5325,76.965,77.14428147450796
2017-10-08,77.29250000000002,77.29625000000001,77.29506532065305
2017-10-09,78.035,78.14375000000003,78.10939429893791
2017-10-10,78.52250000000002,78.6275,78.59432897828488
2017-10-11,77.405,78.21875,77.96167458170775
2017-10-12,73.37,76.1225,75.25294535932484
2017-10-13,73.88750000000002,74.01125000000002,73.97215558155004
2017-10-14,75.17750000000002,70.75625,72.15298695007631
2017-10-15,75.1025,71.315,72.51152614043858
2017-10-16,64.34,68.27000000000001,67.02845604437663
2017-10-17,60.6125,57.58624999999999,58.54228623300388
2017-10-18,59.71250000000001,55.89125,57.09843825456129
2017-10-19,63.23,58.28375,59.84634205865196
2017-10-20,64.70750000000001,59.49125,61.13913897163372
2017-10-21,68.6,62.375,64.34156771596834
2017-10-22,69.4,66.39,67.34090262250035
2017-10-23,65.5475,69.8,68.45657362053728
2017-10-24,57.7625,59.26625,58.79119358186548
2017-10-25,51.86,51.815,51.82921615216363
2017-10-26,55.25,52.01750000000001,53.03869359708719
2017-10-27,64.065,57.930714285714295,59.86862404414643
2017-10-28,52.49,59.52125,57.299976224433344
2017-10-29,45.2,45.965,45.723325413218355
2017-10-30,51.29,46.49,48.00638956412018
2017-10-31,56.78,53.9075,54.814964379778154
2017-11-01,62.1575,57.3425,58.86362828150805
2017-11-02,69.04249999999999,64.52375,65.9512886130975
2017-11-03,69.17,65.61125,66.73551070027347
2017-11-04,69.15,67.0625,67.72197150314601
2017-11-05,68.45750000000001,67.375,67.71697743815835
2017-11-06,69.6425,66.75875,67.66976841781907
2017-11-07,68.69749999999999,69.72,69.39697743139314
2017-11-08,61.22,61.20125,61.20717339673484
2017-11-09,54.7775,51.80750000000001,52.74576604279936
2017-11-10,52.13,51.545,51.72980997812715
2017-11-11,52.7975,48.4325,49.81146675987178
2017-11-12,55.9025,49.41125,51.46192994960314
2017-11-13,56.12000000000001,53.21375000000001,54.13187649390089
2017-11-14,52.55,49.0475,50.15399051006894
2017-11-15,52.925,47.0675,48.91796913996539
2017-11-16,57.1925,52.76375,54.16285630877025
2017-11-17,54.9125,49.16,50.97729811825026
2017-11-18,65.7575,56.0825,59.13897271517972
2017-11-19,50.30750000000001,53.4875,52.48289191377039
2017-11-20,41.555,43.52,42.899228022188304
2017-11-21,50.825,52.23125,51.78699524488667
2017-11-22,51.6875,55.71125000000001,54.4400890607024
2017-11-23,46.1225,49.595,48.49798692470682
2017-11-24,48.155,46.77125,47.20839667903152
2017-11-25,49.5125,48.96125000000001,49.13539786400443
2017-11-26,50.798,48.662,49.33679335603347
2017-11-27,47.1275,46.42875000000001,46.64949525165187
2017-11-28,50.675,49.0175,49.54112827136024
2017-11-29,58.295,55.0625,56.083693597087176
2017-11-30,61.61,58.22375,59.2935154503129
2017-12-01,60.92,60.66875,60.74812351624691
2017-12-02,56.33750000000001,57.3425,57.025005935012345
2017-12-03,54.4025,55.7975,55.356799282927575
2017-12-04,57.44749999999999,53.22874999999999,54.56151426533999
2017-12-05,63.5,60.95375,61.75814727659187
2017-12-06,44.81,51.26375,49.22491684386655
2017-12-07,43.55750000000001,45.25625,44.7195902558231
2017-12-08,36.3275,40.2125,38.98517219654024
2017-12-09,35.6825,37.85375,37.167820658105015
2017-12-10,37.3175,35.13875,35.827048700588925
2017-12-11,44.6225,43.6625,43.96577791282404
2017-12-12,48.23,45.7925,46.56254157552977
2017-12-13,41.3825,39.18875,39.881787417976795
2017-12-14,46.2725,45.815,45.959530880330206
2017-12-15,39.89,43.475,42.34244654429775
2017-12-16,40.4825,38.12375,38.868913309243425
2017-12-17,50.0825,42.65375,45.000599786345354
2017-12-18,57.17750000000001,55.685,56.15650238009361
2017-12-19,59.39750000000001,57.70875,58.242250599251655
2017-12-20,66.5,62.32625,63.644798113176364
2017-12-21,57.2075,55.95125,56.34811758123457
2017-12-22,62.2775,54.485,56.94676368300134
2017-12-23,64.16,61.205,62.13852732541148
2017-12-24,49.295,53.96375000000001,52.488824213023754
2017-12-25,38.045,40.56875,39.771460799489944
2017-12-26,41.045,40.54625,40.703812353146866
2017-12-27,40.58750000000001,41.5025,41.2134382393396
2017-12-28,37.685,40.38500000000001,39.53203087018242
2017-12-29,39.47,40.75625,40.349904983989674
2017-12-30,42.07250000000001,41.065,41.38328385121898
2017-12-31,38.83,36.365,37.143729224074214
2018-01-01,24.4925,28.48625,27.22456649547814
2018-01-02,24.6125,24.15125,24.296965559677172
2018-01-03,32.0375,29.1275,30.046811173247853
2018-01-04,29.4275,29.33,29.360801663021192
2018-01-05,29.8325,28.34375,28.814067700746644
2018-01-06,32.96,29.46125,30.566555830721967
2018-01-07,39.0125,28.07375,31.52945965510823
2018-01-08,45.74,38.1275,40.53239907434683
2018-01-09,53.3975,51.62375,52.18410333111628
2018-01-10,59.50250000000001,57.63875,58.22753563544353
2018-01-11,65.35357142857143,60.4325,61.987137783036594
2018-01-12,50.09,58.77125,56.02871731176704
2018-01-13,30.41,36.12875,34.322113995872456
2018-01-14,30.045,31.0025,30.70001187340728
2018-01-15,39.7175,33.9575,35.7771674769442
2018-01-16,31.1,37.97375,35.80223275700604
2018-01-17,21.1175,29.61125,26.927951279115483
2018-01-18,25.79,28.83125,27.87047504960824
2018-01-19,34.505,36.62,35.951840848309544
2018-01-20,48.1475,43.5425,44.997286238077784
2018-01-21,51.725,51.0275,51.24785035853621
2018-01-22,59.765,53.0375,55.162814748462175
2018-01-23,52.4525,57.965,56.22352135995575
2018-01-24,45.5675,45.125,45.26479216294233
2018-01-25,43.4975,42.18875,42.60220309209215
2018-01-26,48.3725,44.01875,45.394162721830874
2018-01-27,56.99,54.8675,55.538028510384386
2018-01-28,58.67,56.33750000000001,57.07437055381465
2018-01-29,53.00000000000001,55.145,54.4673634135338
2018-01-30,39.9575,40.8425,40.562915674115345
2018-01-31,43.145,38.885,40.230795738156644
2018-02-01,56.9675,49.22,51.66754753083771
2018-02-02,43.175,45.53,44.78602137010355
2018-02-03,42.4625,39.38375,40.35637174386146
2018-02-04,53.36,46.0775,48.37814729181357
2018-02-05,45.26,45.91625000000001,45.70893111428045
2018-02-06,55.085,50.0375,51.632078401020124
2018-02-07,60.185,59.36125,59.6214845632175
2018-02-08,45.125,49.625,48.20338478363734
2018-02-09,53.91,48.00125,49.8679097577073
2018-02-10,61.57250000000001,58.19375,59.26114609161897
2018-02-11,64.1375,66.125,65.4971199461065
2018-02-12,49.295,61.70375,57.78364604087997
2018-02-13,56.015,53.0225,53.96787411888117
2018-02-14,61.0775,54.725,56.73184681376529
2018-02-15,68.83250000000001,65.075,66.26204870566282
2018-02-16,67.505,68.3675,68.09502375019716
2018-02-17,62.7875,62.675,62.710540380409064
2018-02-18,60.9875,60.78125,60.84640736408329
2018-02-19,68.03,62.9675,64.566817118408
2018-02-20,70.3775,66.365,67.63260690125671
2018-02-21,73.16,71.26625,71.86451307021927
2018-02-22,71.24000000000002,69.95,70.3575296953573
2018-02-23,70.7075,66.695,67.9626069012567
2018-02-24,71.5025,69.60499999999999,70.20444774956624
2018-02-25,63.545,65.80625,65.09188835377778
2018-02-26,61.295,60.63500000000001,60.84350356506653
2018-02-27,58.63250000000001,54.10625,55.53615797179145
2018-02-28,66.2,56.225,59.37624706293723
2018-03-01,67.1225,63.86750000000001,64.895801673169
2018-03-02,55.42999999999999,55.61749999999999,55.558266032651545
2018-03-03,53.165000000000006,50.61875000000001,51.42314727659188
2018-03-04,55.085,49.055,50.959964389925965
2018-03-05,59.4425,49.82,52.859887204322156
2018-03-06,61.2875,55.03625,57.011110471397124
2018-03-07,48.11750000000001,48.33125,48.26372327722277
2018-03-08,43.8725,41.63375,42.34100357014042
2018-03-09,47.33,43.40375,44.64410927627642
2018-03-10,57.4925,51.01625,53.062191232215255
2018-03-11,59.33,52.85125000000001,54.89798101844658
2018-03-12,49.19,49.15625,49.16691211412272
2018-03-13,46.3925,44.31875,44.97387767887379
2018-03-14,46.1,44.4575,44.976389553972375
2018-03-15,49.4525,48.88249999999999,49.06257126073927
2018-03-16,56.49500000000001,57.65000000000001,57.285118761133596
2018-03-17,68.9675,61.1525,63.62137175908316
2018-03-18,64.94,66.71375,66.15339666888372
2018-03-19,68.025,60.90125,63.15174586612522
2018-03-20,58.7075,63.19250000000001,61.77562350102522
2018-03-21,49.4,47.54,48.12760095609657
2018-03-22,50.15000000000001,46.80125,47.85916865684322
2018-03-23,54.1475,49.82375,51.18968528705512
2018-03-24,64.4225,59.89625000000001,61.326157971791446
2018-03-25,67.70750000000001,51.2375,56.44061169188733
2018-03-26,57.5825,48.5975,51.43599171533743
2018-03-27,60.185,54.00875,55.95991688445775
2018-03-28,67.4675,63.21125,64.55586105880968
2018-03-29,66.47000000000001,66.2675,66.33147268473633
2018-03-30,59.90000000000001,62.6,61.74703087018242
2018-03-31,56.19499999999999,55.78625,55.915380048819614
2018-04-01,61.49000000000001,59.61125,60.20477435283141
2018-04-02,65.88499999999999,66.00874999999999,65.96965558155003
2018-04-03,72.4925,68.14625000000001,69.51929336313694
2018-04-04,59.95249999999999,63.5675,62.425469109522
2018-04-05,53.1425,52.47125000000001,52.68330760310744
2018-04-06,57.7475,58.02875,57.93989904897734
2018-04-07,55.4225,59.48,58.19817694657967
2018-04-08,47.68250000000001,48.11,47.97494655444555
2018-04-09,59.5925,52.50125,54.74147864511815
2018-04-10,62.37714285714286,56.83625,58.58669835509987
2018-04-11,58.07000000000001,55.45400000000001,56.2804323124455
2018-04-12,64.505,60.35375000000001,61.66519003709456
2018-04-13,67.82,65.06,65.93192399936909
2018-04-14,71.0375,70.6175,70.75018408686053
2018-04-15,54.005,63.36875,60.4106056706187
2018-04-16,49.0325,48.3275,48.550219717230156
2018-04-17,57.725,54.87875,55.777921624349375
2018-04-18,68.2325,68.285,68.26841448914243
2018-04-19,63.82249999999999,66.62375,65.73879452781425
2018-04-20,56.8625,55.7975,56.13394893453916
2018-04-21,62.6525,57.78875000000001,59.32527911301865
2018-04-22,66.08,61.59875,63.01444181962781
2018-04-23,64.37,63.7025,63.91337292376046
2018-04-24,62.06,64.89285714285714,63.9979165161755
2018-04-25,63.89750000000001,63.70625,63.766668646695415
2018-04-26,61.625,59.345,60.06528504295708
2018-04-27,62.2325,61.925,62.022143706451445
2018-04-28,64.9025,64.05125,64.32017221176193
2018-04-29,64.01750000000001,62.255,62.81179929307538
2018-04-30,63.785,59.42,60.798966759871774
2018-05-01,69.82249999999999,62.64999999999999,64.91589669763582
2018-05-02,72.275,68.91499999999999,69.97647269488412
2018-05-03,72.29,69.0425,70.06843231447506
2018-05-04,74.2125,70.08875,71.39150238855011
2018-05-05,70.78999999999998,70.235,70.41033254335139
2018-05-06,70.1375,71.6525,71.17388954382459
2018-05-07,71.3075,70.44125,70.71491092914982
2018-05-08,73.34,69.2525,70.54380048819608
2018-05-09,71.5657142857143,73.72285714285717,73.04138445183887
2018-05-10,78.3457142857143,76.14714285714284,76.84170343428003
2018-05-11,76.3625,75.56,75.81352138025134
2018-05-12,77.61500000000002,77.525,77.55343230432726
2018-05-13,79.1225,77.52125000000002,78.02710808115573
2018-05-14,79.91750000000002,76.89125,77.84728623300389
2018-05-15,78.29,73.80875,75.22444181962781
2018-05-16,75.63,72.8075,73.69916865515191
2018-05-17,74.31,73.50875,73.76187648713568
2018-05-18,75.4725,73.05875,73.8212886063323
2018-05-19,79.055,75.95375,76.93347981994326
2018-05-20,78.44,74.4425,75.70536818386881
2018-05-21,75.875,73.9625,74.56668646695414
2018-05-22,75.995,73.9925,74.6251187712814
2018-05-23,77.86250000000003,74.78,75.75380642320843
2018-05-24,78.005,75.35375,76.191318298307
2018-05-25,73.48400000000002,73.91035714285717,73.77566474243703
2018-05-26,75.6725,76.0625,75.93929334791522
2018-05-27,77.495,75.15875,75.89680523316163
2018-05-28,74.73,75.19464285714288,75.04785544472321
2018-05-29,75.91142857142857,74.70428571428572,75.08563963740522
2018-05-30,76.41499999999998,76.4825,76.46117577175455
2018-05-31,79.445,77.74625,78.2829097441769
2018-06-01,79.7225,76.59125,77.58045725471902
2018-06-02,81.39500000000002,77.04125,78.41666272183087
2018-06-03,82.205,80.60375,81.10960808115571
2018-06-04,77.8775,78.66874999999997,78.41878265778955
2018-06-05,74.0,73.76375,73.83838479885902
2018-06-06,77.75,76.3625,76.80083135837849
2018-06-07,80.5025,78.21125,78.93508908099798
2018-06-08,81.02000000000002,77.7275,78.76764846663869
2018-06-09,80.24000000000002,78.51500000000001,79.05995249960571
2018-06-10,78.2525,78.08,78.13449524996057
2018-06-11,77.73500000000001,77.01875000000003,77.24502375527108
2018-06-12,81.53,75.17,77.17921617245922
2018-06-13,77.13499999999998,76.86875,76.95286223363479
2018-06-14,78.155,78.41375,78.33200712505914
2018-06-15,79.2875,79.57625,79.48502969028338
2018-06-16,80.465,79.75625,79.98015439657712
2018-06-17,81.08,79.11875,79.73833729846473
2018-06-18,81.965,81.00125,81.305712592171
2018-06-19,83.13499999999998,83.34875,83.28122327722276
2018-06-20,82.97749999999998,83.59625,83.40077790775014
2018-06-21,80.4525,81.755,81.34352137348613
2018-06-22,79.74000000000002,79.81625,79.79216151994495
2018-06-23,80.8775,79.47625000000002,79.91892518265072
2018-06-24,84.035,82.22375,82.79595012458597
2018-06-25,83.285,80.39875,81.31055820405038
2018-06-26,81.2975,79.90875,80.34747625149414
2018-06-27,82.22749999999998,77.92625000000002,79.28507721097331
2018-06-28,80.66750000000002,74.13499999999998,76.19871142241978
2018-06-29,80.14250000000001,78.36125000000001,78.92397268981024
2018-06-30,81.43142857142857,80.75750000000002,80.970403802641
2018-07-01,80.87,80.2325,80.43389548898472
2018-07-02,79.93,79.6,79.70425178253326
2018-07-03,83.94,83.32499999999997,83.51928741290288
2018-07-04,82.13000000000002,80.80625,81.22444180948003
2018-07-05,82.0025,80.975,81.29960214106946
2018-07-06,80.95250000000001,80.08625,80.35991092914982
2018-07-07,78.51500000000001,77.7725,78.00706651069984
2018-07-08,76.92000000000002,76.25000000000001,76.46166270999178
2018-07-09,80.5775,79.03625,79.5231532116042
2018-07-10,82.31,81.43625,81.71228028784375
2018-07-11,83.45750000000002,82.89875,83.07526722269837
2018-07-12,81.785,82.73750000000003,82.43659144586992
2018-07-13,83.29250000000002,80.7125,81.52755939071459
2018-07-14,82.2575,79.45625000000003,80.34120547218576
2018-07-15,80.2625,79.37375,79.65451900523163
2018-07-16,79.25,79.95875,79.73484560342288
2018-07-17,77.99000000000002,80.5025,79.70876483753085
2018-07-18,79.64750000000002,81.73375000000001,81.07467338996966
2018-07-19,79.74285714285712,78.42125000000001,78.83876484985318
2018-07-20,80.97,78.91999999999999,79.56762470967631
2018-07-21,83.6375,76.92250000000001,79.04386581730563
2018-07-22,82.74285714285716,78.36875,79.75059383828587
2018-07-23,80.61714285714288,77.29035714285716,78.34133696352528
2018-07-24,79.36714285714284,77.56785714285716,78.13627757619327
2018-07-25,82.76285714285714,80.00928571428571,80.87917883477428
2018-07-26,81.65,80.43875,80.82140142907095
2018-07-27,83.89250000000001,80.54625000000001,81.60337887061192
2018-07-28,81.5075,79.88374999999998,80.3967161572375
2018-07-29,79.41285714285716,78.31142857142856,78.659385819624
2018-07-30,80.45,77.8875,78.6970308870954
2018-07-31,77.35142857142857,75.60375000000002,76.15586698898974
2018-08-01,75.73142857142857,75.27571428571429,75.41968103302212
2018-08-02,77.435,74.61500000000002,75.50587886892062
2018-08-03,79.77,78.125,78.64467934020368
2018-08-04,80.75,79.805,80.10353919543617
2018-08-05,83.01500000000001,82.1275,82.40787411211596
2018-08-06,83.01500000000001,81.74375,82.14535629862246
2018-08-07,80.11250000000003,80.24000000000002,80.19972090220308
2018-08-08,80.1875,80.35035714285712,80.29890821121734
2018-08-09,78.0425,78.3725,78.26824821746675
2018-08-10,78.5,78.74375,78.66674584244703
2018-08-11,78.92750000000002,79.59125,79.38156175558652
2018-08-12,81.68,80.74625,81.04123515739526
2018-08-13,80.16714285714286,79.4825,79.69878860077517
2018-08-14,79.18571428571428,78.63928571428572,78.81191041912976
2018-08-15,81.695,79.2875,80.04806414075402
2018-08-16,80.41999999999999,80.10499999999998,80.20451306514538
2018-08-17,78.8075,79.44875,79.24616983166834
2018-08-18,77.67500000000003,78.53375,78.26245842954414
2018-08-19,77.63000000000002,78.99875,78.56634203835637
2018-08-20,77.87,78.095,78.02391923918186
2018-08-21,80.68857142857144,80.24571428571429,80.38561927526109
2018-08-22,78.8825,78.58250000000002,78.67727434775753
2018-08-23,76.595,76.34,76.42055819559388
2018-08-24,77.06,74.25125,75.13857483087968
2018-08-25,80.1725,75.46625,76.95302258044595
2018-08-26,81.185,78.33125,79.23279098304332
2018-08-27,81.51500000000001,79.805,80.34521378221783
2018-08-28,82.5275,79.76750000000001,80.63942399936911
2018-08-29,80.75,79.92125000000001,80.18306413568014
2018-08-30,79.88642857142858,79.51625000000001,79.63319477553651
2018-08-31,78.9125,78.94999999999997,78.9381532065303
2018-09-01,80.00750000000002,79.8575,79.90488717387876
2018-09-02,81.47,79.7525,80.29508314091174
2018-09-03,80.225,79.24625,79.55545130955889
2018-09-04,78.89,79.715,79.45437054366685
2018-09-05,77.94500000000002,79.74125,79.1737885928019
2018-09-06,80.70500000000001,80.37125,80.47668646188023
2018-09-07,80.705,79.74125,80.045712592171
2018-09-08,80.33,79.64375000000003,79.86054632049532
2018-09-09,78.7625,79.38875000000002,79.19090854905622
2018-09-10,76.025,79.73,78.55953680519474
2018-09-11,75.69714285714286,78.69928571428571,77.75086527708378
2018-09-12,79.505,78.78500000000003,79.01245843461804
2018-09-13,82.46000000000002,82.43571428571428,82.44338649481847
2018-09-14,81.61250000000003,82.53125,82.24100355999262
2018-09-15,76.85600000000001,77.96900000000002,77.61738716981965
2018-09-16,79.5,76.13,77.19463183980938
2018-09-18,83.66,82.44500000000002,82.82883610841793
2018-09-19,80.54999999999998,79.53,79.85223278237554
2018-09-20,84.55000000000003,81.59,82.52510689787411
2018-09-21,80.9825,78.03875,78.96872328737057
2018-09-22,79.625,77.26625000000001,78.01141330924344
2018-09-23,79.45000000000002,75.355,76.64866984689003
2018-09-24,76.52000000000002,78.67,77.99078384107118
2018-09-25,78.755,77.63750000000002,77.99053444539673
2018-09-26,76.49000000000002,77.22875,76.99536816864713
2018-09-27,74.195,76.31,75.64184084830954
2018-09-28,74.36,76.55000000000003,75.85814726137019
2018-09-29,75.66499999999998,75.86000000000001,75.79839667395763
2018-09-30,76.79,75.30875,75.77669834205271
2018-10-01,77.105,75.04500000000002,75.69578385460159
2018-10-02,78.095,74.39375,75.56302851545829
2018-10-03,77.88499999999998,75.2225,76.06362233634789
2018-10-04,78.65,76.06375000000001,76.88078385629288
2018-10-05,78.7475,77.7575,78.07025534759978
2018-10-06,77.93,76.8275,77.17579572800885
2018-10-07,78.0725,76.91,77.27725059756035
2018-10-08,76.9325,76.49375,76.63235748359537
2018-10-09,77.9825,75.48125000000002,76.27143112442826
2018-10-10,77.465,77.5625,77.53169833697882
2018-10-11,73.06785714285716,77.22714285714288,75.91316422144767
2018-10-12,64.41499999999999,63.62375,63.87371734221043
2018-10-13,65.1125,63.34625,63.90423397242235
2018-10-14,71.27000000000002,67.28375,68.54306414582793
2018-10-15,74.045,71.43875,72.26210214614338
2018-10-16,71.3225,74.17624999999998,73.27470901695668
2018-10-17,67.685,71.58500000000002,70.35293347915238
2018-10-18,64.75999999999999,63.87125,64.15201900523164
2018-10-19,64.05,58.075,59.962589092837085
2018-10-20,69.0875,66.8825,67.5790914560177
2018-10-21,55.79,54.95375,55.21793349437406
2018-10-22,54.5975,52.02125000000001,52.83512471136763
2018-10-23,62.074285714285715,60.73714285714286,61.15956566429062
2018-10-24,58.69499999999999,56.565,57.23789786907832
2018-10-25,59.46928571428572,54.730357142857144,56.2274533576124
2018-10-26,60.5675,54.24125,56.23980405833651
2018-10-27,56.4125,55.74125,55.95330760310743
2018-10-28,61.49,57.1925,58.55014253162634
2018-10-29,64.33250000000001,60.03125,61.39007721097331
2018-10-30,63.0425,54.755,57.37314135680123
2018-10-31,68.6075,60.575,63.11258316120734
2018-11-01,68.5775,65.51375,66.48163302647357
2018-11-02,54.515,62.05250000000001,59.67129451259255
2018-11-03,53.735,51.00875,51.87001188524638
2018-11-04,58.28,53.74,55.17425179606366
2018-11-05,64.505,62.66375,63.245427559361715
2018-11-06,70.0025,68.60375,69.0456353964194
2018-11-07,62.0825,62.8125,62.58188242045673
2018-11-08,62.21750000000001,62.31875,62.28676365763185
2018-11-09,59.8475,61.33625,60.86593229925335
2018-11-10,44.1275,48.69125,47.249495234738866
2018-11-11,47.06,46.23875,46.49819477698619
2018-11-12,53.9825,48.27875,50.08064728673967
2018-11-13,48.8375,51.96125000000001,50.97441210397493
2018-11-14,42.08,49.7375,47.31838477348954
2018-11-15,36.23,43.25,41.03228026247425
2018-11-16,31.79,35.21,34.129572435564384
2018-11-22,48.53,49.325,49.0738479784426
2018-11-23,49.0775,45.36125,46.53526723284616
2018-11-24,54.1625,46.205,48.71888957426796
2018-11-25,55.05500000000001,48.32375,50.45024942780914
2018-11-26,48.68000000000001,50.8625,50.17301662006411
2018-11-27,37.3175,39.125,38.553984554760994
2018-11-28,37.8425,36.155,36.688105706136
2018-11-29,51.935,42.46250000000001,45.45500003044341
2018-11-30,64.63999999999999,55.44875,58.352399079420714
2018-12-01,65.8475,56.64875,59.554768438114664
2018-12-02,66.2525,65.52125000000001,65.75226247265894
2018-12-03,56.5925,57.79625,57.41596792962299
2018-12-04,45.4325,46.64375,46.26109857092904
2018-12-05,38.675,38.63375,38.64678147281666
2018-12-06,38.2025,37.12625,37.46625297258007
2018-12-07,47.1125,42.55625,43.995635406567196
2018-12-08,47.84,43.71125,45.015581961012735
2018-12-09,44.3975,40.68875,41.86039787415222
2018-12-10,40.91,40.335,40.51665083320189
2018-12-11,39.7025,41.5025,40.93385391345493
2018-12-12,42.77,40.55375,41.253895494058604
2018-12-13,53.7025,44.93,47.70135988567587
2018-12-14,57.9875,53.15000000000001,54.67823635758987
2018-12-15,52.0175,54.12125,53.45664488635046
2018-12-16,51.785,50.765,51.08723278237554
2018-12-17,49.9325,50.28874999999999,50.176205462037956
2018-12-18,47.285,46.96250000000001,47.06438242383933
2018-12-19,50.855,48.28625,49.09775535267368
2018-12-20,54.05750000000001,53.6525,53.780445369472645
2018-12-21,45.0725,50.8025,48.99230995783155
2018-12-22,43.4525,44.86625,44.41962588619273
2018-12-23,53.1575,45.69125,48.049946579815035
2018-12-24,46.2725,45.61625,45.82356888571955
2018-12-25,47.8475,43.2125,44.67676367285353
2018-12-26,54.59,47.36375,49.646627101609035
2018-12-27,59.7575,52.93625,55.091181732136405
2018-12-28,61.602500000000006,60.55625000000001,60.886775537804326
2018-12-29,53.03,57.44375,56.04938240861764
2018-12-30,56.96,55.565,56.00570071707243
2018-12-31,67.99000000000001,61.29,63.40662709991773
2019-01-01,65.14571428571429,65.91875000000002,65.67453681461771
2019-01-02,60.26,58.505,59.059429934381434
2019-01-03,57.22250000000001,57.725,57.56625296750617
2019-01-04,57.11000000000002,58.87625,58.318266027577664
2019-01-05,50.7425,51.575,51.312001184972914
2019-01-06,50.7425,51.18125000000001,51.042642516404655
2019-01-07,54.905,53.38625,53.86604513552239
2019-01-08,59.0,57.83,58.199619956254296
2019-01-09,50.8775,51.5075,51.308473869709225
2019-01-10,42.7325,39.36875,40.431407374231085
2019-01-11,42.125,39.3125,40.20100951022666
2019-01-12,51.50750000000001,44.30750000000001,46.58208434618026
2019-01-13,52.4075,45.42125,47.62830762340303
2019-01-14,44.2625,45.05,44.801217337136535
2019-01-15,41.5175,41.93375,41.80225059248645
2019-01-16,42.2825,41.05625,41.443640146458826
2019-01-17,44.7575,42.17,42.98742874940853
2019-01-18,56.6375,52.19375,53.59759502615813
2019-01-19,59.49500000000001,57.9425,58.43295724964512
2019-01-20,37.7375,43.88,41.93949522966497
2019-01-21,35.9825,33.63125,34.37404395054949
2019-01-22,44.15,38.795,40.48672210747157
2019-01-23,60.5075,54.2525,56.22854515074409
2019-01-24,42.3725,51.65375,48.72166861625202
2019-01-25,39.7625,39.035,39.26482779331196
2019-01-26,40.1225,38.6675,39.12715558662393
2019-01-27,42.53,41.6525,41.929714967190726
2019-01-28,47.0075,46.415000000000006,46.60217933682109
2019-01-29,43.115,44.4425,44.02312351117301
2019-01-30,34.25,33.89,34.003729217309015
2019-01-31,40.505,37.63625,38.54252970043119
2019-02-01,46.76,44.4875,45.205415684263144
2019-02-02,59.855,51.45125,54.10611641655726
2019-02-03,60.25999999999999,55.56875,57.05078386305808
2019-02-04,58.865,53.3975,55.12476248788063
2019-02-05,68.11250000000001,60.49625,62.90233375369381
2019-02-06,70.38499999999998,63.7025,65.81359859629855
2019-02-07,69.3725,68.43875,68.73373515739524
2019-02-08,56.1425,59.41625,58.382024930096165
2019-02-09,47.885,47.8175,47.83882422824544
2019-02-10,55.3775,44.72375,48.08942402473859
2019-02-11,57.3575,48.83,51.52396083500724
2019-02-12,62.735,61.8125,62.10393111935435
2019-02-13,48.2675,49.505,49.114055815500265
2019-02-14,50.1125,47.795,48.527131836426776
2019-02-15,60.26,55.67,57.12004752068991
2019-02-16,64.10750000000002,59.57375,61.00602733048538
2019-02-17,66.11,51.63125000000001,56.205296958646855
2019-02-18,56.885,54.39875,55.18419240704037
2019-02-19,51.26,46.81625,48.22009502615812
2019-02-20,57.875,46.3325,49.97894302997022
2019-02-21,71.24000000000002,56.2325,60.97358674656947
2019-02-22,74.14250000000001,59.945,64.43019600762419
2019-02-23,74.255,53.015,59.725023821231744
2019-02-24,63.36499999999999,59.3825,60.64062946648095
2019-02-25,51.7325,50.01125,50.55501782025872
2019-02-26,60.5075,53.74625,55.88222686258489
2019-02-27,65.27428571428571,60.49625,62.00570072794507
2019-02-28,64.98500000000001,59.50625,61.23706652592154
2019-03-01,65.72749999999999,62.04875,63.21092043937647
2019-03-02,60.755,61.385,61.18597386970922
2019-03-03,58.865,59.66374999999999,59.41141329909563
2019-03-04,41.49500000000001,46.625,45.00435865334657
2019-03-05,40.1225,40.73,40.53808194579104
2019-03-06,40.1225,38.40125,38.94501782025872
2019-03-07,47.255,43.30625,44.553717352358234
2019-03-08,63.5,55.05125,57.72033256872089
2019-03-09,68.63,59.6975,62.51940620447987
2019-03-10,67.37,66.41375000000001,66.71584323347707
2019-03-11,60.5075,60.86750000000001,60.753770782691
2019-03-12,60.125,56.82875,57.870083145985646
2019-03-13,69.18800000000002,61.5125,63.937301687375914
2019-03-14,72.995,65.435,67.82331356348926
2019-03-15,62.85714285714286,66.5375,65.3748218409034
2019-03-16,51.02857142857143,52.85375000000001,52.277149637839585
2019-03-17,53.12749999999999,51.935,52.311728032336106
2019-03-18,53.735,49.74125,51.002933504521856
2019-03-19,52.74500000000001,50.38249999999999,51.128847988590394
2019-03-20,52.227500000000006,48.59375,49.741704287212855
2019-03-21,55.985,52.9925,53.93787411888117
2019-03-22,55.5125,53.915000000000006,54.41967340180875
2019-03-23,56.8625,54.758750000000006,55.42335511364955
2019-03-24,59.135,58.04375,58.38849168996795
2019-03-25,63.14,61.05875,61.71624703756773
2019-03-26,55.895,57.45875,56.96473871231398
2019-03-27,57.852500000000006,53.36375,54.78181117832176
2019-03-28,56.12000000000001,53.38625,54.249881243940315
2019-03-29,62.1275,58.1675,59.418521390399135
2019-03-30,68.0,63.30875,64.79078386305808
2019-03-31,53.6,58.4375,56.909263642410146
2019-04-01,52.4975,50.75375,51.304625896340525
2019-04-02,56.3675,51.60875,53.11210809130351
2019-04-03,58.235,53.83625000000001,55.2258788739945
2019-04-04,59.99,56.9975,57.942874118881164
2019-04-05,68.3375,64.45625000000001,65.68239312411279
2019-04-06,71.105,64.13,66.33350358536212
2019-04-07,74.5025,69.69875,71.21632424346714
2019-04-08,72.005,70.1375,70.72747031479051
2019-04-09,71.13714285714286,69.38374999999999,69.9376722146613
2019-04-10,71.015,69.3275,69.86060570613598
2019-04-11,73.2425,69.92375000000001,70.97219122206747
2019-04-12,71.1275,72.93875,72.36654987541404
2019-04-13,74.6375,71.57749999999999,72.5441983471266
2019-04-14,70.22749999999999,73.56875,72.51320070185072
2019-04-15,57.47,60.28250000000001,59.39399048977335
2019-04-16,62.96,59.90000000000001,60.86669834712662
2019-04-17,66.98750000000001,65.5025,65.97163302139968
2019-04-18,70.61,69.62,69.9327553475998
2019-04-19,59.99,66.155,64.20738715358317
2019-04-20,56.2325,51.92375,53.28494656966724
2019-04-21,59.3825,57.81875,58.31276128768602
2019-04-22,64.8725,62.76875,63.43335511364954
2019-04-23,67.505,67.80875,67.71279097289552
2019-04-24,70.1375,71.51,71.0764073590094
2019-04-25,65.255,69.47375,68.14098573466
2019-04-26,67.41499999999999,69.99125000000001,69.17737528863238
2019-04-27,65.0075,63.2525,63.80692993438143
2019-04-28,68.51750000000001,68.7425,68.67141923918187
2019-04-29,72.36500000000002,72.185,72.24186460865452
2019-04-30,74.14250000000001,72.7475,73.18820071707243
2019-05-01,74.84,74.3675,74.5167695977181
2019-05-02,75.515,74.57,74.86853919543614
2019-05-03,77.63,74.08625,75.2057719828856
2019-05-04,72.63499999999998,73.74875,73.39690023395023
2019-05-05,72.275,73.05125,72.80602137517744
2019-05-06,70.4975,72.08375000000002,71.58263063623218
2019-05-07,73.265,73.8725,73.68058194579103
2019-05-08,75.26750000000001,74.8475,74.98018408686052
2019-05-09,72.1175,72.42125000000001,72.32529097289553
2019-05-10,73.60249999999998,74.075,73.92573040228191
2019-05-11,74.14250000000001,74.00750000000002,74.0501484564909
2019-05-12,72.2525,71.2625,71.57525534759978
2019-05-13,71.375,70.93625,71.07485748359537
2019-05-14,67.10000000000001,64.75999999999999,65.49923991250859
2019-05-15,67.43428571428572,63.1475,64.50175773349214
2019-05-16,75.7175,73.18625,73.98590855920399
2019-05-17,78.14750000000002,75.875,76.59291568426315
2019-05-18,78.3725,77.2475,77.60290380409067
2019-05-19,76.5275,77.6075,77.26631234807296
2019-05-20,77.7875,79.76375,79.13942398414738
2019-05-21,79.52,78.57499999999997,78.87353919543614
2019-05-22,74.17999999999998,79.1,77.54570069677682
2019-05-23,81.23,80.52125000000002,80.74515439657714
2019-05-24,81.7475,81.69125,81.70902019020453
2019-05-25,81.7475,83.33375,82.83263063623215
2019-05-26,82.895,83.03375,82.98991686416214
2019-05-27,83.0075,83.5925,83.40769002187287
2019-05-28,81.86000000000001,84.00874999999998,83.32992873418681
2019-05-29,81.005,82.38875,81.95160332096849
2019-05-30,79.475,82.81625,81.76070070185071
2019-05-31,80.84750000000003,81.49625,81.29130047297438
2019-06-01,79.745,78.49625,78.89074822254064
2019-06-02,80.7575,77.61125,78.60519597210688
2019-06-03,83.03,79.43,80.56729217309012
2019-06-04,84.65,78.0575,80.1401662919713
2019-06-05,80.105,76.74125000000002,77.80390737423112
2019-06-06,77.0,75.23374999999999,75.79173397242234
2019-06-07,78.41428571428571,77.32625,77.66997625052768
2019-06-08,78.89,74.36375000000002,75.79365797179145
2019-06-09,77.3825,75.07625,75.80482779838586
2019-06-10,77.225,78.18125,77.87915676652294
2019-06-11,78.5975,75.57124999999998,76.52728623300388
2019-06-12,77.13499999999998,71.555,73.31780286828969
2019-06-13,73.85,73.68125,73.73456057061361
2019-06-14,74.255,71.81375,72.58497625487674
2019-06-15,77.855,73.56875,74.92283849358543
2019-06-16,79.7,79.0025,79.2228503585362
2019-06-17,80.8475,80.555,80.64740498906357
2019-06-18,77.855,78.80000000000003,78.50146080456386
2019-06-19,79.76750000000001,78.80000000000003,79.105647271518
2019-06-20,82.4,81.10625,81.51496437470426
2019-06-21,85.235,82.18625,83.1493943090857
2019-06-22,83.12,79.68125,80.76760096117047
2019-06-23,82.60249999999998,78.31625,79.67033849358543
2019-06-24,84.245,79.62125,81.08195963481263
2019-06-25,82.49000000000002,80.4875,81.1201187712814
2019-06-26,79.6325,79.11500000000002,79.27848574988172
2019-06-27,79.25,79.30625,79.28847980979548
2019-06-28,80.42,80.18375,80.25838479885904
2019-06-29,79.745,79.11500000000002,79.31402613029078
2019-06-30,79.6325,81.2075,80.70993467427306
2019-07-01,83.5025,84.56,84.22592042415478
2019-07-02,85.505,86.11250000000003,85.92058194579106
2019-07-03,81.0275,84.95375000000001,83.71339072372359
2019-07-04,83.5025,83.435,83.45632422824544
2019-07-05,86.2475,81.17375000000001,82.7766211564489
2019-07-06,85.73,81.50000000000001,82.8363183033809
2019-07-07,82.625,81.7475,82.02471496719073
2019-07-08,81.7475,83.345,82.84032659819124
2019-07-09,83.525,84.51499999999999,84.2022446524002
2019-07-10,84.35750000000002,82.81625,83.30315321160421
2019-07-11,83.12,83.0075,83.04304038040907
2019-07-12,80.645,82.32125,81.79169833190491
2019-07-13,76.1,81.005,79.4554394141647
2019-07-14,77.11250000000003,82.99625,81.13748810460584
2019-07-15,80.375,83.9525,82.82231590299169
2019-07-16,83.12,84.81875,84.28209025582309
2019-07-17,83.255,84.45875000000002,84.078467929623
2019-07-18,84.515,82.11875,82.87576010271312
2019-07-19,79.1375,79.41875,79.32989904897732
2019-07-20,77.7425,80.555,79.66649048977334
2019-07-21,78.89,82.445,81.32192397907349
2019-07-22,81.7475,83.40125,82.87880640798673
2019-07-23,79.0025,79.6325,79.43347386970922
2019-07-24,79.6325,77.0,77.83164490157216
2019-07-25,78.5075,76.87625,77.39158551593147
2019-07-26,79.6325,78.0575,78.55506532572693
2019-07-27,79.38499999999998,78.44,78.73853919543615
2019-07-28,79.6325,78.305,78.72437648882699
2019-07-29,80.7575,79.47500000000002,79.88016033666338
2019-07-30,78.98,78.72125,78.80299287494086
2019-07-31,81.59,80.36375,80.75114014645882
2019-08-01,81.3875,80.48750000000003,80.77182304327253
2019-08-02,81.2525,77.945,78.98988718402654
2019-08-03,77.8325,79.37375,78.8868467883958
2019-08-04,76.86500000000002,78.36125000000001,77.88856294055944
2019-08-05,80.15,78.6875,79.14952494531786
2019-08-06,83.3675,79.63250000000002,80.81244062958103
2019-08-07,84.2225,82.99625,83.38364014645883
2019-08-08,83.9975,83.89625000000002,83.92823634236818
2019-08-09,83.48,84.30125000000002,84.04180522301382
2019-08-10,83.255,83.89625000000002,83.69366983166833
2019-08-11,83.9075,83.9975,83.96906769567275
2019-08-12,87.3725,84.1325,85.15606295578111
2019-08-13,87.75500000000002,86.135,86.64678147789057
2019-08-14,86.6525,82.56875,83.85886580884912
2019-08-15,87.14750000000002,82.3325,83.85362828150804
2019-08-16,84.4925,82.14125000000001,82.8840439505495
2019-08-17,82.85000000000002,81.88250000000002,82.18814727151799
2019-08-18,84.605,81.4775,82.46552257537205
2019-08-19,82.895,80.61125,81.33271972230405
2019-08-20,79.83500000000002,80.31875000000002,80.16592636424103
2019-08-21,82.60249999999998,82.8725,82.78720308701824
2019-08-22,81.8825,82.6925,82.43660926105473
2019-08-23,81.7475,82.2425,82.08612232620013
2019-08-24,81.995,79.17125,80.06331354826757
2019-08-25,79.22749999999998,73.98500000000001,75.6411817270625
2019-08-26,75.875,74.6375,75.02844418449972
2019-08-27,77.225,76.92125,77.01720902710449
2019-08-28,79.5425,79.9925,79.85033847836374
2019-08-29,79.36250000000003,77.6075,78.16192993438145
2019-08-30,76.71714285714286,76.1225,76.31035629644792
2019-08-31,79.6325,78.13625,78.60893705944058
2019-09-01,79.38499999999998,78.73250000000002,78.9386342063726
2019-09-02,82.08500000000002,79.61000000000001,80.39188836899947
2019-09-03,83.0975,81.005,81.66605107560864
2019-09-04,84.67250000000001,81.75874999999998,82.6792458525948
2019-09-05,84.26750000000001,82.23125,82.87453088540411
2019-09-06,80.015,80.13875,80.09965558155002
2019-09-07,82.625,80.67875000000002,81.29359858107688
2019-09-08,85.73,81.12875,82.58235155873082
2019-09-09,81.74750000000002,82.98500000000001,82.59405581550028
2019-09-10,83.75,80.22125,81.3360332654977
2019-09-11,83.3675,80.61125000000001,81.48198932002214
2019-09-12,83.61500000000002,81.75874999999998,82.34516627674958
2019-09-13,81.2942857142857,81.33125000000003,81.31957244643704
2019-09-14,82.2425,79.38499999999998,80.28772566239027
2019-09-15,83.3675,80.25125,81.23571853733114
2019-09-16,84.245,81.24125000000002,82.19017815692209
2019-09-17,81.57714285714286,80.0,80.49824228535377
2019-09-18,81.608,77.37125,78.70970072620545
2019-09-19,81.61250000000003,73.18625,75.84822449263908
2019-09-20,75.74000000000002,70.3175,72.030546335717
2019-09-21,77.69428571428571,72.545,74.17173398329498
2019-09-22,76.39250000000001,72.1175,73.46803445554453
2019-09-23,76.595,73.94,74.77875297765397
2019-09-24,80.35249999999998,78.18125,78.86717934189498
2019-09-25,81.63499999999998,77.99000000000002,79.14150832525377
2019-09-26,84.6275,80.80250000000002,82.01087293390826
2019-09-27,84.11,81.005,81.98591449929025
2019-09-28,83.6375,78.76625000000001,80.30514847171258
2019-09-29,83.6375,79.82375,81.02856889586735
2019-09-30,81.41,80.45375,80.75584323347705
2019-10-01,78.98,79.27250000000002,79.18009501093645
2019-10-02,78.008,76.745,77.14400000405912
2019-10-03,80.816,79.05125000000002,79.60876010068358
2019-10-04,86.792,80.79124999999998,82.68697389101959
2019-10-05,79.11500000000002,74.0975,75.68260096624437
2019-10-06,78.5075,72.44375000000002,74.3593765040487
2019-10-07,77.765,72.60125,74.23255346077613
2019-10-08,76.91,74.13125,75.00909739610393
2019-10-09,76.1225,70.37375,72.18986343890329
2019-10-10,76.0325,67.76375,70.37596796006638
2019-10-11,73.73750000000003,66.89750000000001,69.05835512887126
2019-10-12,68.02250000000001,68.69749999999999,68.4842577175456
2019-10-13,65.255,68.045,67.16359856585515
2019-10-14,68.42750000000001,68.0675,68.18122921730902
2019-10-15,70.025,67.40375,68.23184086353125
2019-10-16,69.48500000000001,68.81,69.0232422824544
2019-10-17,58.1225,56.37875,56.929625896340525
2019-10-18,58.865,56.795,57.44894299952682
2019-10-19,63.11749999999999,60.29375,61.18581354826757
2019-10-20,66.26750000000001,65.345,65.63643111935434
2019-10-21,70.1375,67.25750000000001,68.16733373847211
2019-10-22,67.4825,70.385,69.4680581854461
2019-10-23,56.885,57.065,57.0081353913455
2019-10-24,59.6075,58.7975,59.05339073894528
2019-10-25,71.7575,66.4475,68.12500595530794
2019-10-26,75.515,70.44125,72.0441211564489
2019-10-27,63.6125,69.55250000000001,67.6759679144013
2019-10-28,61.00249999999999,62.69,62.156894293864
2019-10-29,67.8875,66.79624999999999,67.14099168996793
2019-10-30,73.625,70.76750000000001,71.6702256623903
2019-10-31,58.4825,69.08,65.73209616546593
2019-11-01,45.4775,47.1875,46.64728621778219
2019-11-02,48.6275,48.50375,48.54284441844997
2019-11-03,49.145,48.80750000000001,48.91412114122721
2019-11-04,57.155,51.82250000000001,53.50711403138976
2019-11-05,65.14250000000001,60.8,62.17185868378997
2019-11-06,62.375,59.36,60.31248219496298
2019-11-07,62.99000000000001,59.0,60.2604988251749
2019-11-08,54.3875,54.635,54.55681116310006
2019-11-09,48.65000000000001,43.86875000000001,45.37921616738534
2019-11-10,50.63,47.39,48.41356295578111
2019-11-11,55.96250000000001,50.83625,52.455706667306465
2019-11-12,44.6,48.61625,47.347458419396325
2019-11-13,37.2425,35.56625,36.09580166809509
2019-11-14,43.4525,41.6975,42.25192993438144
2019-11-15,45.5,47.3075,46.736484554761
2019-11-16,48.7625,48.425,48.5316211412272
2019-11-17,50.1125,51.13625,50.81283253827749
2019-11-18,49.01,52.68875,51.526579560623524
2019-11-19,51.2375,50.821250000000006,50.95274940751355
2019-11-20,53.0825,50.68625,51.443260102713126
2019-11-21,56.255,51.4175,52.94573635758985
2019-11-22,58.67,55.50125,56.502304048188705
2019-11-23,62.645,63.33500000000001,63.117019000157725
2019-11-24,49.977500000000006,50.135,50.085243467427304
2019-11-25,47.84,46.20875,46.72408551593147
2019-11-26,61.13428571428572,49.62875,53.26351547640723
2019-11-27,68.76500000000001,61.8575,64.03967935711668
2019-11-28,56.6375,53.74625,54.65963777651301
2019-11-29,55.8725,54.14,54.687321858299626
2019-11-30,63.13999999999999,59.86625,60.900475069903834
2019-12-01,63.7475,61.91375000000001,62.4930582006678
2019-12-02,44.6225,47.24375,46.41565913646875
2019-12-03,40.01,40.56125,40.38710213599557
2019-12-04,47.255,45.545,46.085213782217814
2019-12-05,47.5925,49.24625,48.72380640798673
2019-12-06,52.1375,50.32625,50.89845012458598
2019-12-07,55.715,55.25375,55.39946555967717
2019-12-08,59.765,52.06999999999999,54.500962019980136
2019-12-09,67.41499999999999,56.52500000000001,59.96530882359764
2019-12-10,61.88,61.37375,61.5336817118408
2019-12-11,45.77,47.62625,47.0398337232504
2019-12-12,43.8575,43.0025,43.27260689110891
2019-12-13,46.625,43.7825,44.68048694500241
2019-12-14,51.1475,48.965,49.6544833799359
2019-12-15,54.0275,48.66125,50.35652614551247
2019-12-16,66.74000000000001,58.56125,61.14503565573914
2019-12-17,52.61,59.5175,57.335320642883325
2019-12-18,41.36,41.81,41.667838478363734
2019-12-19,38.75,38.3675,38.48833729339083
2019-12-20,44.1275,40.82,41.86488718402655
2019-12-21,51.4175,48.245,49.24723872753567
2019-12-22,50.99,47.32250000000001,48.481116401335576
2019-12-23,53.5775,54.93875,54.50871139705029
2019-12-24,61.61,60.3725,60.76344418449973
2019-12-25,58.235,53.071250000000006,54.70255346077616
2019-12-26,56.885,52.25,53.714263672853534
2019-12-27,59.0,57.81875,58.1919239942952
2019-12-28,64.10750000000002,61.7,62.46056414075404
2019-12-29,71.015,67.9325,68.90630642320842
2019-12-30,56.12000000000001,61.08125,59.51391922396017
2019-12-31,47.7275,48.49250000000001,48.25082541321835
2020-01-01,44.3525,45.80375,45.34527909272305
2020-01-02,57.5225,48.6425,51.44782069362232
2020-01-03,61.985,61.82,61.872125891266634
2020-01-04,53.12000000000001,58.37000000000001,56.711448914243576
2020-01-05,42.62000000000001,43.11125,42.95605700554707
2020-01-06,48.455,47.30375,47.66744655951945
2020-01-07,53.0525,51.815,52.20594418449973
2020-01-08,44.0825,45.81125,45.265112821047346
2020-01-09,50.39,48.44375,49.05859858107685
2020-01-10,64.76750000000001,60.05,61.54032661848686
2020-01-11,66.4,67.46000000000001,67.12513063792346
2020-01-12,55.835,62.40875,60.332007104763555
2020-01-13,60.22357142857143,64.99428571428572,63.487147931732366
2020-01-14,66.57499999999999,64.50071428571428,65.15601120449479
2020-01-15,64.565,64.72625,64.67530878808033
2020-01-16,61.61,64.505,63.59042754414003
2020-01-17,56.0375,49.54625,51.59692994960314
2020-01-18,57.7175,49.21250000000001,51.89935275892543
2020-01-19,47.24,50.93000000000001,49.76427552258263
2020-01-20,33.6275,35.86625,35.15899642985958
2020-01-21,31.6625,32.735,32.396181706766896
2020-01-22,36.1775,36.39125,36.32372327722277
2020-01-23,45.7025,44.84375,45.11504157045587
2020-01-24,51.86,50.65625,51.036532070377014
2020-01-25,43.2425,45.7025,44.92535034838841
2020-01-26,43.9475,44.765,44.506739902360785
2020-01-27,49.52,49.58375,49.56361045110153
2020-01-28,46.22,46.58750000000001,46.47140142399706
2020-01-29,47.9975,44.6075,45.678450129659865
2020-01-30,49.25,47.5325,48.075083140911744
2020-01-31,50.555,43.35875,45.632149666833286
2020-02-01,48.1625,45.12125,46.08202495039177
2020-02-02,48.5675,50.0375,49.5731056959882
2020-02-03,55.7225,55.53125000000001,55.591668646695425
2020-02-04,63.05,59.648214285714296,60.72288769332178
2020-02-05,66.26,64.43375,65.01068884197385
2020-02-06,58.4975,65.39,63.2125593602712
2020-02-07,40.2725,46.35125,44.430884778563446
2020-02-08,47.9575,39.0875,41.88966154869706
2020-02-09,51.5675,42.96875,45.68521974259964
2020-02-10,59.87750000000001,50.36375000000001,53.36928150326006
2020-02-11,64.7825,65.97875,65.60083728831692
2020-02-12,63.365,63.76625,63.639489309874335
2020-02-13,57.095,63.98,61.80492871896514
2020-02-14,42.7625,48.43625,46.64383014803609
2020-02-15,42.479,44.04125,43.54771258405277
2020-02-16,50.675,45.72875000000001,47.29134205865196
2020-02-17,54.2975,51.08375,52.099020200352335
2020-02-18,63.905,57.50375,59.52599764527588
2020-02-19,56.765,57.571250000000006,57.316543940401694
2020-02-20,48.305,44.81375,45.91668647202803
2020-02-21,40.7825,41.0,40.931288597875806
2020-02-22,41.30750000000001,39.7775,40.26084917356331
2020-02-23,47.72,45.24125,46.02432304834643
2020-02-24,55.17,50.5025,51.977030893860594
2020-02-25,59.3675,58.90625,59.05196555967717
2020-02-26,48.3725,54.26375,52.40261874591189
2020-02-27,41.345,43.33625,42.70718526675952
2020-02-28,44.0525,43.08875000000001,43.39321259217101
2020-02-29,48.2375,46.45625,47.01897268981022
2020-03-01,51.785,46.61375,48.24742281947009
2020-03-02,60.95,52.22375,54.980498840396585
2020-03-03,66.8825,63.51125,64.57627673292502
2020-03-04,60.0125,58.6625,59.0889845649088
2020-03-05,54.8225,52.77125,53.41926960279197
2020-03-06,52.4675,51.5075,51.81077791282404
2020-03-07,48.0125,45.87125,46.54770190711923
2020-03-08,52.3775,47.77625,49.229851558730815
2020-03-09,58.99250000000001,54.2575,55.75335512210604
2020-03-10,62.8175,62.40875,62.537880048819616
2020-03-11,64.60999999999999,65.78,65.4103800437457
2020-03-12,67.46000000000001,65.375,66.0336817169147
2020-03-13,68.756,72.638,71.41161994001783
2020-03-14,71.006,70.721,70.81103563036963
2020-03-15,63.9575,62.705,63.1006829018876
2020-03-16,60.7925,57.05,58.23230998827495
2020-03-17,66.38250000000001,61.1675,62.81499407851806
2020-03-18,67.9625,64.4825,65.58188243398712
2020-03-19,71.7425,70.64375000000003,70.9908610486619
2020-03-20,71.9375,71.84,71.8708016630212
2020-03-21,62.9375,69.26375,67.26519594166349
2020-03-22,58.99250000000001,58.68124999999999,58.779578385798416
2020-03-23,68.4725,57.7775,61.156205497555256
2020-03-24,70.19,65.84375,67.21679336313693
2020-03-25,68.9975,68.80625,68.86666864669542
2020-03-26,69.14750000000001,63.41,65.22255940086238
2020-03-27,73.4975,71.18375,71.9146971570798
2020-03-28,75.35,74.00375,74.42904988556182
2020-03-29,73.03999999999998,75.04678571428572,74.41281302375064
2020-03-30,65.825,68.84,67.88751780503702
2020-03-31,61.565,60.26375,60.674833733398195
2020-04-01,54.71,54.21875,54.373942994452925
2020-04-02,56.5775,54.72875000000001,55.31279691805567
2020-04-03,62.30750000000001,59.42750000000001,60.33733373847211
2020-04-04,65.72,64.03999999999999,64.57073634744205
2020-04-05,68.7125,66.4175,67.14252376034496
2020-04-06,68.045,67.8125,67.88595011951207
2020-04-07,68.33,70.1,69.54083134823068
2020-04-08,73.28,70.035,71.06014252824374
2020-04-09,72.89750000000002,72.53375,72.64866389665599
2020-04-10,59.55499999999999,61.38875,60.80944179933221
2020-04-11,56.2325,55.1375,55.48342636931491
2020-04-12,66.545,61.1225,62.835546335717
2020-04-13,66.11,71.1025,69.52529689606877
2020-04-14,56.3,63.477500000000006,61.210023729901565
2020-04-15,53.27,57.50750000000001,56.168812337925175
2020-04-16,55.205,56.20625,55.88994061435931
2020-04-17,62.09,59.1125,60.053135401493286
2020-04-18,65.795,66.13250000000001,66.02587885877281
2020-04-19,62.8625,53.915,56.741644921867746
2020-04-20,64.595,64.11125,64.26407363575899
2020-04-21,65.3225,64.35875000000001,64.663212592171
2020-04-22,62.27,62.21375000000001,62.231520190204535
2020-04-23,66.04249999999999,61.73375,63.09494656966724
2020-04-24,67.00999999999999,67.97749999999999,67.67185272848202
2020-04-25,67.91749999999999,66.85624999999999,67.19151425519219
2020-04-26,62.63,64.49375,63.90496436455646
2020-04-27,59.75750000000001,60.6425,60.36291567411535
2020-04-28,63.05,61.685,62.11622328229667
