DATE,TN,T_WA
2015-01-01,30.2,30.199999999999996
2015-01-02,32.4,32.4
2015-01-03,42.0,42.0
2015-01-04,53.8,53.8
2015-01-05,45.6,45.60000000000001
2015-01-06,29.6,29.6
2015-01-07,33.8,33.8
2015-01-08,19.8,19.800000000000004
2015-01-09,16.6,16.6
2015-01-10,25.8,25.800000000000004
2015-01-11,24.0,24.0
2015-01-12,35.8,35.8
2015-01-13,40.8,40.8
2015-01-14,34.0,34.0
2015-01-15,33.8,33.8
2015-01-16,31.8,31.800000000000004
2015-01-17,38.0,38.0
2015-01-18,43.6,43.60000000000001
2015-01-19,46.4,46.39999999999999
2015-01-20,48.8,48.8
2015-01-21,47.6,47.60000000000001
2015-01-22,44.8,44.8
2015-01-23,39.8,39.8
2015-01-24,37.4,37.4
2015-01-25,38.8,38.8
2015-01-26,43.8,43.8
2015-01-27,38.0,38.0
2015-01-28,37.6,37.6
2015-01-29,38.8,38.8
2015-01-30,47.6,47.60000000000001
2015-01-31,36.6,36.6
2015-02-01,36.6,36.6
2015-02-02,46.0,46.0
2015-02-03,34.2,34.2
2015-02-04,33.2,33.2
2015-02-05,40.4,40.39999999999999
2015-02-06,29.6,29.6
2015-02-07,32.6,32.6
2015-02-08,46.6,46.60000000000001
2015-02-09,53.0,53.0
2015-02-10,47.6,47.60000000000001
2015-02-11,38.4,38.4
2015-02-12,41.0,41.0
2015-02-13,31.0,31.0
2015-02-14,28.6,28.6
2015-02-15,36.4,36.4
2015-02-16,21.2,21.199999999999996
2015-02-17,25.2,25.199999999999996
2015-02-18,21.6,21.6
2015-02-19,21.2,21.199999999999996
2015-02-20,15.666666666666664,15.666666666666666
2015-02-21,22.25,22.25
2015-02-22,37.8,37.8
2015-02-23,36.6,36.6
2015-02-24,26.4,26.4
2015-02-25,26.6,26.6
2015-02-26,27.2,27.199999999999996
2015-02-27,32.0,32.0
2015-02-28,26.4,26.4
2015-03-01,35.4,35.4
2015-03-02,42.6,42.60000000000001
2015-03-03,40.4,40.39999999999999
2015-03-04,49.4,49.39999999999999
2015-03-05,47.4,47.39999999999999
2015-03-06,25.6,25.6
2015-03-07,24.0,24.0
2015-03-08,38.2,38.2
2015-03-09,45.2,45.2
2015-03-10,49.8,49.8
2015-03-11,57.0,57.0
2015-03-12,55.2,55.2
2015-03-13,56.2,56.2
2015-03-14,57.6,57.60000000000001
2015-03-15,56.4,56.39999999999999
2015-03-16,57.4,57.39999999999999
2015-03-17,57.8,57.8
2015-03-18,60.6,60.60000000000001
2015-03-19,49.4,49.39999999999999
2015-03-20,48.4,48.39999999999999
2015-03-21,51.0,51.0
2015-03-22,54.0,54.0
2015-03-23,55.4,55.39999999999999
2015-03-24,57.8,57.8
2015-03-25,59.8,59.8
2015-03-26,67.0,67.0
2015-03-27,55.6,55.60000000000001
2015-03-28,42.0,42.0
2015-03-29,37.4,37.4
2015-03-30,44.2,44.2
2015-03-31,56.8,56.8
2015-04-01,59.4,59.39999999999999
2015-04-02,61.8,61.8
2015-04-03,66.8,66.8
2015-04-04,63.2,63.2
2015-04-05,50.6,50.60000000000001
2015-04-06,50.2,50.2
2015-04-07,60.4,60.39999999999999
2015-04-08,67.8,67.8
2015-04-09,73.0,73.0
2015-04-10,74.2,74.2
2015-04-11,60.4,60.39999999999999
2015-04-12,58.2,58.2
2015-04-13,64.6,64.6
2015-04-14,67.8,67.8
2015-04-15,64.4,64.4
2015-04-16,63.6,63.60000000000001
2015-04-17,66.0,66.0
2015-04-18,65.4,65.4
2015-04-19,67.4,67.4
2015-04-20,65.8,65.8
2015-04-21,60.4,60.39999999999999
2015-04-22,56.6,56.60000000000001
2015-04-23,59.4,59.39999999999999
2015-04-24,54.4,54.39999999999999
2015-04-25,54.4,54.39999999999999
2015-04-26,67.2,67.2
2015-04-27,57.6,57.60000000000001
2015-04-28,55.2,55.2
2015-04-29,55.6,55.60000000000001
2015-04-30,58.0,58.0
2015-05-01,59.6,59.60000000000001
2015-05-02,55.4,55.39999999999999
2015-05-03,60.2,60.2
2015-05-04,63.4,63.39999999999999
2015-05-05,69.0,69.0
2015-05-06,70.2,70.2
2015-05-07,71.4,71.4
2015-05-08,72.0,72.0
2015-05-09,73.8,73.8
2015-05-10,74.6,74.6
2015-05-11,76.2,76.2
2015-05-12,73.6,73.6
2015-05-13,68.2,68.2
2015-05-14,65.2,65.2
2015-05-15,67.8,67.8
2015-05-16,74.0,74.0
2015-05-17,73.0,73.0
2015-05-18,74.6,74.6
2015-05-19,73.6,73.6
2015-05-20,73.2,73.2
2015-05-21,68.6,68.6
2015-05-22,57.4,57.39999999999999
2015-05-23,59.4,59.39999999999999
2015-05-24,67.2,67.2
2015-05-25,73.0,73.0
2015-05-26,73.0,73.0
2015-05-27,75.4,75.4
2015-05-28,73.8,73.8
2015-05-29,74.2,74.2
2015-05-30,75.8,75.8
2015-05-31,76.2,76.2
2015-06-01,71.4,71.4
2015-06-02,69.6,69.6
2015-06-03,67.0,67.0
2015-06-04,69.0,69.0
2015-06-05,71.2,71.2
2015-06-06,75.0,75.0
2015-06-07,76.8,76.8
2015-06-08,78.2,78.2
2015-06-09,79.2,79.20000000000002
2015-06-10,77.8,77.8
2015-06-11,78.4,78.4
2015-06-12,79.8,79.79999999999998
2015-06-13,80.2,80.20000000000002
2015-06-14,79.8,79.79999999999998
2015-06-15,81.2,81.20000000000002
2015-06-16,81.6,81.6
2015-06-17,82.6,82.6
2015-06-18,83.2,83.20000000000002
2015-06-19,82.0,82.0
2015-06-20,80.2,80.20000000000002
2015-06-21,80.4,80.4
2015-06-22,81.4,81.4
2015-06-23,81.8,81.79999999999998
2015-06-24,83.2,83.20000000000002
2015-06-25,83.2,83.20000000000002
2015-06-26,81.2,81.20000000000002
2015-06-27,82.8,82.79999999999998
2015-06-28,74.6,74.6
2015-06-29,71.8,71.8
2015-06-30,75.4,75.4
2015-07-01,76.0,76.0
2015-07-02,76.8,76.8
2015-07-03,76.4,76.4
2015-07-04,74.8,74.8
2015-07-05,75.2,75.2
2015-07-06,76.6,76.6
2015-07-07,77.2,77.2
2015-07-08,80.2,80.20000000000002
2015-07-09,80.0,80.0
2015-07-10,82.0,82.0
2015-07-11,81.8,81.79999999999998
2015-07-12,82.2,82.20000000000002
2015-07-13,82.0,82.0
2015-07-14,83.4,83.4
2015-07-15,80.6,80.6
2015-07-16,80.4,80.4
2015-07-17,80.4,80.4
2015-07-18,83.0,83.0
2015-07-19,84.6,84.6
2015-07-20,85.0,85.0
2015-07-21,84.6,84.6
2015-07-22,82.0,82.0
2015-07-23,80.6,80.6
2015-07-24,77.6,77.6
2015-07-25,81.2,81.20000000000002
2015-07-26,81.4,81.4
2015-07-27,81.2,81.20000000000002
2015-07-28,83.2,83.20000000000002
2015-07-29,85.2,85.20000000000002
2015-07-30,84.8,84.79999999999998
2015-07-31,80.8,80.79999999999998
2015-08-01,78.2,78.2
2015-08-02,79.0,79.0
2015-08-03,79.0,79.0
2015-08-04,80.2,80.20000000000002
2015-08-05,82.4,82.4
2015-08-06,79.2,79.20000000000002
2015-08-07,76.6,76.6
2015-08-08,77.2,77.2
2015-08-09,78.8,78.79999999999998
2015-08-10,80.0,80.0
2015-08-11,80.6,80.6
2015-08-12,80.8,80.79999999999998
2015-08-13,76.6,76.6
2015-08-14,74.6,74.6
2015-08-15,74.2,74.2
2015-08-16,77.4,77.4
2015-08-17,78.4,78.4
2015-08-18,77.6,77.6
2015-08-19,78.6,78.6
2015-08-20,78.2,78.2
2015-08-21,73.6,73.6
2015-08-22,73.2,73.2
2015-08-23,74.6,74.6
2015-08-24,78.8,78.79999999999998
2015-08-25,72.8,72.8
2015-08-26,68.8,68.8
2015-08-27,68.8,68.8
2015-08-28,71.4,71.4
2015-08-29,73.0,73.0
2015-08-30,77.8,77.8
2015-08-31,77.6,77.6
2015-09-01,76.8,76.8
2015-09-02,78.4,78.4
2015-09-03,80.2,80.20000000000002
2015-09-04,80.2,80.20000000000002
2015-09-05,80.6,80.6
2015-09-06,80.8,80.79999999999998
2015-09-07,79.4,79.4
2015-09-08,79.4,79.4
2015-09-09,78.8,78.79999999999998
2015-09-10,77.2,77.2
2015-09-11,76.6,76.6
2015-09-12,73.8,73.8
2015-09-13,64.8,64.8
2015-09-14,61.2,61.2
2015-09-15,63.2,63.2
2015-09-16,67.4,67.4
2015-09-17,69.6,69.6
2015-09-18,71.4,71.4
2015-09-19,72.4,72.4
2015-09-20,73.2,73.2
2015-09-21,70.6,70.6
2015-09-22,70.2,70.2
2015-09-23,69.6,69.6
2015-09-24,71.0,71.0
2015-09-25,72.6,72.6
2015-09-26,70.4,70.4
2015-09-27,70.6,70.6
2015-09-28,72.6,72.6
2015-09-29,73.6,73.6
2015-09-30,73.2,73.2
2015-10-01,69.4,69.4
2015-10-02,65.0,65.0
2015-10-03,59.2,59.2
2015-10-04,55.8,55.8
2015-10-05,63.4,63.39999999999999
2015-10-06,69.4,69.4
2015-10-07,71.8,71.8
2015-10-08,71.8,71.8
2015-10-09,71.4,71.4
2015-10-10,70.8,70.8
2015-10-11,61.4,61.39999999999999
2015-10-12,61.0,61.0
2015-10-13,68.0,68.0
2015-10-14,64.0,64.0
2015-10-15,61.8,61.8
2015-10-16,64.0,64.0
2015-10-17,57.2,57.2
2015-10-18,51.2,51.2
2015-10-19,49.2,49.2
2015-10-20,52.4,52.39999999999999
2015-10-21,56.8,56.8
2015-10-22,61.2,61.2
2015-10-23,63.0,63.0
2015-10-24,66.0,66.0
2015-10-25,66.0,66.0
2015-10-26,61.8,61.8
2015-10-27,59.0,59.0
2015-10-28,58.4,58.39999999999999
2015-10-29,64.2,64.2
2015-10-30,57.8,57.8
2015-10-31,52.0,52.0
2015-11-01,56.0,56.0
2015-11-02,61.2,61.2
2015-11-03,64.2,64.2
2015-11-04,67.0,67.0
2015-11-05,68.0,68.0
2015-11-06,70.0,70.0
2015-11-07,67.0,67.0
2015-11-08,56.2,56.2
2015-11-09,53.8,53.8
2015-11-10,52.8,52.8
2015-11-11,53.8,53.8
2015-11-12,56.2,56.2
2015-11-13,56.6,56.60000000000001
2015-11-14,49.4,49.39999999999999
2015-11-15,47.0,47.0
2015-11-16,48.4,48.39999999999999
2015-11-17,49.8,49.8
2015-11-18,61.0,61.0
2015-11-19,59.2,59.2
2015-11-20,54.6,54.60000000000001
2015-11-21,47.2,47.2
2015-11-22,46.2,46.2
2015-11-23,35.2,35.2
2015-11-24,38.0,38.0
2015-11-25,44.4,44.39999999999999
2015-11-26,50.2,50.2
2015-11-27,59.2,59.2
2015-11-28,59.8,59.8
2015-11-29,57.4,57.39999999999999
2015-11-30,52.6,52.60000000000001
2015-12-01,54.8,54.8
2015-12-02,53.4,53.39999999999999
2015-12-03,47.0,47.0
2015-12-04,40.2,40.2
2015-12-05,41.6,41.60000000000001
2015-12-06,43.6,43.60000000000001
2015-12-07,45.6,45.60000000000001
2015-12-08,46.8,46.8
2015-12-09,47.0,47.0
2015-12-10,50.8,50.8
2015-12-11,52.6,52.60000000000001
2015-12-12,62.8,62.8
2015-12-13,65.8,65.8
2015-12-14,63.6,63.60000000000001
2015-12-15,57.4,57.39999999999999
2015-12-16,53.2,53.2
2015-12-17,53.0,53.0
2015-12-18,45.4,45.39999999999999
2015-12-19,36.2,36.2
2015-12-20,38.8,38.8
2015-12-21,40.4,40.39999999999999
2015-12-22,51.2,51.2
2015-12-23,57.6,57.60000000000001
2015-12-24,64.4,64.4
2015-12-25,61.6,61.60000000000001
2015-12-26,60.4,60.39999999999999
2015-12-27,65.6,65.6
2015-12-28,64.8,64.8
2015-12-29,61.6,61.60000000000001
2015-12-30,50.2,50.2
2015-12-31,46.6,46.60000000000001
2016-01-01,42.2,42.2
2016-01-02,36.6,36.6
2016-01-03,36.2,36.2
2016-01-04,38.8,38.8
2016-01-05,32.0,32.0
2016-01-06,33.0,33.0
2016-01-07,35.8,35.8
2016-01-08,41.8,41.8
2016-01-09,50.8,50.8
2016-01-10,45.8,45.8
2016-01-11,29.8,29.800000000000004
2016-01-12,27.0,27.0
2016-01-13,36.2,36.2
2016-01-14,33.6,33.6
2016-01-15,45.8,45.8
2016-01-16,44.2,44.2
2016-01-17,38.8,38.8
2016-01-18,32.6,32.6
2016-01-19,21.0,21.0
2016-01-20,21.6,21.6
2016-01-21,28.8,28.800000000000004
2016-01-22,33.8,33.8
2016-01-23,31.0,31.0
2016-01-24,26.6,26.6
2016-01-25,30.0,30.0
2016-01-26,42.6,42.60000000000001
2016-01-27,42.2,42.2
2016-01-28,33.8,33.8
2016-01-29,37.4,37.4
2016-01-30,40.8,40.8
2016-01-31,50.8,50.8
2016-02-01,58.6,58.60000000000001
2016-02-02,54.2,54.2
2016-02-03,61.0,61.0
2016-02-04,51.2,51.2
2016-02-05,37.8,37.8
2016-02-06,36.4,36.4
2016-02-07,38.8,38.8
2016-02-08,40.4,40.39999999999999
2016-02-09,38.6,38.6
2016-02-10,28.2,28.199999999999996
2016-02-11,25.8,25.800000000000004
2016-02-12,35.0,35.0
2016-02-13,35.8,35.8
2016-02-14,26.8,26.800000000000004
2016-02-15,30.6,30.6
2016-02-16,38.2,38.2
2016-02-17,41.2,41.2
2016-02-18,39.8,39.8
2016-02-19,46.0,46.0
2016-02-20,56.0,56.0
2016-02-21,59.8,59.8
2016-02-22,59.0,59.0
2016-02-23,51.6,51.60000000000001
2016-02-24,50.6,50.60000000000001
2016-02-25,46.0,46.0
2016-02-26,39.4,39.39999999999999
2016-02-27,37.8,37.8
2016-02-28,44.4,44.39999999999999
2016-02-29,53.0,53.0
2016-03-01,54.6,54.60000000000001
2016-03-02,49.6,49.60000000000001
2016-03-03,39.0,39.0
2016-03-04,41.0,41.0
2016-03-05,42.0,42.0
2016-03-06,46.6,46.60000000000001
2016-03-07,49.0,49.0
2016-03-08,57.6,57.60000000000001
2016-03-09,62.4,62.39999999999999
2016-03-10,62.4,62.39999999999999
2016-03-11,63.0,63.0
2016-03-12,60.6,60.60000000000001
2016-03-13,65.8,65.8
2016-03-14,64.0,64.0
2016-03-15,61.2,61.2
2016-03-16,67.0,67.0
2016-03-17,61.0,61.0
2016-03-18,55.6,55.60000000000001
2016-03-19,54.8,54.8
2016-03-20,49.6,49.60000000000001
2016-03-21,42.2,42.2
2016-03-22,43.6,43.60000000000001
2016-03-23,52.0,52.0
2016-03-24,61.2,61.2
2016-03-25,59.4,59.39999999999999
2016-03-26,50.0,50.0
2016-03-27,55.6,55.60000000000001
2016-03-28,61.2,61.2
2016-03-29,53.6,53.60000000000001
2016-03-30,52.0,52.0
2016-03-31,60.0,60.0
2016-04-01,65.8,65.8
2016-04-02,59.6,59.60000000000001
2016-04-03,53.4,53.39999999999999
2016-04-04,52.2,52.2
2016-04-05,60.4,60.39999999999999
2016-04-06,50.8,50.8
2016-04-07,54.6,54.60000000000001
2016-04-08,56.0,56.0
2016-04-09,49.8,49.8
2016-04-10,45.8,45.8
2016-04-11,55.4,55.39999999999999
2016-04-12,60.0,60.0
2016-04-13,54.2,54.2
2016-04-14,55.2,55.2
2016-04-15,61.4,61.39999999999999
2016-04-16,63.4,63.39999999999999
2016-04-17,63.0,63.0
2016-04-18,64.2,64.2
2016-04-19,65.2,65.2
2016-04-20,64.8,64.8
2016-04-21,69.8,69.8
2016-04-22,67.4,67.4
2016-04-23,63.2,63.2
2016-04-24,61.8,61.8
2016-04-25,64.2,64.2
2016-04-26,69.0,69.0
2016-04-27,71.8,71.8
2016-04-28,72.0,72.0
2016-04-29,71.0,71.0
2016-04-30,65.0,65.0
2016-05-01,68.0,68.0
2016-05-02,71.4,71.4
2016-05-03,65.2,65.2
2016-05-04,60.4,60.39999999999999
2016-05-05,59.2,59.2
2016-05-06,54.2,54.2
2016-05-07,58.6,58.60000000000001
2016-05-08,66.2,66.2
2016-05-09,70.8,70.8
2016-05-10,69.4,69.4
2016-05-11,72.6,72.6
2016-05-12,74.8,74.8
2016-05-13,71.6,71.6
2016-05-14,65.0,65.0
2016-05-15,57.4,57.39999999999999
2016-05-16,55.2,55.2
2016-05-17,58.2,58.2
2016-05-18,65.8,65.8
2016-05-19,60.4,60.39999999999999
2016-05-20,63.4,63.39999999999999
2016-05-21,65.2,65.2
2016-05-22,66.2,66.2
2016-05-23,66.0,66.0
2016-05-24,66.2,66.2
2016-05-25,70.0,70.0
2016-05-26,71.8,71.8
2016-05-27,75.0,75.0
2016-05-28,74.6,74.6
2016-05-29,75.4,75.4
2016-05-30,75.8,75.8
2016-05-31,76.0,76.0
2016-06-01,76.2,76.2
2016-06-02,77.4,77.4
2016-06-03,76.6,76.6
2016-06-04,77.0,77.0
2016-06-05,77.4,77.4
2016-06-06,74.8,74.8
2016-06-07,74.0,74.0
2016-06-08,73.2,73.2
2016-06-09,70.4,70.4
2016-06-10,71.2,71.2
2016-06-11,75.0,75.0
2016-06-12,78.8,78.79999999999998
2016-06-13,81.2,81.20000000000002
2016-06-14,81.8,81.79999999999998
2016-06-15,80.2,80.20000000000002
2016-06-16,81.0,81.0
2016-06-17,82.2,82.20000000000002
2016-06-18,80.6,80.6
2016-06-19,78.8,78.79999999999998
2016-06-20,77.8,77.8
2016-06-21,78.2,78.2
2016-06-22,80.6,80.6
2016-06-23,83.4,83.4
2016-06-24,84.4,84.4
2016-06-25,82.0,82.0
2016-06-26,82.8,82.79999999999998
2016-06-27,82.8,82.79999999999998
2016-06-28,81.0,81.0
2016-06-29,81.2,81.20000000000002
2016-06-30,76.6,76.6
2016-07-01,75.8,75.8
2016-07-02,78.4,78.4
2016-07-03,79.8,79.79999999999998
2016-07-04,82.4,82.4
2016-07-05,83.0,83.0
2016-07-06,81.4,81.4
2016-07-07,82.4,82.4
2016-07-08,81.2,81.20000000000002
2016-07-09,82.0,82.0
2016-07-10,79.4,79.4
2016-07-11,78.8,78.79999999999998
2016-07-12,78.2,78.2
2016-07-13,81.4,81.4
2016-07-14,82.6,82.6
2016-07-15,79.6,79.6
2016-07-16,79.8,79.79999999999998
2016-07-17,80.0,80.0
2016-07-18,81.4,81.4
2016-07-19,83.0,83.0
2016-07-20,83.4,83.4
2016-07-21,83.4,83.4
2016-07-22,84.2,84.20000000000002
2016-07-23,84.8,84.79999999999998
2016-07-24,83.6,83.6
2016-07-25,83.6,83.6
2016-07-26,85.4,85.4
2016-07-27,85.4,85.4
2016-07-28,84.8,84.79999999999998
2016-07-29,80.6,80.6
2016-07-30,80.2,80.20000000000002
2016-07-31,80.4,80.4
2016-08-01,81.2,81.20000000000002
2016-08-02,82.4,82.4
2016-08-03,83.8,83.79999999999998
2016-08-04,82.8,82.79999999999998
2016-08-05,82.8,82.79999999999998
2016-08-06,83.6,83.6
2016-08-07,82.6,82.6
2016-08-08,82.0,82.0
2016-08-09,81.6,81.6
2016-08-10,83.6,83.6
2016-08-11,84.0,84.0
2016-08-12,83.2,83.20000000000002
2016-08-13,83.2,83.20000000000002
2016-08-14,82.2,82.20000000000002
2016-08-15,81.8,81.79999999999998
2016-08-16,81.0,81.0
2016-08-17,79.8,79.79999999999998
2016-08-18,79.2,79.20000000000002
2016-08-19,77.2,77.2
2016-08-20,77.8,77.8
2016-08-21,78.4,78.4
2016-08-22,74.8,74.8
2016-08-23,73.4,73.4
2016-08-24,75.8,75.8
2016-08-25,80.8,80.79999999999998
2016-08-26,82.2,82.20000000000002
2016-08-27,82.2,82.20000000000002
2016-08-28,82.2,82.20000000000002
2016-08-29,83.4,83.4
2016-08-30,82.4,82.4
2016-08-31,83.0,83.0
2016-09-01,82.4,82.4
2016-09-02,77.2,77.2
2016-09-03,73.6,73.6
2016-09-04,72.6,72.6
2016-09-05,77.2,77.2
2016-09-06,79.2,79.20000000000002
2016-09-07,79.0,79.0
2016-09-08,79.8,79.79999999999998
2016-09-09,80.8,80.79999999999998
2016-09-10,81.0,81.0
2016-09-11,79.0,79.0
2016-09-12,72.6,72.6
2016-09-13,73.8,73.8
2016-09-14,78.4,78.4
2016-09-15,80.4,80.4
2016-09-16,80.6,80.6
2016-09-17,80.6,80.6
2016-09-18,77.8,77.8
2016-09-19,76.2,76.2
2016-09-20,76.4,76.4
2016-09-21,76.4,76.4
2016-09-22,75.6,75.6
2016-09-23,77.2,77.2
2016-09-24,78.8,78.79999999999998
2016-09-25,79.2,79.20000000000002
2016-09-26,80.4,80.4
2016-09-27,69.6,69.6
2016-09-28,67.0,67.0
2016-09-29,68.2,68.2
2016-09-30,61.2,61.2
2016-10-01,63.4,63.39999999999999
2016-10-02,63.6,63.60000000000001
2016-10-03,67.2,67.2
2016-10-04,68.6,68.6
2016-10-05,71.4,71.4
2016-10-06,73.6,73.6
2016-10-07,71.8,71.8
2016-10-08,71.4,71.4
2016-10-09,63.8,63.8
2016-10-10,61.8,61.8
2016-10-11,62.4,62.39999999999999
2016-10-12,65.4,65.4
2016-10-13,65.0,65.0
2016-10-14,63.0,63.0
2016-10-15,62.8,62.8
2016-10-16,69.4,69.4
2016-10-17,71.2,71.2
2016-10-18,72.8,72.8
2016-10-19,74.2,74.2
2016-10-20,75.0,75.0
2016-10-21,69.4,69.4
2016-10-22,56.6,56.60000000000001
2016-10-23,52.8,52.8
2016-10-24,57.6,57.60000000000001
2016-10-25,63.4,63.39999999999999
2016-10-26,61.2,61.2
2016-10-27,63.0,63.0
2016-10-28,65.6,65.6
2016-10-29,65.2,65.2
2016-10-30,67.4,67.4
2016-10-31,68.6,68.6
2016-11-01,69.8,69.8
2016-11-02,70.4,70.4
2016-11-03,69.4,69.4
2016-11-04,69.2,69.2
2016-11-05,61.6,61.60000000000001
2016-11-06,55.2,55.2
2016-11-07,58.2,58.2
2016-11-08,58.0,58.0
2016-11-09,56.2,56.2
2016-11-10,52.8,52.8
2016-11-11,50.4,50.39999999999999
2016-11-12,51.4,51.39999999999999
2016-11-13,49.6,49.60000000000001
2016-11-14,48.4,48.39999999999999
2016-11-15,50.0,50.0
2016-11-16,53.2,53.2
2016-11-17,56.2,56.2
2016-11-18,60.4,60.39999999999999
2016-11-19,60.0,60.0
2016-11-20,44.2,44.2
2016-11-21,39.8,39.8
2016-11-22,40.0,40.0
2016-11-23,46.0,46.0
2016-11-24,53.2,53.2
2016-11-25,54.2,54.2
2016-11-26,49.4,49.39999999999999
2016-11-27,41.0,41.0
2016-11-28,40.0,40.0
2016-11-29,53.4,53.39999999999999
2016-11-30,58.6,58.60000000000001
2016-12-01,52.4,52.39999999999999
2016-12-02,42.8,42.8
2016-12-03,43.2,43.2
2016-12-04,40.8,40.8
2016-12-05,44.0,44.0
2016-12-06,46.0,46.0
2016-12-07,45.6,45.60000000000001
2016-12-08,43.4,43.39999999999999
2016-12-09,34.2,34.2
2016-12-10,28.6,28.6
2016-12-11,29.8,29.800000000000004
2016-12-12,42.4,42.39999999999999
2016-12-13,46.2,46.2
2016-12-14,41.6,41.60000000000001
2016-12-15,36.8,36.8
2016-12-16,28.0,28.0
2016-12-17,35.0,35.0
2016-12-18,49.6,49.60000000000001
2016-12-19,35.2,35.2
2016-12-20,27.0,27.0
2016-12-21,28.8,28.800000000000004
2016-12-22,38.8,38.8
2016-12-23,42.4,42.39999999999999
2016-12-24,47.0,47.0
2016-12-25,54.6,54.60000000000001
2016-12-26,60.2,60.2
2016-12-27,62.8,62.8
2016-12-28,47.6,47.60000000000001
2016-12-29,45.2,45.2
2016-12-30,45.8,45.8
2016-12-31,39.6,39.60000000000001
2017-01-01,40.4,40.39999999999999
2017-01-02,47.6,47.60000000000001
2017-01-03,57.0,57.0
2017-01-04,53.8,53.8
2017-01-05,38.2,38.2
2017-01-06,29.8,29.800000000000004
2017-01-07,23.0,23.0
2017-01-08,17.2,17.2
2017-01-09,17.6,17.6
2017-01-10,30.4,30.4
2017-01-11,49.0,49.0
2017-01-12,59.2,59.2
2017-01-13,59.8,59.8
2017-01-14,50.8,50.8
2017-01-15,53.6,53.60000000000001
2017-01-16,52.2,52.2
2017-01-17,59.2,59.2
2017-01-18,57.2,57.2
2017-01-19,49.6,49.60000000000001
2017-01-20,53.2,53.2
2017-01-21,59.8,59.8
2017-01-22,59.2,59.2
2017-01-23,58.0,58.0
2017-01-24,48.2,48.2
2017-01-25,45.2,45.2
2017-01-26,52.6,52.60000000000001
2017-01-27,43.8,43.8
2017-01-28,37.0,37.0
2017-01-29,40.0,40.0
2017-01-30,38.4,38.4
2017-01-31,40.6,40.60000000000001
2017-02-01,51.2,51.2
2017-02-02,50.4,50.39999999999999
2017-02-03,43.4,43.39999999999999
2017-02-04,34.6,34.6
2017-02-05,34.2,34.2
2017-02-06,46.4,46.39999999999999
2017-02-07,51.0,51.0
2017-02-08,61.2,61.2
2017-02-09,52.8,52.8
2017-02-10,36.0,36.0
2017-02-11,43.8,43.8
2017-02-12,60.2,60.2
2017-02-13,59.6,59.60000000000001
2017-02-14,44.6,44.60000000000001
2017-02-15,42.0,42.0
2017-02-16,41.8,41.8
2017-02-17,42.6,42.60000000000001
2017-02-18,52.2,52.2
2017-02-19,51.6,51.60000000000001
2017-02-20,56.2,56.2
2017-02-21,59.0,59.0
2017-02-22,60.4,60.39999999999999
2017-02-23,61.0,61.0
2017-02-24,62.4,62.39999999999999
2017-02-25,63.4,63.39999999999999
2017-02-26,44.8,44.8
2017-02-27,40.8,40.8
2017-02-28,51.4,51.39999999999999
2017-03-01,58.2,58.2
2017-03-02,58.0,58.0
2017-03-03,44.8,44.8
2017-03-04,41.2,41.2
2017-03-05,46.6,46.60000000000001
2017-03-06,50.8,50.8
2017-03-07,59.0,59.0
2017-03-08,55.2,55.2
2017-03-09,52.2,52.2
2017-03-10,55.2,55.2
2017-03-11,48.2,48.2
2017-03-12,37.4,37.4
2017-03-13,40.2,40.2
2017-03-14,38.6,38.6
2017-03-15,34.0,34.0
2017-03-16,30.2,30.199999999999996
2017-03-17,35.8,35.8
2017-03-18,49.6,49.60000000000001
2017-03-19,55.2,55.2
2017-03-20,48.2,48.2
2017-03-21,58.8,58.8
2017-03-22,64.2,64.2
2017-03-23,52.2,52.2
2017-03-24,55.2,55.2
2017-03-25,66.6,66.6
2017-03-26,64.6,64.6
2017-03-27,64.8,64.8
2017-03-28,65.4,65.4
2017-03-29,63.2,63.2
2017-03-30,66.6,66.6
2017-03-31,65.2,65.2
2017-04-01,57.8,57.8
2017-04-02,56.0,56.0
2017-04-03,61.4,61.39999999999999
2017-04-04,64.6,64.6
2017-04-05,66.6,66.6
2017-04-06,61.8,61.8
2017-04-07,53.0,53.0
2017-04-08,51.0,51.0
2017-04-09,53.0,53.0
2017-04-10,62.8,62.8
2017-04-11,68.2,68.2
2017-04-12,64.8,64.8
2017-04-13,65.4,65.4
2017-04-14,67.4,67.4
2017-04-15,69.0,69.0
2017-04-16,70.4,70.4
2017-04-17,71.0,71.0
2017-04-18,67.2,67.2
2017-04-19,67.4,67.4
2017-04-20,71.6,71.6
2017-04-21,72.2,72.2
2017-04-22,66.8,66.8
2017-04-23,58.8,58.8
2017-04-24,53.6,53.60000000000001
2017-04-25,61.0,61.0
2017-04-26,63.8,63.8
2017-04-27,69.0,69.0
2017-04-28,62.6,62.60000000000001
2017-04-29,68.4,68.4
2017-04-30,78.8,78.79999999999998
2017-05-01,70.8,70.8
2017-05-02,61.4,61.39999999999999
2017-05-03,62.8,62.8
2017-05-04,64.2,64.2
2017-05-05,59.8,59.8
2017-05-06,55.8,55.8
2017-05-07,55.4,55.39999999999999
2017-05-08,58.2,58.2
2017-05-09,62.4,62.39999999999999
2017-05-10,70.8,70.8
2017-05-11,72.4,72.4
2017-05-12,74.0,74.0
2017-05-13,66.2,66.2
2017-05-14,65.0,65.0
2017-05-15,66.2,66.2
2017-05-16,69.8,69.8
2017-05-17,73.2,73.2
2017-05-18,75.8,75.8
2017-05-19,78.8,78.79999999999998
2017-05-20,77.6,77.6
2017-05-21,76.4,76.4
2017-05-22,70.8,70.8
2017-05-23,67.6,67.6
2017-05-24,68.4,68.4
2017-05-25,63.6,63.60000000000001
2017-05-26,61.2,61.2
2017-05-27,69.6,69.6
2017-05-28,74.2,74.2
2017-05-29,71.0,71.0
2017-05-30,73.8,73.8
2017-05-31,74.2,74.2
2017-06-01,73.2,73.2
2017-06-02,74.0,74.0
2017-06-03,74.2,74.2
2017-06-04,75.0,75.0
2017-06-05,73.4,73.4
2017-06-06,73.8,73.8
2017-06-07,74.4,74.4
2017-06-08,69.2,69.2
2017-06-09,68.0,68.0
2017-06-10,68.6,68.6
2017-06-11,71.4,71.4
2017-06-12,76.0,76.0
2017-06-13,79.6,79.6
2017-06-14,80.0,80.0
2017-06-15,79.4,79.4
2017-06-16,77.8,77.8
2017-06-17,77.8,77.8
2017-06-18,77.8,77.8
2017-06-19,79.8,79.79999999999998
2017-06-20,75.2,75.2
2017-06-21,76.0,76.0
2017-06-22,76.0,76.0
2017-06-23,76.8,76.8
2017-06-24,79.0,79.0
2017-06-25,74.6,74.6
2017-06-26,71.6,71.6
2017-06-27,70.2,70.2
2017-06-28,71.0,71.0
2017-06-29,72.6,72.6
2017-06-30,77.2,77.2
2017-07-01,79.2,79.20000000000002
2017-07-02,80.0,80.0
2017-07-03,78.4,78.4
2017-07-04,78.2,78.2
2017-07-05,78.2,78.2
2017-07-06,79.0,79.0
2017-07-07,79.2,79.20000000000002
2017-07-08,79.6,79.6
2017-07-09,77.8,77.8
2017-07-10,77.2,77.2
2017-07-11,78.0,78.0
2017-07-12,79.0,79.0
2017-07-13,81.4,81.4
2017-07-14,82.6,82.6
2017-07-15,82.4,82.4
2017-07-16,80.4,80.4
2017-07-17,78.6,78.6
2017-07-18,78.4,78.4
2017-07-19,80.8,80.79999999999998
2017-07-20,82.2,82.20000000000002
2017-07-21,82.8,82.79999999999998
2017-07-22,84.0,84.0
2017-07-23,85.4,85.4
2017-07-24,83.0,83.0
2017-07-25,80.6,80.6
2017-07-26,82.8,82.79999999999998
2017-07-27,83.0,83.0
2017-07-28,82.0,82.0
2017-07-29,78.6,78.6
2017-07-30,76.4,76.4
2017-07-31,73.8,73.8
2017-08-01,74.8,74.8
2017-08-02,75.6,75.6
2017-08-03,77.2,77.2
2017-08-04,77.6,77.6
2017-08-05,74.0,74.0
2017-08-06,71.4,71.4
2017-08-07,75.0,75.0
2017-08-08,75.6,75.6
2017-08-09,76.0,76.0
2017-08-10,75.8,75.8
2017-08-11,77.6,77.6
2017-08-12,77.4,77.4
2017-08-13,77.6,77.6
2017-08-14,76.2,76.2
2017-08-15,77.6,77.6
2017-08-16,79.2,79.20000000000002
2017-08-17,80.6,80.6
2017-08-18,81.4,81.4
2017-08-19,78.8,78.79999999999998
2017-08-20,78.6,78.6
2017-08-21,80.8,80.79999999999998
2017-08-22,81.2,81.20000000000002
2017-08-23,81.2,81.20000000000002
2017-08-24,75.4,75.4
2017-08-25,71.4,71.4
2017-08-26,72.0,72.0
2017-08-27,74.0,74.0
2017-08-28,76.4,76.4
2017-08-29,72.0,72.0
2017-08-30,74.0,74.0
2017-08-31,74.4,74.4
2017-09-01,72.4,72.4
2017-09-02,70.2,70.2
2017-09-03,66.6,66.6
2017-09-04,70.4,70.4
2017-09-05,74.0,74.0
2017-09-06,67.0,67.0
2017-09-07,63.6,63.60000000000001
2017-09-08,61.4,61.39999999999999
2017-09-09,64.4,64.4
2017-09-10,66.6,66.6
2017-09-11,66.4,66.4
2017-09-12,63.8,63.8
2017-09-13,64.8,64.8
2017-09-14,64.8,64.8
2017-09-15,71.0,71.0
2017-09-16,73.2,73.2
2017-09-17,74.8,74.8
2017-09-18,75.8,75.8
2017-09-19,76.4,76.4
2017-09-20,76.8,76.8
2017-09-21,77.6,77.6
2017-09-22,77.8,77.8
2017-09-23,78.4,78.4
2017-09-24,78.6,78.6
2017-09-25,77.2,77.2
2017-09-26,76.0,76.0
2017-09-27,76.6,76.6
2017-09-28,77.6,77.6
2017-09-29,72.2,72.2
2017-09-30,68.6,68.6
2017-10-01,66.2,66.2
2017-10-02,65.8,65.8
2017-10-03,65.2,65.2
2017-10-04,72.2,72.2
2017-10-05,69.8,69.8
2017-10-06,70.0,70.0
2017-10-07,69.8,69.8
2017-10-08,74.2,74.2
2017-10-09,74.2,74.2
2017-10-10,78.2,78.2
2017-10-11,75.6,75.6
2017-10-12,67.6,67.6
2017-10-13,65.0,65.0
2017-10-14,67.8,67.8
2017-10-15,71.8,71.8
2017-10-16,66.6,66.6
2017-10-17,54.8,54.8
2017-10-18,54.4,54.39999999999999
2017-10-19,57.2,57.2
2017-10-20,59.0,59.0
2017-10-21,61.0,61.0
2017-10-22,65.2,65.2
2017-10-23,65.2,65.2
2017-10-24,60.8,60.8
2017-10-25,53.4,53.39999999999999
2017-10-26,48.4,48.39999999999999
2017-10-27,54.2,54.2
2017-10-28,53.4,53.39999999999999
2017-10-29,45.6,45.60000000000001
2017-10-30,40.4,40.39999999999999
2017-10-31,48.2,48.2
2017-11-01,48.0,48.0
2017-11-02,54.6,54.60000000000001
2017-11-03,67.4,67.4
2017-11-04,65.2,65.2
2017-11-05,66.4,66.4
2017-11-06,70.0,70.0
2017-11-07,65.0,65.0
2017-11-08,56.6,56.60000000000001
2017-11-09,50.2,50.2
2017-11-10,49.4,49.39999999999999
2017-11-11,44.6,44.60000000000001
2017-11-12,45.0,45.0
2017-11-13,51.6,51.60000000000001
2017-11-14,47.8,47.8
2017-11-15,46.8,46.8
2017-11-16,48.6,48.60000000000001
2017-11-17,50.0,50.0
2017-11-18,51.6,51.60000000000001
2017-11-19,56.8,56.8
2017-11-20,40.4,40.39999999999999
2017-11-21,39.8,39.8
2017-11-22,47.0,47.0
2017-11-23,39.6,39.60000000000001
2017-11-24,40.4,40.39999999999999
2017-11-25,45.2,45.2
2017-11-26,51.2,51.2
2017-11-27,46.2,46.2
2017-11-28,46.4,46.39999999999999
2017-11-29,49.8,49.8
2017-11-30,51.0,51.0
2017-12-01,50.8,50.8
2017-12-02,50.0,50.0
2017-12-03,53.2,53.2
2017-12-04,51.4,51.39999999999999
2017-12-05,55.4,55.39999999999999
2017-12-06,50.4,50.39999999999999
2017-12-07,39.8,39.8
2017-12-08,37.4,37.4
2017-12-09,32.0,32.0
2017-12-10,32.6,32.6
2017-12-11,35.0,35.0
2017-12-12,43.2,43.2
2017-12-13,37.2,37.2
2017-12-14,35.6,35.6
2017-12-15,38.4,38.4
2017-12-16,34.4,34.4
2017-12-17,40.0,40.0
2017-12-18,40.4,40.39999999999999
2017-12-19,45.8,45.8
2017-12-20,50.2,50.2
2017-12-21,51.2,51.2
2017-12-22,49.6,49.60000000000001
2017-12-23,54.8,54.8
2017-12-24,50.4,50.39999999999999
2017-12-25,38.0,38.0
2017-12-26,30.2,30.199999999999996
2017-12-27,33.6,33.6
2017-12-28,25.4,25.4
2017-12-29,25.8,25.800000000000004
2017-12-30,31.8,31.800000000000004
2017-12-31,31.0,31.0
2018-01-01,19.4,19.4
2018-01-02,14.8,14.8
2018-01-03,16.2,16.2
2018-01-04,23.4,23.4
2018-01-05,20.0,20.0
2018-01-06,21.6,21.6
2018-01-07,21.2,21.199999999999996
2018-01-08,30.0,30.0
2018-01-09,37.4,37.4
2018-01-10,43.4,43.39999999999999
2018-01-11,53.8,53.8
2018-01-12,55.6,55.60000000000001
2018-01-13,40.6,40.60000000000001
2018-01-14,22.8,22.800000000000004
2018-01-15,20.8,20.800000000000004
2018-01-16,30.0,30.0
2018-01-17,22.5,22.5
2018-01-18,12.8,12.8
2018-01-19,19.6,19.6
2018-01-20,30.6,30.6
2018-01-21,46.2,46.2
2018-01-22,55.2,55.2
2018-01-23,53.2,53.2
2018-01-24,43.6,43.60000000000001
2018-01-25,37.8,37.8
2018-01-26,40.2,40.2
2018-01-27,45.6,45.60000000000001
2018-01-28,51.8,51.8
2018-01-29,48.2,48.2
2018-01-30,39.6,39.60000000000001
2018-01-31,31.8,31.800000000000004
2018-02-01,42.6,42.60000000000001
2018-02-02,39.8,39.8
2018-02-03,26.8,26.800000000000004
2018-02-04,35.4,35.4
2018-02-05,40.4,40.39999999999999
2018-02-06,33.0,33.0
2018-02-07,37.4,37.4
2018-02-08,36.6,36.6
2018-02-09,36.0,36.0
2018-02-10,46.0,46.0
2018-02-11,48.0,48.0
2018-02-12,44.8,44.8
2018-02-13,40.4,40.39999999999999
2018-02-14,45.4,45.39999999999999
2018-02-15,56.2,56.2
2018-02-16,67.6,67.6
2018-02-17,56.2,56.2
2018-02-18,45.0,45.0
2018-02-19,46.6,46.60000000000001
2018-02-20,64.6,64.6
2018-02-21,69.2,69.2
2018-02-22,64.0,64.0
2018-02-23,58.2,58.2
2018-02-24,65.8,65.8
2018-02-25,65.2,65.2
2018-02-26,55.4,55.39999999999999
2018-02-27,49.6,49.60000000000001
2018-02-28,51.8,51.8
2018-03-01,56.2,56.2
2018-03-02,54.6,54.60000000000001
2018-03-03,47.2,47.2
2018-03-04,46.2,46.2
2018-03-05,48.0,48.0
2018-03-06,50.6,50.60000000000001
2018-03-07,49.8,49.8
2018-03-08,39.4,39.39999999999999
2018-03-09,36.8,36.8
2018-03-10,43.0,43.0
2018-03-11,54.0,54.0
2018-03-12,47.2,47.2
2018-03-13,41.8,41.8
2018-03-14,39.6,39.60000000000001
2018-03-15,38.6,38.6
2018-03-16,51.4,51.39999999999999
2018-03-17,54.4,54.39999999999999
2018-03-18,61.6,61.60000000000001
2018-03-19,53.6,53.60000000000001
2018-03-20,57.8,57.8
2018-03-21,47.2,47.2
2018-03-22,40.0,40.0
2018-03-23,43.0,43.0
2018-03-24,49.2,49.2
2018-03-25,50.8,50.8
2018-03-26,48.2,48.2
2018-03-27,53.0,53.0
2018-03-28,61.8,61.8
2018-03-29,63.2,63.2
2018-03-30,63.0,63.0
2018-03-31,50.4,50.39999999999999
2018-04-01,53.0,53.0
2018-04-02,55.0,55.0
2018-04-03,55.6,55.60000000000001
2018-04-04,63.0,63.0
2018-04-05,47.6,47.60000000000001
2018-04-06,45.6,45.60000000000001
2018-04-07,50.2,50.2
2018-04-08,39.4,39.39999999999999
2018-04-09,38.2,38.2
2018-04-10,47.4,47.39999999999999
2018-04-11,47.2,47.2
2018-04-12,50.8,50.8
2018-04-13,64.6,64.6
2018-04-14,69.2,69.2
2018-04-15,63.6,63.60000000000001
2018-04-16,48.2,48.2
2018-04-17,40.4,40.39999999999999
2018-04-18,53.8,53.8
2018-04-19,64.6,64.6
2018-04-20,49.4,49.39999999999999
2018-04-21,51.0,51.0
2018-04-22,58.2,58.2
2018-04-23,59.0,59.0
2018-04-24,58.6,58.60000000000001
2018-04-25,60.6,60.60000000000001
2018-04-26,60.6,60.60000000000001
2018-04-27,55.6,55.60000000000001
2018-04-28,60.0,60.0
2018-04-29,58.6,58.60000000000001
2018-04-30,54.8,54.8
2018-05-01,57.6,57.60000000000001
2018-05-02,63.8,63.8
2018-05-03,71.0,71.0
2018-05-04,73.8,73.8
2018-05-05,70.8,70.8
2018-05-06,66.6,66.6
2018-05-07,67.8,67.8
2018-05-08,67.8,67.8
2018-05-09,68.2,68.2
2018-05-10,72.0,72.0
2018-05-11,75.0,75.0
2018-05-12,76.0,76.0
2018-05-13,75.4,75.4
2018-05-14,75.8,75.8
2018-05-15,78.0,78.0
2018-05-16,78.2,78.2
2018-05-17,74.2,74.2
2018-05-18,74.4,74.4
2018-05-19,74.0,74.0
2018-05-20,76.0,76.0
2018-05-21,77.0,77.0
2018-05-22,75.4,75.4
2018-05-23,76.2,76.2
2018-05-24,77.0,77.0
2018-05-25,77.4,77.4
2018-05-26,77.0,77.0
2018-05-27,75.8,75.8
2018-05-28,77.8,77.8
2018-05-29,75.8,75.8
2018-05-30,75.8,75.8
2018-05-31,78.8,78.79999999999998
2018-06-01,78.8,78.79999999999998
2018-06-02,75.4,75.4
2018-06-03,78.0,78.0
2018-06-04,75.4,75.4
2018-06-05,71.8,71.8
2018-06-06,72.8,72.8
2018-06-07,74.4,74.4
2018-06-08,75.8,75.8
2018-06-09,78.4,78.4
2018-06-10,79.8,79.79999999999998
2018-06-11,80.4,80.4
2018-06-12,79.2,79.20000000000002
2018-06-13,79.6,79.6
2018-06-14,78.0,78.0
2018-06-15,81.4,81.4
2018-06-16,81.4,81.4
2018-06-17,81.4,81.4
2018-06-18,82.4,82.4
2018-06-19,81.6,81.6
2018-06-20,81.4,81.4
2018-06-21,79.8,79.79999999999998
2018-06-22,77.6,77.6
2018-06-23,78.0,78.0
2018-06-24,78.6,78.6
2018-06-25,80.6,80.6
2018-06-26,80.0,80.0
2018-06-27,80.0,80.0
2018-06-28,77.8,77.8
2018-06-29,78.2,78.2
2018-06-30,80.0,80.0
2018-07-01,82.6,82.6
2018-07-02,83.6,83.6
2018-07-03,83.8,83.79999999999998
2018-07-04,82.8,82.79999999999998
2018-07-05,84.6,84.6
2018-07-06,84.4,84.4
2018-07-07,81.8,81.79999999999998
2018-07-08,78.8,78.79999999999998
2018-07-09,79.0,79.0
2018-07-10,79.2,79.20000000000002
2018-07-11,81.4,81.4
2018-07-12,82.8,82.79999999999998
2018-07-13,82.2,82.20000000000002
2018-07-14,82.2,82.20000000000002
2018-07-15,83.6,83.6
2018-07-16,82.0,82.0
2018-07-17,81.6,81.6
2018-07-18,82.4,82.4
2018-07-19,79.6,79.6
2018-07-20,79.2,79.20000000000002
2018-07-21,80.8,80.79999999999998
2018-07-22,79.0,79.0
2018-07-23,75.6,75.6
2018-07-24,76.4,76.4
2018-07-25,77.0,77.0
2018-07-26,78.6,78.6
2018-07-27,77.8,77.8
2018-07-28,77.2,77.2
2018-07-29,75.8,75.8
2018-07-30,77.6,77.6
2018-07-31,77.8,77.8
2018-08-01,76.6,76.6
2018-08-02,73.4,73.4
2018-08-03,74.4,74.4
2018-08-04,78.0,78.0
2018-08-05,79.4,79.4
2018-08-06,80.4,80.4
2018-08-07,80.6,80.6
2018-08-08,81.8,81.79999999999998
2018-08-09,79.2,79.20000000000002
2018-08-10,78.4,78.4
2018-08-11,78.4,78.4
2018-08-12,79.8,79.79999999999998
2018-08-13,79.6,79.6
2018-08-14,77.4,77.4
2018-08-15,77.2,77.2
2018-08-16,80.4,80.4
2018-08-17,81.2,81.20000000000002
2018-08-18,79.6,79.6
2018-08-19,78.6,78.6
2018-08-20,79.2,79.20000000000002
2018-08-21,79.2,79.20000000000002
2018-08-22,77.4,77.4
2018-08-23,73.4,73.4
2018-08-24,70.0,70.0
2018-08-25,72.8,72.8
2018-08-26,77.2,77.2
2018-08-27,80.8,80.79999999999998
2018-08-28,81.4,81.4
2018-08-29,82.0,82.0
2018-08-30,81.0,81.0
2018-08-31,80.4,80.4
2018-09-01,78.6,78.6
2018-09-02,79.8,79.79999999999998
2018-09-03,81.0,81.0
2018-09-04,81.6,81.6
2018-09-05,81.0,81.0
2018-09-06,79.4,79.4
2018-09-07,81.4,81.4
2018-09-08,80.4,80.4
2018-09-09,80.2,80.20000000000002
2018-09-10,73.2,73.2
2018-09-11,69.8,69.8
2018-09-12,70.2,70.2
2018-09-13,75.0,75.0
2018-09-14,79.4,79.4
2018-09-15,80.8,80.79999999999998
2018-09-16,80.2,80.20000000000002
2018-09-17,77.8,77.8
2018-09-18,77.8,77.8
2018-09-19,79.4,79.4
2018-09-20,79.8,79.79999999999998
2018-09-21,81.2,81.20000000000002
2018-09-22,80.8,80.79999999999998
2018-09-23,73.6,73.6
2018-09-24,72.2,72.2
2018-09-25,74.4,74.4
2018-09-26,77.4,77.4
2018-09-27,70.8,70.8
2018-09-28,65.0,65.0
2018-09-29,66.6,66.6
2018-09-30,69.4,69.4
2018-10-01,71.4,71.4
2018-10-02,75.2,75.2
2018-10-03,76.4,76.4
2018-10-04,76.6,76.6
2018-10-05,78.4,78.4
2018-10-06,78.6,78.6
2018-10-07,78.0,78.0
2018-10-08,77.8,77.8
2018-10-09,77.0,77.0
2018-10-10,77.4,77.4
2018-10-11,74.2,74.2
2018-10-12,61.0,61.0
2018-10-13,55.6,55.60000000000001
2018-10-14,55.6,55.60000000000001
2018-10-15,60.6,60.60000000000001
2018-10-16,60.8,60.8
2018-10-17,53.0,53.0
2018-10-18,56.8,56.8
2018-10-19,54.6,54.60000000000001
2018-10-20,56.4,56.39999999999999
2018-10-21,57.4,57.39999999999999
2018-10-22,46.6,46.60000000000001
2018-10-23,49.6,49.60000000000001
2018-10-24,54.4,54.39999999999999
2018-10-25,51.8,51.8
2018-10-26,51.8,51.8
2018-10-27,53.6,53.60000000000001
2018-10-28,52.4,52.39999999999999
2018-10-29,58.0,58.0
2018-10-30,53.0,53.0
2018-10-31,58.6,58.60000000000001
2018-11-01,63.5,63.5
2018-11-02,59.0,59.0
2018-11-03,50.4,50.39999999999999
2018-11-04,49.4,49.39999999999999
2018-11-05,52.8,52.8
2018-11-06,59.2,59.2
2018-11-07,58.8,58.8
2018-11-08,53.2,53.2
2018-11-09,52.6,52.60000000000001
2018-11-10,44.4,44.39999999999999
2018-11-11,34.8,34.8
2018-11-12,39.2,39.2
2018-11-13,43.2,43.2
2018-11-14,37.6,37.6
2018-11-15,34.4,34.4
2018-11-16,35.6,35.6
2018-11-17,42.0,42.0
2018-11-18,47.2,47.2
2018-11-19,48.8,48.8
2018-11-20,48.4,48.39999999999999
2018-11-21,41.2,41.2
2018-11-22,40.4,40.39999999999999
2018-11-23,44.4,44.39999999999999
2018-11-24,43.4,43.39999999999999
2018-11-25,51.4,51.39999999999999
2018-11-26,51.6,51.60000000000001
2018-11-27,38.0,38.0
2018-11-28,29.6,29.6
2018-11-29,31.0,31.0
2018-11-30,44.8,44.8
2018-12-01,57.0,57.0
2018-12-02,59.6,59.60000000000001
2018-12-03,56.0,56.0
2018-12-04,44.2,44.2
2018-12-05,36.8,36.8
2018-12-06,34.4,34.4
2018-12-07,34.4,34.4
2018-12-08,40.2,40.2
2018-12-09,36.4,36.4
2018-12-10,33.8,33.8
2018-12-11,33.4,33.4
2018-12-12,32.8,32.8
2018-12-13,40.4,40.39999999999999
2018-12-14,51.2,51.2
2018-12-15,49.8,49.8
2018-12-16,50.2,50.2
2018-12-17,48.0,48.0
2018-12-18,45.0,45.0
2018-12-19,43.2,43.2
2018-12-20,44.4,44.39999999999999
2018-12-21,46.0,46.0
2018-12-22,40.0,40.0
2018-12-23,39.6,39.60000000000001
2018-12-24,37.6,37.6
2018-12-25,37.4,37.4
2018-12-26,42.4,42.39999999999999
2018-12-27,46.0,46.0
2018-12-28,53.2,53.2
2018-12-29,50.2,50.2
2018-12-30,40.0,40.0
2018-12-31,46.8,46.8
2019-01-01,60.0,60.0
2019-01-02,53.0,53.0
2019-01-03,48.0,48.0
2019-01-04,49.0,49.0
2019-01-05,53.0,53.0
2019-01-06,49.0,49.0
2019-01-07,47.0,47.0
2019-01-08,57.0,57.0
2019-01-09,58.0,58.0
2019-01-10,40.0,40.0
2019-01-11,34.0,34.0
2019-01-12,36.0,36.0
2019-01-13,43.0,43.0
2019-01-14,43.0,43.0
2019-01-15,39.0,39.0
2019-01-16,36.0,36.0
2019-01-17,37.0,37.0
2019-01-18,40.0,40.0
2019-01-19,47.0,47.0
2019-01-20,48.0,48.0
2019-01-21,34.0,34.0
2019-01-22,22.0,22.0
2019-01-23,34.0,34.0
2019-01-24,46.0,46.0
2019-01-25,41.0,41.0
2019-01-26,34.0,34.0
2019-01-27,37.0,37.0
2019-01-28,39.0,39.0
2019-01-29,42.0,42.0
2019-01-30,37.0,37.0
2019-01-31,25.0,25.0
2019-02-01,30.0,30.0
2019-02-02,37.0,37.0
2019-02-03,51.0,51.0
2019-02-04,50.0,50.0
2019-02-05,48.0,48.0
2019-02-06,62.0,62.0
2019-02-07,62.0,62.0
2019-02-08,68.0,68.0
2019-02-09,46.0,46.0
2019-02-10,37.0,37.0
2019-02-11,38.0,38.0
2019-02-12,44.0,44.0
2019-02-13,49.0,49.0
2019-02-14,43.0,43.0
2019-02-15,45.0,45.0
2019-02-16,52.0,52.0
2019-02-17,45.0,45.0
2019-02-18,46.0,46.0
2019-02-19,43.0,43.0
2019-02-20,37.0,37.0
2019-02-21,45.0,45.0
2019-02-22,50.0,50.0
2019-02-23,49.0,49.0
2019-02-24,52.0,52.0
2019-02-25,51.0,51.0
2019-02-26,43.0,43.0
2019-02-27,48.0,48.0
2019-02-28,57.0,57.0
2019-03-01,54.0,54.0
2019-03-02,52.0,52.0
2019-03-03,49.0,49.0
2019-03-04,42.0,42.0
2019-03-05,31.0,31.0
2019-03-06,31.0,31.0
2019-03-07,31.0,31.0
2019-03-08,39.0,39.0
2019-03-09,42.0,42.0
2019-03-10,51.0,51.0
2019-03-11,60.0,60.0
2019-03-12,51.0,51.0
2019-03-13,48.0,48.0
2019-03-14,56.0,56.0
2019-03-15,61.0,61.0
2019-03-16,56.0,56.0
2019-03-17,46.0,46.0
2019-03-18,47.0,47.0
2019-03-19,47.0,47.0
2019-03-20,44.0,44.0
2019-03-21,47.0,47.0
2019-03-22,51.0,51.0
2019-03-23,55.0,55.0
2019-03-24,51.0,51.0
2019-03-25,54.0,54.0
2019-03-26,53.0,53.0
2019-03-27,53.0,53.0
2019-03-28,52.0,52.0
2019-03-29,57.0,57.0
2019-03-30,59.0,59.0
2019-03-31,65.0,65.0
2019-04-01,47.0,47.0
2019-04-02,44.0,44.0
2019-04-03,49.0,49.0
2019-04-04,53.0,53.0
2019-04-05,58.0,58.0
2019-04-06,60.0,60.0
2019-04-07,65.0,65.0
2019-04-08,68.0,68.0
2019-04-09,64.0,64.0
2019-04-10,68.0,68.0
2019-04-11,65.0,65.0
2019-04-12,68.0,68.0
2019-04-13,72.0,72.0
2019-04-14,65.0,65.0
2019-04-15,66.0,66.0
2019-04-16,53.0,53.0
2019-04-17,60.0,60.0
2019-04-18,66.0,66.0
2019-04-19,70.0,70.0
2019-04-20,59.0,59.0
2019-04-21,47.0,47.0
2019-04-22,58.0,58.0
2019-04-23,62.0,62.0
2019-04-24,67.0,67.0
2019-04-25,71.0,71.0
2019-04-26,68.0,68.0
2019-04-27,63.0,63.0
2019-04-28,59.0,59.0
2019-04-29,70.0,70.0
2019-04-30,68.0,68.0
2019-05-01,73.0,73.0
2019-05-02,75.0,75.0
2019-05-03,76.0,76.0
2019-05-04,72.0,72.0
2019-05-05,69.0,69.0
2019-05-06,67.0,67.0
2019-05-07,66.0,66.0
2019-05-08,68.0,68.0
2019-05-09,72.0,72.0
2019-05-10,71.0,71.0
2019-05-11,74.0,74.0
2019-05-12,70.0,70.0
2019-05-13,69.0,69.0
2019-05-14,61.0,61.0
2019-05-15,59.0,59.0
2019-05-16,58.0,58.0
2019-05-17,67.0,67.0
2019-05-18,76.0,76.0
2019-05-19,75.0,75.0
2019-05-20,75.0,75.0
2019-05-21,75.0,75.0
2019-05-22,73.0,73.0
2019-05-23,78.0,78.0
2019-05-24,80.0,80.0
2019-05-25,80.0,80.0
2019-05-26,81.0,81.0
2019-05-27,80.0,80.0
2019-05-28,79.0,79.0
2019-05-29,81.0,81.0
2019-05-30,83.0,83.0
2019-05-31,79.0,79.0
2019-06-01,76.0,76.0
2019-06-02,72.0,72.0
2019-06-03,76.0,76.0
2019-06-04,73.0,73.0
2019-06-05,73.0,73.0
2019-06-06,75.0,75.0
2019-06-07,75.0,75.0
2019-06-08,74.0,74.0
2019-06-09,75.0,75.0
2019-06-10,76.0,76.0
2019-06-11,77.0,77.0
2019-06-12,68.0,68.0
2019-06-13,67.0,67.0
2019-06-14,67.0,67.0
2019-06-15,65.0,65.0
2019-06-16,72.0,72.0
2019-06-17,80.0,80.0
2019-06-18,80.0,80.0
2019-06-19,76.0,76.0
2019-06-20,78.0,78.0
2019-06-21,75.0,75.0
2019-06-22,75.0,75.0
2019-06-23,75.0,75.0
2019-06-24,79.0,79.0
2019-06-25,78.0,78.0
2019-06-26,78.0,78.0
2019-06-27,77.0,77.0
2019-06-28,80.0,80.0
2019-06-29,80.0,80.0
2019-06-30,79.0,79.0
2019-07-01,81.0,81.0
2019-07-02,80.0,80.0
2019-07-03,81.0,81.0
2019-07-04,79.0,79.0
2019-07-05,80.0,80.0
2019-07-06,82.0,82.0
2019-07-07,83.0,83.0
2019-07-08,82.0,82.0
2019-07-09,82.0,82.0
2019-07-10,84.0,84.0
2019-07-11,84.0,84.0
2019-07-12,80.0,80.0
2019-07-13,83.0,83.0
2019-07-14,82.0,82.0
2019-07-15,79.0,79.0
2019-07-16,80.0,80.0
2019-07-17,83.0,83.0
2019-07-18,78.0,78.0
2019-07-19,83.0,83.0
2019-07-20,83.0,83.0
2019-07-21,84.0,84.0
2019-07-22,83.0,83.0
2019-07-23,80.0,80.0
2019-07-24,73.0,73.0
2019-07-25,71.0,71.0
2019-07-26,73.0,73.0
2019-07-27,75.0,75.0
2019-07-28,77.0,77.0
2019-07-29,78.0,78.0
2019-07-30,80.0,80.0
2019-07-31,80.0,80.0
2019-08-01,78.0,78.0
2019-08-02,79.0,79.0
2019-08-03,78.0,78.0
2019-08-04,79.0,79.0
2019-08-05,78.0,78.0
2019-08-06,80.0,80.0
2019-08-07,78.0,78.0
2019-08-08,79.0,79.0
2019-08-09,80.0,80.0
2019-08-10,80.0,80.0
2019-08-11,84.0,84.0
2019-08-12,81.0,81.0
2019-08-13,81.0,81.0
2019-08-14,84.0,84.0
2019-08-15,83.0,83.0
2019-08-16,81.0,81.0
2019-08-17,79.0,79.0
2019-08-18,80.0,80.0
2019-08-19,83.0,83.0
2019-08-20,85.0,85.0
2019-08-21,84.0,84.0
2019-08-22,85.0,85.0
2019-08-23,83.0,83.0
2019-08-24,80.0,80.0
2019-08-25,78.0,78.0
2019-08-26,74.0,74.0
2019-08-27,72.0,72.0
2019-08-28,76.0,76.0
2019-08-29,77.0,77.0
2019-08-30,72.0,72.0
2019-08-31,73.0,73.0
2019-09-01,77.0,77.0
2019-09-02,78.0,78.0
2019-09-03,79.0,79.0
2019-09-04,81.0,81.0
2019-09-05,81.0,81.0
2019-09-06,79.0,79.0
2019-09-07,75.0,75.0
2019-09-08,79.0,79.0
2019-09-09,77.0,77.0
2019-09-10,79.0,79.0
2019-09-11,82.0,82.0
2019-09-12,82.0,82.0
2019-09-13,83.0,83.0
2019-09-14,84.0,84.0
2019-09-15,82.0,82.0
2019-09-16,80.0,80.0
2019-09-17,79.0,79.0
2019-09-18,82.0,82.0
2019-09-19,81.0,81.0
2019-09-20,77.0,77.0
2019-09-21,76.0,76.0
2019-09-22,76.0,76.0
2019-09-23,75.0,75.0
2019-09-24,72.0,72.0
2019-09-25,74.0,74.0
2019-09-26,73.0,73.0
2019-09-27,78.0,78.0
2019-09-28,80.0,80.0
2019-09-29,81.0,81.0
2019-09-30,82.0,82.0
2019-10-01,83.0,83.0
2019-10-02,84.0,84.0
2019-10-03,83.0,83.0
2019-10-04,82.0,82.0
2019-10-05,78.0,78.0
2019-10-06,77.0,77.0
2019-10-07,71.0,71.0
2019-10-08,65.0,65.0
2019-10-09,68.0,68.0
2019-10-10,68.0,68.0
2019-10-11,70.0,70.0
2019-10-12,71.0,71.0
2019-10-13,58.0,58.0
2019-10-14,57.0,57.0
2019-10-15,58.0,58.0
2019-10-16,60.0,60.0
2019-10-17,58.0,58.0
2019-10-18,51.0,51.0
2019-10-19,54.0,54.0
2019-10-20,51.0,51.0
2019-10-21,62.0,62.0
2019-10-22,64.0,64.0
2019-10-23,60.0,60.0
2019-10-24,54.0,54.0
2019-10-25,54.0,54.0
2019-10-26,55.0,55.0
2019-10-27,64.0,64.0
2019-10-28,61.0,61.0
2019-10-29,63.0,63.0
2019-10-30,63.0,63.0
2019-10-31,63.0,63.0
2019-11-01,56.0,56.0
2019-11-02,42.0,42.0
2019-11-03,46.0,46.0
2019-11-04,44.0,44.0
2019-11-05,45.0,45.0
2019-11-06,53.0,53.0
2019-11-07,54.0,54.0
2019-11-08,51.0,51.0
2019-11-09,38.0,38.0
2019-11-10,41.0,41.0
2019-11-11,50.0,50.0
2019-11-12,53.0,53.0
2019-11-13,37.0,37.0
2019-11-14,32.0,32.0
2019-11-15,39.0,39.0
2019-11-16,47.0,47.0
2019-11-17,44.0,44.0
2019-11-18,47.0,47.0
2019-11-19,49.0,49.0
2019-11-20,45.0,45.0
2019-11-21,48.0,48.0
2019-11-22,51.0,51.0
2019-11-23,54.0,54.0
2019-11-24,53.0,53.0
2019-11-25,42.0,42.0
2019-11-26,43.0,43.0
2019-11-27,44.0,44.0
2019-11-28,54.0,54.0
2019-11-29,45.0,45.0
2019-11-30,50.0,50.0
2019-12-01,51.0,51.0
2019-12-02,53.0,53.0
2019-12-03,40.0,40.0
2019-12-04,39.0,39.0
2019-12-05,44.0,44.0
2019-12-06,45.0,45.0
2019-12-07,45.0,45.0
2019-12-08,48.0,48.0
2019-12-09,48.0,48.0
2019-12-10,54.0,54.0
2019-12-11,46.0,46.0
2019-12-12,34.0,34.0
2019-12-13,38.0,38.0
2019-12-14,43.0,43.0
2019-12-15,47.0,47.0
2019-12-16,47.0,47.0
2019-12-17,61.0,61.0
2019-12-18,45.0,45.0
2019-12-19,35.0,35.0
2019-12-20,35.0,35.0
2019-12-21,38.0,38.0
2019-12-22,43.0,43.0
2019-12-23,45.0,45.0
2019-12-24,53.0,53.0
2019-12-25,53.0,53.0
2019-12-26,48.0,48.0
2019-12-27,52.0,52.0
2019-12-28,51.0,51.0
2019-12-29,57.0,57.0
2019-12-30,61.0,61.0
2019-12-31,62.0,62.0
2020-01-01,42.25,42.25
2020-01-02,41.0,41.0
2020-01-03,44.5,44.5
2020-01-04,52.5,52.5
2020-01-05,43.0,43.0
2020-01-06,42.5,42.5
2020-01-07,43.75,43.75
2020-01-08,43.5,43.5
2020-01-09,45.25,45.25
2020-01-10,49.0,49.0
2020-01-11,60.0,60.0
2020-01-12,59.75,59.75
2020-01-13,45.75,45.75
2020-01-14,47.5,47.5
2020-01-15,57.0,57.0
2020-01-16,62.0,62.0
2020-01-17,49.5,49.5
2020-01-18,42.75,42.75
2020-01-19,48.75,48.75
2020-01-20,35.5,35.5
2020-01-21,25.25,25.25
2020-01-22,28.75,28.75
2020-01-23,32.25,32.25
2020-01-24,40.0,40.0
2020-01-25,44.25,44.25
2020-01-26,39.75,39.75
2020-01-27,41.25,41.25
2020-01-28,44.75,44.75
2020-01-29,43.0,43.0
2020-01-30,43.5,43.5
2020-01-31,44.75,44.75
2020-02-01,44.0,44.0
2020-02-02,43.33333333333334,43.333333333333336
2020-02-03,52.0,52.0
2020-02-04,57.66666666666666,57.666666666666664
2020-02-05,54.66666666666666,54.666666666666664
2020-02-06,47.66666666666666,47.666666666666664
2020-02-07,42.66666666666666,42.666666666666664
2020-02-08,38.0,38.0
2020-02-09,38.0,38.0
2020-02-10,50.33333333333334,50.333333333333336
2020-02-11,49.66666666666666,49.666666666666664
2020-02-12,45.33333333333334,45.333333333333336
2020-02-13,49.33333333333334,49.333333333333336
2020-02-14,41.0,41.0
2020-02-15,29.66666666666667,29.666666666666668
2020-02-16,39.0,39.0
2020-02-17,48.66666666666666,48.666666666666664
2020-02-18,49.0,49.0
2020-02-19,49.66666666666666,49.666666666666664
2020-02-20,44.33333333333334,44.333333333333336
2020-02-21,36.66666666666666,36.66666666666666
2020-02-22,33.0,33.0
2020-02-23,36.333333333333336,36.333333333333336
2020-02-24,44.66666666666666,44.666666666666664
2020-02-25,48.33333333333334,48.333333333333336
2020-02-26,49.33333333333334,49.333333333333336
2020-02-27,40.66666666666666,40.666666666666664
2020-02-28,36.333333333333336,36.333333333333336
2020-02-29,42.0,42.0
2020-03-01,41.333333333333336,41.333333333333336
2020-03-02,48.75,48.75
2020-03-03,54.5,54.5
2020-03-04,58.0,58.0
2020-03-05,53.25,53.25
2020-03-06,54.0,54.0
2020-03-07,44.75,44.75
2020-03-08,43.5,43.5
2020-03-09,49.25,49.25
2020-03-10,56.5,56.5
2020-03-11,55.5,55.5
2020-03-12,56.25,56.25
2020-03-13,62.0,62.0
2020-03-14,59.25,59.25
2020-03-15,53.25,53.25
2020-03-16,47.25,47.25
2020-03-17,49.25,49.25
2020-03-18,54.75,54.75
2020-03-19,62.25,62.25
2020-03-20,70.0,70.0
2020-03-21,62.0,62.0
2020-03-22,50.25,50.25
2020-03-23,49.75,49.75
2020-03-24,55.0,55.0
2020-03-25,56.25,56.25
2020-03-26,56.0,56.0
2020-03-27,62.5,62.5
2020-03-28,72.0,72.0
2020-03-29,72.25,72.25
2020-03-30,64.5,64.5
2020-03-31,57.25,57.25
2020-04-01,51.0,51.0
2020-04-02,50.25,50.25
2020-04-03,55.25,55.25
2020-04-04,58.0,58.0
2020-04-05,61.0,61.0
2020-04-06,62.75,62.75
2020-04-07,66.0,66.0
2020-04-08,68.0,68.0
2020-04-09,72.0,72.0
2020-04-10,62.25,62.25
2020-04-11,48.5,48.5
2020-04-12,52.5,52.5
2020-04-13,57.25,57.25
2020-04-14,53.25,53.25
