DATE,NC,SC,T_WA
2015-01-01,37.371875,42.6875,39.1221459222342
2015-01-02,46.529375,51.41,48.13641387498259
2015-01-03,47.22125,53.195,49.188221131653684
2015-01-04,54.98375,62.99000000000001,57.61996052484659
2015-01-05,42.1925,47.6375,43.98537010870128
2015-01-06,37.473125,43.8725,39.58024128133522
2015-01-07,29.4575,38.465,32.423391185330914
2015-01-08,16.716875,23.15,18.8351041125875
2015-01-09,30.588125,35.5175,32.211215742346994
2015-01-10,28.135625,35.7575,30.645272724473383
2015-01-11,32.331875,38.915,34.49949447370875
2015-01-12,40.9775,47.4575,43.1111636004379
2015-01-13,39.981875,46.625,42.16925061815724
2015-01-14,33.018125,38.705,34.89063706600929
2015-01-15,34.345625,40.7075,36.44039369105491
2015-01-16,39.84125,44.27,41.299500412104834
2015-01-17,39.29,44.21,40.91000384477692
2015-01-18,46.61937500000001,51.2525,48.144919779132536
2015-01-19,45.815,49.7975,47.12631408776912
2015-01-20,50.410625,53.5775,51.45337899917234
2015-01-21,47.2775,54.665,49.70997528522145
2015-01-22,43.574375,49.19,45.423426644476706
2015-01-23,37.77125,47.585,41.00261437635761
2015-01-24,38.868125,47.78,41.802529830116114
2015-01-25,41.0225,43.82,41.94363023491127
2015-01-26,41.28125,47.405,43.297611492774934
2015-01-27,34.626875,39.6725,36.28824327221596
2015-01-28,33.45125,38.315,35.052732459356456
2015-01-29,36.381875,41.3675,38.02348712776746
2015-01-30,39.90875,48.17,42.6289241387527
2015-01-31,34.565,39.95,36.338113964252784
2015-02-01,44.285,50.39,46.29518769763477
2015-02-02,45.75875,52.6475,48.02700233449329
2015-02-03,32.466875,36.68,33.854126767993044
2015-02-04,38.541875,42.1025,39.71427869711561
2015-02-05,39.093125,46.0775,41.392863689708086
2015-02-06,30.7625,36.2975,32.58500432537404
2015-02-07,41.916875,44.8625,42.88677821651849
2015-02-08,51.60125,55.04,52.7335240287046
2015-02-09,52.63249999999999,55.7,53.6425328849295
2015-02-10,42.0125,50.5325,44.81787251168686
2015-02-11,39.39125,45.2975,41.33599546914912
2015-02-12,37.6925,45.5,40.263268296360934
2015-02-13,27.258125,33.845,29.426979232736777
2015-02-14,35.594375,42.07250000000001,37.72742122092388
2015-02-15,22.038125,35.7875,26.565368976276346
2015-02-16,23.703125,35.135,27.46728789695307
2015-02-17,26.96,37.6925,30.493880338225257
2015-02-18,26.886875,36.8375,30.16330808088075
2015-02-19,14.978749999999998,25.34,18.390389194450165
2015-02-20,16.334375,24.7175,19.094678807163717
2015-02-21,30.385625,42.83,34.4831728345215
2015-02-22,44.436875,54.63500000000001,47.79480217673082
2015-02-23,40.758125,51.77,44.383994885813586
2015-02-24,27.213125,34.2725,29.53755887026871
2015-02-25,31.83125,36.4175,33.341360291282136
2015-02-26,33.480178571428574,38.95785714285713,35.283808723088406
2015-02-27,33.648125,41.705,36.301004771725005
2015-02-28,31.285625,41.285,34.57810994824516
2015-03-01,34.739375,39.7475,36.38839568193565
2015-03-02,46.805,55.2425,49.58320781307017
2015-03-03,41.039375,51.47,44.473857236468746
2015-03-04,56.913125,61.7075,58.491764417337876
2015-03-05,47.834375,62.9975,52.827123129844104
2015-03-06,30.678125,39.95,33.73106669680711
2015-03-07,38.80625,44.2625,40.602824385785375
2015-03-08,50.264375,53.2925,51.261442915135184
2015-03-09,55.040000000000006,59.8775,56.63283914616023
2015-03-10,60.44562500000001,64.505,61.782251647843765
2015-03-11,63.10625,69.66499999999999,65.26584354002655
2015-03-12,57.68375,63.7175,59.67047727610218
2015-03-13,47.78375,54.49249999999999,49.992733901147794
2015-03-14,51.00125,58.985,53.630051970678394
2015-03-15,59.0,64.7825,60.90399842122409
2015-03-16,59.91687500000001,63.3875,61.05964448044287
2015-03-17,62.43125000000001,68.9975,64.59331305808261
2015-03-18,52.16562500000001,60.4325,54.887651277294765
2015-03-19,46.731875,52.76,48.71675013756013
2015-03-20,46.585625,56.53999999999999,49.86329283990878
2015-03-21,54.460625,61.3175,56.718381882755025
2015-03-22,58.083125,59.7875,58.64432297824018
2015-03-23,54.3425,57.995,55.54515529330238
2015-03-24,54.055625,58.805,55.619447309001494
2015-03-25,55.59125,63.5375,58.207704380398084
2015-03-26,63.325625,66.7025,64.43752550474208
2015-03-27,48.565625,57.32000000000001,51.44816995093881
2015-03-28,38.37875,46.115,40.92605787482834
2015-03-29,39.1775,44.015,40.77033914616023
2015-03-30,51.333125,55.235,52.61789176866645
2015-03-31,57.216875,62.92250000000001,59.095560861149444
2015-04-01,60.575,65.77250000000001,62.286376012851235
2015-04-02,57.261875,62.32250000000001,58.92818230832809
2015-04-03,68.669375,70.7225,69.3454055678471
2015-04-04,59.624375,65.5325,61.56973784866313
2015-04-05,50.399375,56.2325,52.32004266810251
2015-04-06,61.4975,64.7225,62.559392764106825
2015-04-07,63.14,66.94,64.39122248173827
2015-04-28,58.01000000000001,58.55,58.1878053000365
2015-04-29,55.911875,58.1375,56.644704483136515
2015-04-30,57.453125,62.705,59.18240501875768
2015-05-01,53.87,60.62000000000001,56.09256625045614
2015-05-02,59.405,63.477500000000006,60.745948304441875
2015-05-03,63.0275,66.33285714285715,64.11585188613607
2015-05-04,67.41499999999999,69.26750000000001,68.02497095984741
2015-05-05,68.91125,69.0275,68.94952752986896
2015-05-06,69.10249999999999,69.83000000000001,69.34204325143806
2015-05-07,69.22625,67.745,68.73852018392768
2015-05-08,69.715625,73.34,70.90901960059213
2015-05-09,68.89517857142856,72.27785714285712,70.00899001276164
2015-05-10,70.8125,75.0575,72.2102472197313
2015-05-11,74.03,76.30250000000002,74.77826397098691
2015-05-12,74.55312500000002,77.53999999999998,75.53661056582685
2015-05-13,69.96875,74.72749999999998,71.53565920657157
2015-05-14,62.97125000000001,68.9825,64.950568721934
2015-05-15,67.645625,71.705,68.98225164784375
2015-05-16,72.483125,73.1225,72.69365141427933
2015-05-17,73.86125000000001,74.6225,74.11190608269034
2015-05-18,75.065,75.875,75.33170795005474
2015-05-19,75.09312500000001,76.6625,75.60987165323105
2015-05-20,74.84,77.075,75.5759163807066
2015-05-21,67.454375,78.41749999999998,71.06419301844916
2015-05-22,62.718125,69.6275,64.99316850914745
2015-05-23,64.686875,68.6225,65.98275459991874
2015-05-24,68.58500000000001,70.745,69.29622120014598
2015-05-25,71.36375000000002,72.62,71.77739427439047
2015-05-26,74.66,76.625,75.30701373068834
2015-05-27,72.2942857142857,74.66571428571429,73.07512380439304
2015-05-28,74.255,75.185,74.56122023895173
2015-05-29,74.42375000000001,74.58500000000002,74.47684463820536
2015-05-30,74.17625,76.1225,74.81708993554818
2015-05-31,74.5925,76.35499999999998,75.17283674317464
2015-06-01,74.136875,75.7475,74.6672040025394
2015-06-02,70.28375,74.58500000000002,71.70001860515178
2015-06-03,64.259375,70.51999999999998,66.32080519729806
2015-06-04,64.92500000000001,70.9925,66.92284010735447
2015-06-05,69.153125,73.025,70.4280136964422
2015-06-06,74.525,78.5075,75.83631408776911
2015-06-07,73.97375,75.815,74.5800166827633
2015-06-08,75.39125000000001,77.18,75.98023005637089
2015-06-09,75.18875,75.83,75.39989379379332
2015-06-10,75.970625,76.655,76.1959685226157
2015-06-11,77.30937500000002,78.55250000000002,77.71869761779236
2015-06-12,77.669375,80.375,78.5602536387245
2015-06-13,81.05000000000003,83.285,81.78591638070661
2015-06-14,81.39875,83.79499999999999,82.18776101891193
2015-06-15,82.619375,85.6325,83.61150387902305
2015-06-16,83.76125,86.0825,84.5255658383513
2015-06-17,85.64,89.28,86.83853942987561
2015-06-18,81.471875,84.7475,82.55043701098523
2015-06-19,79.03625,84.67250000000001,80.89209281913088
2015-06-20,79.3625,84.005,80.89113167670261
2015-06-21,81.57875,85.625,82.91105499124565
2015-06-22,81.51125,84.5075,82.49782246339691
2015-06-23,83.55875,83.00750000000002,83.37724042287942
2015-06-24,83.05973214285714,84.32750000000001,83.47716889140511
2015-06-25,81.41562499999998,83.15,81.98670105046442
2015-06-26,80.403125,83.9975,81.58664152836789
2015-06-27,74.42937500000002,79.26500000000001,76.02159676664624
2015-06-28,73.5125,76.80000000000003,74.59497208124068
2015-06-29,72.910625,78.33500000000002,74.69670393404712
2015-06-30,77.87214285714283,79.63428571428571,78.4523620042196
2015-07-01,74.87937500000002,77.6225,75.78260122900484
2015-07-02,74.67125,77.0,75.43803535640737
2015-07-03,73.203125,76.26500000000001,74.21130574638747
2015-07-04,75.57124999999998,78.53,76.54547487311659
2015-07-05,76.1225,77.7875,76.67073300844585
2015-07-06,77.225,78.6575,77.69667794870792
2015-07-07,79.03625,80.79499999999999,79.61535198414663
2015-07-08,80.481875,82.73750000000003,81.22458255536077
2015-07-09,84.36714285714284,86.09714285714287,84.93677835540791
2015-07-10,82.608125,85.3925,83.52493357831315
2015-07-11,79.9925,84.665,81.53100974892688
2015-07-12,78.119375,83.3975,79.8572983319539
2015-07-13,79.34,84.665,81.0933578198043
2015-07-14,75.093125,80.9075,77.00761887296235
2015-07-15,78.7775,83.53999999999998,80.3456439655996
2015-07-16,77.2025,83.45750000000002,79.26207805875603
2015-07-17,78.58625,82.805,79.97535390653509
2015-07-18,79.300625,81.5,80.02481116994029
2015-07-19,79.03625,80.72642857142857,79.59277353334835
2015-07-20,81.550625,84.52250000000002,82.52917152971472
2015-07-21,80.34125,85.9282142857143,82.18086455761963
2015-07-22,80.11866071428571,85.7975,81.98852686809208
2015-07-23,77.500625,85.2275,80.04484597725828
2015-07-24,77.50625,80.02250000000002,78.33477330780893
2015-07-25,77.43875,81.1175,78.6500486064986
2015-07-26,79.43,82.45250000000001,80.42521577659315
2015-07-27,78.86187500000003,82.75142857142858,80.14258470328866
2015-07-28,79.34,82.7825,80.47350878773264
2015-07-29,79.61,81.8175,80.33686148116769
2015-07-30,82.799375,85.19749999999998,83.58900339842594
2015-07-31,80.2175,83.66,81.35100878773262
2015-08-01,79.053125,83.285,80.44655056313319
2015-08-02,77.75375,80.4575,78.64401125921047
2015-08-03,79.72812499999998,81.065,80.1683165934931
2015-08-04,81.066875,83.8175,81.97257074706087
2015-08-05,81.08375000000002,83.5025,81.88016957308012
2015-08-06,76.53312500000001,78.245,77.09679249629625
2015-08-07,73.56875,79.48249999999999,75.51596498720518
2015-08-08,76.2125,79.715,77.36576493218114
2015-08-09,76.904375,79.22749999999998,77.66930821786532
2015-08-10,75.88062500000002,79.04,76.9209094811163
2015-08-11,75.644375,80.6825,77.30327375415989
2015-08-12,76.218125,82.1,78.1548445354669
2015-08-13,74.82875000000001,79.78999999999998,76.46233619408525
2015-08-14,75.498125,80.53,77.15496582244651
2015-08-15,75.62991071428571,79.1825,76.7996684991984
2015-08-16,77.135,79.43,77.8906725251551
2015-08-17,78.0125,79.11500000000002,78.37551915424119
2015-08-18,75.633125,77.6225,76.28816466437054
2015-08-19,75.948125,79.4975,77.11682442003152
2015-08-20,77.83250000000002,80.96000000000002,78.86228902937803
2015-08-21,77.41625,79.82750000000001,78.21020005502406
2015-08-22,75.23375000000001,79.205,76.54135981068504
2015-08-23,75.84875,79.19428571428571,76.95033144715067
2015-08-24,78.02375,80.03,78.6843460799967
2015-08-25,76.38125,82.1225,78.27166607191575
2015-08-26,72.96687500000002,80.465,75.43577567654837
2015-08-27,72.831875,77.2325,74.2808647193946
2015-08-28,72.494375,77.0375,73.99028556245979
2015-08-29,72.19624999999998,75.77000000000002,73.37297535371371
2015-08-30,73.326875,74.16499999999998,73.60284364276497
2015-08-31,73.18062499999998,76.7825,74.36661104642394
2015-09-01,77.714375,79.1525,78.18790508724996
2015-09-02,79.019375,81.2225,79.74479592896832
2015-09-03,78.44964285714286,80.91714285714286,79.26211429758737
2015-09-04,76.983125,80.93,78.28270887700282
2015-09-05,74.30562499999998,76.54250000000002,75.0421587602206
2015-09-06,74.361875,76.82000000000002,75.17125954287445
2015-09-07,74.665625,77.2175,75.50587851857522
2015-09-08,75.363125,77.98250000000002,76.22560418107977
2015-09-09,76.04375,78.3275,76.795718248071
2015-09-10,75.419375,79.1225,76.63869954018081
2015-09-11,73.93357142857144,76.97749999999998,74.93584297103902
2015-09-12,70.22187500000001,73.835,71.41156532350806
2015-09-13,63.26375,68.465,64.97636077187926
2015-09-14,61.300625,65.345,62.632312611731635
2015-09-15,65.035625,67.715,65.91786032552828
2015-09-16,65.47758928571429,69.455,66.78722762908822
2015-09-17,67.98875000000001,72.065,69.33093306346991
2015-09-18,69.575,75.095,71.39256528926191
2015-09-19,71.031875,75.875,72.62656628470228
2015-09-20,72.39875,76.89500000000002,73.87922607460942
2015-09-21,67.16187500000001,75.41750000000002,69.88019700021066
2015-09-22,66.99875,72.38000000000002,68.77062920522476
2015-09-23,68.410625,72.76999999999998,69.84603237008623
2015-09-24,65.58687499999999,68.7325,66.62263203134682
2015-09-25,63.618125000000006,69.755,65.63880814937303
2015-09-26,64.03437500000001,70.1375,66.04394531812078
2015-09-27,65.55875,69.875,66.9799576412639
2015-09-28,70.885625,73.91,71.88145815610716
2015-09-29,73.900625,76.70750000000002,74.82484213248135
2015-09-30,74.4575,76.8425,75.24280674182783
2015-10-01,63.48875,69.78500000000001,65.56191040806436
2015-10-02,56.70660714285715,61.44071428571429,58.26540221867309
2015-10-03,56.89571428571429,63.66000000000001,59.122984380086734
2015-10-04,62.1275,66.5675,63.589454689188926
2015-10-05,60.92937499999999,64.48250000000002,62.099309179059546
2015-10-06,61.30625000000001,64.46000000000001,62.34468234257424
2015-10-07,64.59687500000001,65.3075,64.83086183581192
2015-10-08,66.50375,68.38250000000001,67.12236427304362
2015-10-09,68.03375,70.415,68.8178219827998
2015-10-10,61.2725,67.5425,63.337017094868145
2015-10-11,60.33875000000001,64.28,61.636481738460795
2015-10-12,62.166875,65.3375,63.21086375820037
2015-10-13,64.91187500000001,68.6675,66.14848616657324
2015-10-14,61.68875,65.9525,63.09267101487146
2015-10-15,57.97303571428571,62.98571428571428,59.623555746469684
2015-10-16,57.205625,66.3125,60.204237299573734
2015-10-17,52.233125,59.9675,54.779815495314324
2015-10-18,47.294375,52.84250000000001,49.121200981972144
2015-10-19,45.1175,49.4975,46.55969854474043
2015-10-20,50.039375,52.85,50.964826891509375
2015-10-21,53.97125,58.805,55.56285438713219
2015-10-22,57.621875,63.74,59.63638435423289
2015-10-23,61.96517857142857,65.0375,62.97679900367984
2015-10-24,59.388125,62.945,60.559293938087585
2015-10-25,65.170625,68.62857142857143,66.30921981896714
2015-10-26,55.945625,62.39,58.06755838967159
2015-10-27,51.035,57.2225,53.07235239625145
2015-10-28,64.563125,68.3075,65.79603188948914
2015-10-29,60.86750000000001,66.3275,62.66530914481342
2015-10-30,54.2075,61.25,56.52637745464257
2015-10-31,50.75937500000001,58.6475,53.35669061546361
2015-11-01,58.98875,65.07500000000002,60.99276390249462
2015-11-02,61.32875,68.1425,63.57230715393267
2015-11-03,60.423125,66.28999999999999,62.354905499354786
2015-11-04,61.227500000000006,65.57000000000001,62.657350954460114
2015-11-05,64.473125,66.635,65.18496357965998
2015-11-06,67.915625,69.3725,68.39532888239012
2015-11-07,65.795,70.9625,67.49649794062698
2015-11-08,52.37375,55.805,53.503554510648534
2015-11-09,47.800625,53.87750000000001,49.80155200492454
2015-11-10,57.329375,59.1725,57.93625906227733
2015-11-11,53.38625,56.3975,54.37776149950904
2015-11-12,58.10000000000001,62.06,59.40390553360094
2015-11-13,53.40875,56.285,54.355810174499915
2015-11-14,46.450625,49.8875,47.582281649190584
2015-11-15,44.605625,47.57,45.581702011658656
2015-11-16,47.665625,52.3175,49.197343574272686
2015-11-17,52.9025,59.3525,55.02628552821365
2015-11-18,60.1925,65.05250000000001,61.792747700328434
2015-11-19,64.529375,68.8775,65.96107809300216
2015-11-20,51.659375,57.89,53.71092712507381
2015-11-21,45.258125,53.72,48.04435874675237
2015-11-22,44.57187500000001,52.19750000000001,47.08275748350143
2015-11-23,36.066875,41.2775,37.78257266944934
2015-11-24,40.46,42.785,41.22555059737933
2015-11-25,43.244375,48.365,44.930438452776585
2015-11-26,49.904375,57.47,52.39550133905292
2015-11-27,53.819375,59.84,55.801780619504065
2015-11-28,56.03,59.4725,57.16350878773263
2015-11-29,59.590625,61.22,60.127127797679556
2015-11-30,51.17,61.61,54.607569134038826
2015-12-01,49.01669642857142,57.78392857142857,51.9034748390349
2015-12-02,56.5025,61.625,58.189180832290596
2015-12-03,45.021875,50.66857142857143,46.88115750499468
2015-12-04,40.330625,47.8925,42.82051658002488
2015-12-05,40.20125,47.54,42.617673417857034
2015-12-06,42.501875,50.105,45.00534892933322
2015-12-07,47.091875,53.015,49.04217688477526
2015-12-08,46.034375,49.97321428571429,47.3313129647999
2015-12-09,46.018035714285716,49.659000000000006,47.21689265362568
2015-12-10,53.85875,55.2875,54.329193189679884
2015-12-11,57.50375,59.6375,58.206327886949744
2015-12-12,60.035,62.72,60.91908746407033
2015-12-13,58.341875,60.8,59.15125954287444
2015-12-14,63.719375,65.8475,64.4201007484077
2015-12-15,58.46,61.3775,59.42064252380826
2015-12-16,53.628928571428574,58.90571428571428,55.36641091801531
2015-12-17,54.60633928571429,62.4275,57.18160563282019
2015-12-18,48.11,54.723928571428566,50.28776213715329
2015-12-19,36.3425,39.8375,37.493295414125065
2015-12-20,39.515,43.3475,40.77692372664787
2015-12-21,46.990625,52.91,48.939692125747236
2015-12-22,56.28875,62.045,58.18410510802787
2015-12-23,62.481875,66.245,63.720955684629295
2015-12-24,67.8425,70.9175,68.85500240298558
2015-12-25,67.02125000000001,69.13250000000001,67.71641933278157
2015-12-26,65.406875,68.69749999999999,66.49037604709736
2015-12-27,66.84687500000001,69.36500000000001,67.67601568732296
2015-12-28,61.21625,69.545,63.95864980125727
2015-12-29,60.01571428571428,71.0075,63.634969391020554
2015-12-30,60.96875,68.42750000000001,63.42468570675404
2015-12-31,59.81,67.0,62.177444643078466
2016-01-01,48.3035,57.14,51.21308617365269
2016-01-02,41.1935,47.3,43.204181601245985
2016-01-03,39.722,44.4125,41.26643659226141
2016-01-04,36.221,41.7725,38.048937265097365
2016-01-05,29.2775,34.4525,30.981467458683035
2016-01-06,34.321999999999996,38.67392857142857,35.754955491444875
2016-01-07,41.13285714285715,48.09285714285714,43.42456989888303
2016-01-08,44.303000000000004,47.9525,45.50466748607995
2016-01-09,48.181999999999995,50.015,48.78555021290164
2016-01-10,50.6255,52.25,51.160397610943114
2016-01-11,33.746,37.79,35.07756413582883
2016-01-12,38.048,40.9175,38.99283760824946
2016-01-13,35.3075,40.7,37.083083482308844
2016-01-14,41.468,44.3,42.400490017969155
2016-01-15,43.7855,47.9225,45.147686159724
2016-01-16,47.4845,52.7975,49.23390659091458
2016-01-17,38.18042857142857,43.8425,40.044773588438176
2016-01-18,29.8985,36.9275,32.212932322141654
2016-01-19,23.819000000000003,30.1175,25.892901263481182
2016-01-20,28.9985,34.9625,30.962260758180797
2016-01-21,35.9735,43.25,38.36942641799171
2016-01-22,30.2405,37.835,32.74113398356876
2016-01-23,28.4405,33.4475,30.08915025422724
2016-01-24,33.395,36.7475,34.49887457105988
2016-01-25,37.769,42.2825,39.255155966138325
2016-01-26,46.6295,46.798571428571435,46.68516999274952
2016-01-27,46.427,53.5475,48.77156044242562
2016-01-28,39.6545,46.0625,41.764456227099686
2016-01-29,42.1745,47.1725,43.82018683255996
2016-01-30,41.144,45.7475,42.659790182811086
2016-01-31,50.93600000000001,50.3825,50.753749567462606
2016-02-01,58.298,59.8475,58.808202430382494
2016-02-02,53.986999999999995,58.865,55.59317454366297
2016-02-03,58.56800000000001,62.94,60.0075643921473
2016-02-04,54.806000000000004,56.87000000000001,55.48561136902837
2016-02-05,40.2125,45.30500000000001,41.88930276006635
2016-02-06,36.8825,40.5725,38.097502883582685
2016-02-07,39.128,44.3375,40.84332724174092
2016-02-08,39.5645,40.93,40.01411692074043
2016-02-09,35.308142857142855,37.625,36.07101226348989
2016-02-10,29.4035,32.6075,30.458478113549845
2016-02-11,30.56,37.5425,32.85912131019406
2016-02-12,31.5815,41.6,34.88028221928811
2016-02-13,30.3395,37.64,32.74332887577112
2016-02-14,23.7425,31.82,26.402170946379176
2016-02-15,31.68388571428572,38.11714285714286,33.80215833742945
2016-02-16,47.4755,52.25750000000001,49.050064712545364
2016-02-17,44.573,49.7525,46.278449169516676
2016-02-18,40.6544,45.082,42.11227175266957
2016-02-19,41.6615,46.235,43.16741211058683
2016-02-20,52.8485,55.1225,53.597257874598114
2016-02-21,56.7185,60.9875,58.124149677510694
2016-02-22,54.32899999999999,61.4675,56.67948728576017
2016-02-23,47.5925,55.790000000000006,50.29168323527618
2016-02-24,56.13285714285714,62.49500000000001,58.22771403098548
2016-02-25,45.6935,48.36500000000001,46.57314233156942
2016-02-26,40.028,43.655,41.22225893191177
2016-02-27,39.3215,42.785,40.4619234382896
2016-02-28,48.4925,51.1175,49.35683131962183
2016-02-29,58.74800000000001,58.85,58.781585445562456
2016-03-01,55.01600000000001,59.9375,56.63649774838814
2016-03-02,48.4205,54.2975,50.35561434873048
2016-03-03,38.4575,45.215,40.6825357685122
2016-03-04,42.376999999999995,48.2825,44.32149851734351
2016-03-05,43.655,48.46250000000001,45.23796107393599
2016-03-06,47.51600000000001,51.8975,48.95869244835165
2016-03-07,50.108000000000004,52.04,50.744147851241664
2016-03-08,59.468,60.65,59.857196045635426
2016-03-09,62.663000000000004,63.5525,62.955884841449
2016-03-10,66.452,67.75999999999999,66.88268394897726
2016-03-11,69.8135,70.9925,70.201708238413
2016-03-12,67.433,69.095,67.98024520122343
2016-03-13,66.821,69.23750000000001,67.6166787176633
2016-03-14,65.14828571428572,68.49178571428571,66.24919686367832
2016-03-15,65.7995,69.2525,66.93646611301111
2016-03-16,69.34550000000002,72.275,70.31009375269798
2016-03-17,62.5505,67.31,64.11765615837719
2016-03-18,60.656000000000006,64.78999999999999,62.01719835250158
2016-03-19,54.842,64.88,58.147202966233884
2016-03-20,43.862,51.07250000000001,46.23619465909837
2016-03-21,45.0095,49.7,46.55393659226141
2016-03-22,46.693999999999996,49.4,47.5850021146273
2016-03-23,62.6528,66.38,63.880051693140764
2016-03-24,64.1885,65.8175,64.72487932177675
2016-03-25,67.22149999999999,68.5025,67.64329368397544
2016-03-26,58.43300000000001,63.69499999999999,60.16561386813336
2016-03-27,57.758,64.3175,59.91784049183216
2016-03-28,63.16700000000001,68.29250000000002,64.85466863951304
2016-03-29,54.968,58.5425,56.14497230551933
2016-03-30,54.7295,58.6775,56.02945430471124
2016-03-31,64.03999999999999,66.845,64.96359975296731
2016-04-01,68.58949999999999,68.3675,68.51640226554055
2016-04-02,63.1625,65.78,64.02436180156576
2016-04-03,53.89700000000001,59.12,55.61677237424185
2016-04-04,59.90000000000001,61.6775,60.485275779286795
2016-04-05,50.8235,59.6525,53.73061665559663
2016-04-06,47.5205,53.30750000000001,49.42598013205773
2016-04-07,58.82514285714285,62.675,60.092781754149044
2016-04-08,52.781000000000006,59.06,54.848480516535425
2016-04-09,47.075,54.6575,49.57168275467906
2016-04-10,45.302,49.05500000000001,46.537746835253614
2016-04-11,58.145,60.035,58.767318550127726
2016-04-12,61.646,64.60249999999999,62.61948401769979
2016-04-13,55.94,61.42999999999999,57.74768721703765
2016-04-14,55.148,60.5225,56.91765663897429
2016-04-15,54.2435,57.5375,55.3281123302226
2016-04-16,54.32,60.3725,56.31290107124234
2016-04-17,56.588,59.69,57.60939266798739
2016-04-18,63.06350000000001,63.25250000000001,63.12573185501279
2016-04-19,68.441,67.64250000000001,68.1780786442979
2016-04-20,66.42500000000001,69.7175,67.5091184266114
2016-04-21,65.93085714285715,69.77000000000001,67.1949681569261
2016-04-22,64.9985,69.35000000000001,66.4313143761274
2016-04-23,64.93100000000001,68.38250000000001,66.06747220939991
2016-04-24,62.438,66.4625,63.76314338888307
2016-04-25,66.3035,68.6375,67.0720140190466
2016-04-26,69.7475,71.7125,70.39451373068835
2016-04-27,72.68450000000001,74.84,73.39423948931234
2016-04-28,71.94200000000002,75.3425,73.0616794866187
2016-04-29,70.30850000000001,76.355,72.29942545679751
2016-04-30,63.3605,73.16,66.58717229205111
2016-05-01,67.613,74.21000000000002,69.78518808211247
2016-05-02,71.61478571428572,74.87,72.68662710827553
2016-05-03,67.42399999999999,74.03,69.59915150377974
2016-05-04,63.86,68.26249999999999,65.30960709890861
2016-05-05,54.09949999999999,60.5825,56.23415140766031
2016-05-06,55.980500000000006,60.69499999999999,57.532839050040806
2016-05-07,62.6495,66.42500000000001,63.892655389421805
2016-05-08,72.626,76.35499999999998,73.8538443774742
2016-05-09,70.89349999999997,75.28999999999998,72.34113148446374
2016-05-10,72.7655,73.85749999999999,73.12506182896267
2016-05-11,71.3615,74.5325,72.40561223410317
2016-05-12,70.65050000000002,76.8725,72.69921217930937
2016-05-13,69.1115,75.82249999999998,71.32122475656462
2016-05-14,66.70400000000001,72.875,68.73591945652814
2016-05-15,57.361999999999995,65.03,59.886835260518176
2016-05-16,59.5985,65.99,61.70302328737636
2016-05-17,64.8545,68.75,66.13716767831879
2016-05-18,63.7295,72.05000000000003,66.46918333139561
2016-05-19,60.89450000000001,66.17750000000001,62.63402851869034
2016-05-20,60.4265,64.35499999999999,61.72003355776547
2016-05-21,65.876,71.72,67.8002484692838
2016-05-22,64.02199999999999,70.4675,66.14430381737999
2016-05-23,60.467,68.26249999999999,63.03381706747123
2016-05-24,66.551,71.0375,68.02826570113652
2016-05-25,71.7665,75.7175,73.06744211193366
2016-05-26,74.1875,76.7525,75.03207517517332
2016-05-27,73.89949999999997,75.89750000000002,74.55737961013502
2016-05-28,73.5035,72.54499999999999,73.18789559243523
2016-05-29,71.1185,71.8475,71.35853715504926
2016-05-30,73.373,73.85749999999999,73.53253086642162
2016-05-31,74.30000000000003,76.655,75.07542866960361
2016-06-01,74.363,78.23000000000002,75.63628350970576
2016-06-02,74.5475,79.9775,76.33543107258917
2016-06-03,77.2025,80.96000000000002,78.43972854608725
2016-06-04,79.08800000000002,81.47,79.87231893460542
2016-06-05,75.73100000000001,79.3925,76.93661871496965
2016-06-06,74.399,75.1025,74.63064079365867
2016-06-07,77.315,79.5875,78.0632639709869
2016-06-08,71.906,77.555,73.76604099982619
2016-06-09,70.16,75.62,71.9578091448134
2016-06-10,73.67450000000002,78.815,75.36710767562516
2016-06-11,78.899,82.41499999999998,80.05671006468204
2016-06-12,81.8825,85.49000000000002,83.070338184966
2016-06-13,78.51650000000002,83.0375,80.00512548419441
2016-06-14,76.84700000000002,82.83500000000002,78.81866321596021
2016-06-15,77.78299999999999,82.295,79.26866206252713
2016-06-16,81.4505,85.3475,82.73366158193001
2016-06-17,77.1845,83.3375,79.21049261319358
2016-06-18,72.86449999999998,76.98500000000001,74.22125322000066
2016-06-19,71.06450000000002,74.9,72.3274115338703
2016-06-20,73.1165,76.20500000000001,74.1334475354865
2016-06-21,77.315,80.07499999999997,78.22378264463094
2016-06-22,81.61700000000002,83.9075,82.37119081432147
2016-06-23,82.4135,86.255,83.67838714831514
2016-06-24,79.08800000000002,86.7425,81.60839012801726
2016-06-25,77.7875,85.03999999999998,80.1755239602123
2016-06-26,76.7705,82.0325,78.50311386813337
2016-06-27,76.6955,80.6825,78.00829579860276
2016-06-28,75.7895,79.745,77.0919238227673
2016-06-29,76.6385,80.885,78.03674112334251
2016-06-30,75.29899999999999,79.00999999999998,76.52091753413966
2016-07-01,77.945,80.84,78.89823396964007
2016-07-02,79.38050000000001,84.28999999999998,80.99704651949844
2016-07-03,76.541,86.66,79.87287376123936
2016-07-04,78.20599999999997,86.0,80.77232316386001
2016-07-05,81.13614285714286,86.67500000000003,82.9599172203743
2016-07-06,80.11850000000003,83.1275,81.10927064409225
2016-07-07,78.82249999999998,84.44749999999998,80.67463854204675
2016-07-08,80.69,87.68,82.99159082825014
2016-07-09,79.8305,84.25999999999998,81.28899736391044
2016-07-10,79.9025,84.905,81.54966854339361
2016-07-11,78.12950000000002,82.32499999999997,79.5109484005613
2016-07-12,78.17,84.68,80.31354167266214
2016-07-13,78.59428571428572,83.38,80.17007342624932
2016-07-14,82.184,84.17,82.83792838124532
2016-07-15,80.02850000000002,82.715,80.91308136768156
2016-07-16,75.88400000000001,79.79750000000001,77.17259452165337
2016-07-17,77.48150000000003,78.08,77.67856754087379
2016-07-18,80.49200000000002,79.33250000000002,80.11021250853277
2016-07-19,81.095,83.05250000000002,81.73954421263228
2016-07-20,79.39399999999999,83.225,80.65542982303664
2016-07-21,79.65050000000002,81.605,80.29405640540988
2016-07-22,79.97,81.8075,80.57503192373528
2016-07-23,80.4425,83.855,81.56613071550836
2016-07-24,83.26400000000002,84.89000000000001,83.79939151455434
2016-07-25,84.44621428571429,85.505,84.79483967757156
2016-07-26,84.1055,84.4175,84.2082319511322
2016-07-27,84.11,87.05,85.07805107797645
2016-07-28,84.164,86.99000000000002,85.09451440352431
2016-07-29,82.57100000000001,86.105,83.7346369080166
2016-07-30,82.094,84.29964285714286,82.82024998145856
2016-07-31,81.689,83.86250000000003,82.40466633264687
2016-08-01,80.1095,82.1675,80.78713575458352
2016-08-02,77.828,80.84357142857144,78.82093441229374
2016-08-03,77.40950000000002,80.4275,78.4032340657595
2016-08-04,77.02699999999999,78.935,77.65524539346225
2016-08-05,77.5625,80.91499999999998,78.66637457105988
2016-08-06,80.798,82.67750000000002,81.41686122484924
2016-08-07,79.11949999999999,83.05250000000002,80.4145152685991
2016-08-08,78.1205,81.6725,79.29006375135116
2016-08-09,78.9125,81.3425,79.7126238501642
2016-08-10,79.30850000000002,79.78999999999998,79.46704305919921
2016-08-11,79.565,81.455,80.18731855012771
2016-08-12,82.436,82.4975,82.45625004805973
2016-08-13,82.76899999999999,83.6225,83.05003115477989
2016-08-14,82.78699999999998,84.42500000000003,83.32634274344402
2016-08-15,81.995,84.275,82.74573348904296
2016-08-16,82.2695,84.125,82.88045876706983
2016-08-17,80.987,83.00750000000002,81.6522881643032
2016-08-18,79.81700000000002,81.845,80.48475768235927
2016-08-19,77.4815,79.7375,78.22433103126356
2016-08-20,78.09800000000001,80.5925,78.91936170544636
2016-08-21,79.36700000000002,83.195,80.62744201581424
2016-08-22,76.568,81.425,78.16725989310599
2016-08-23,75.803,80.70500000000001,77.41707700144237
2016-08-24,75.74000000000002,78.86000000000001,76.76731951132197
2016-08-25,78.548,80.0,79.02609869565367
2016-08-26,81.86,82.9925,82.23289722646541
2016-08-27,80.132,83.08250000000002,81.10350840325495
2016-08-28,78.3365,81.62,79.41765500494411
2016-08-29,77.342,80.045,78.23201430740488
2016-08-30,78.0125,79.8725,78.62494047790348
2016-08-31,78.8765,79.07750000000001,78.94268308390247
2016-09-01,77.3375,79.4225,78.02402601958535
2016-09-02,70.997,73.7,71.88701430740488
2016-09-03,71.105,74.675,72.28049059468569
2016-09-04,71.92399999999999,75.85249999999998,73.21753355776546
2016-09-05,71.501,75.33500000000002,72.7634176302591
2016-09-06,75.23150000000003,77.03,75.82369042984377
2016-09-07,78.09800000000001,80.1425,78.77119062208261
2016-09-08,79.2185,80.5175,79.64622052731
2016-09-09,79.30121428571428,80.35,79.64654698683013
2016-09-10,79.124,81.2975,79.83966633264689
2016-09-11,79.39399999999998,81.1175,79.96149524928312
2016-09-12,74.95250000000001,76.625,75.50320252650192
2016-09-13,76.1135,76.0625,76.09670727721877
2016-09-14,76.6265,76.55000000000003,76.60131091582817
2016-09-15,76.26650000000002,78.02000000000002,76.8438733215074
2016-09-16,74.8535,76.97,75.5503979954208
2016-09-17,74.1695,76.04,74.78539780318197
2016-09-18,75.71300000000001,77.7425,76.38125158597049
2016-09-19,75.911,80.3,77.3561619664077
2016-09-20,73.607,76.8875,74.68716719772169
2016-09-21,72.84200000000001,75.515,73.72213623518064
2016-09-22,71.97800000000002,75.245,73.05372206522078
2016-09-23,74.92099999999998,77.4125,75.7413738982239
2016-09-24,75.893,78.7175,76.82302049991308
2016-09-25,73.05799999999998,77.4875,74.51649736391042
2016-09-26,71.7935,76.82750000000001,73.45104051922907
2016-09-27,72.2885,76.1825,73.57067377470759
2016-09-28,72.6935,77.45750000000002,74.26213786921083
2016-09-29,70.0205,76.4675,72.14329772099121
2016-09-30,70.98349999999998,70.9925,70.98646342166727
2016-10-01,67.964,68.45000000000002,68.12402477003285
2016-10-02,67.9025,70.175,68.6507639709869
2016-10-03,68.3915,72.005,69.58131379941084
2016-10-04,67.51400000000001,72.17,69.04707680920353
2016-10-05,65.273,68.0,66.17091676518427
2016-10-06,65.58350000000002,69.50750000000001,66.87555184693184
2016-10-07,68.58500000000001,71.21000000000002,69.44933131962183
2016-10-08,68.90899999999999,72.4625,70.07905765496234
2016-10-09,62.105,67.2125,63.786741796178475
2016-10-10,57.7535,61.99249999999999,59.14927160528645
2016-10-11,55.4855,60.365,57.09216844727418
2016-10-12,58.1315,63.7475,59.98067512037951
2016-10-13,61.076,65.15,62.41744220805309
2016-10-14,61.925,67.39250000000001,63.725278662869464
2016-10-15,62.19499999999999,67.19749999999999,63.84216854339358
2016-10-16,65.14699999999999,69.125,66.45683237693548
2016-10-17,67.3835,69.305,68.01619052596318
2016-10-18,69.0575,71.91499999999998,69.99838637935976
2016-10-19,71.27600000000002,73.40750000000001,71.97783703153296
2016-10-20,70.0475,72.32000000000002,70.79576397098691
2016-10-21,64.1705,68.37500000000001,65.55491182222856
2016-10-22,53.446999999999996,57.725,54.85561309917797
2016-10-23,53.411,56.285,54.3573193190831
2016-10-24,60.5795,63.41,61.51149611435794
2016-10-25,56.1965,61.77500000000001,58.03332753009921
2016-10-26,53.339,58.8275,55.14619331342644
2016-10-27,61.0295,64.79,62.26771635330968
2016-10-28,64.50800000000001,68.3675,65.77881399164971
2016-10-29,62.0915,67.7075,63.9406751203795
2016-10-30,65.972,69.155,67.02006346299287
2016-10-31,64.1705,69.6275,65.96732133759099
2016-11-01,61.4075,68.165,63.632535768512206
2016-11-02,64.445,66.125,64.99817204455796
2016-11-03,66.11771428571429,67.9325,66.71526709762264
2016-11-04,62.78,66.995,64.16786914750706
2016-11-05,52.18250000000001,55.535,53.286374571059895
2016-11-06,52.5065,54.515,53.167836935413504
2016-11-07,50.747,55.5125,52.31613177282204
2016-11-08,48.0215,52.7,49.56198536337171
2016-11-09,53.95421428571429,57.755,55.20569547886795
2016-11-10,50.7515,52.58,51.35356850206801
2016-11-11,53.5055,54.9125,53.9687815873173
2016-11-12,48.542,55.7375,50.91125562298624
2016-11-13,42.9215,45.74,43.84954488546824
2016-11-14,50.29571428571428,50.38785714285714,50.32605407897448
2016-11-15,49.955,51.5375,50.47606830982916
2016-11-16,50.4545,53.78,51.54948430605806
2016-11-17,52.5065,56.3675,53.777807895260906
2016-11-18,55.20650000000001,57.99500000000001,56.124666813244
2016-11-19,52.8215,57.86,54.480522230062704
2016-11-20,41.675,44.7125,42.67515481270526
2016-11-21,41.144,45.98,42.736345242549014
2016-11-22,41.16628571428571,45.474285714285706,42.58477688568794
2016-11-23,44.942,50.06,46.62719912145697
2016-11-24,57.14149999999999,62.015,58.74619283282933
2016-11-25,58.5095,63.08,60.01442430336441
2016-11-26,50.7875,55.145,52.22228999057224
2016-11-27,40.01,44.0375,41.3361311961055
2016-11-28,46.6835,52.235,48.51143726509737
2016-11-29,64.4495,68.61500000000001,65.82107032833704
2016-11-30,67.2305,69.3275,67.92097724847504
2016-12-01,55.724,57.68000000000001,56.368050309021065
2016-12-02,45.698,47.6375,46.336617369297734
2016-12-03,44.759428571428565,47.36535714285714,45.61748025942213
2016-12-04,42.5975,48.5825,44.56817540873777
2016-12-05,49.838,52.6925,50.77789857213734
2016-12-06,47.2235,53.8025,49.389761238777915
2016-12-07,47.813,51.575,49.051710256920884
2016-12-08,45.743,51.9425,47.784303625141156
2016-12-09,33.4175,39.1475,35.30421179483165
2016-12-10,30.803,35.645,32.39732085699387
2016-12-11,35.7125,40.91,37.42387601285122
2016-12-12,50.31950000000001,53.84,51.47869177551568
2016-12-13,45.284,52.49,47.65671294826473
2016-12-14,45.599,51.7925,47.638328010696306
2016-12-15,35.33,44.39,38.31317781172334
2016-12-16,26.9825,35.1575,29.67427468110799
2016-12-17,41.504,46.67,43.20500403701576
2016-12-18,58.7165,65.15,60.83485258849031
2016-12-19,39.2585,47.5175,41.97793328333589
2016-12-20,36.9365,40.7825,38.202868859148786
2016-12-21,40.559,43.505,41.529026692421304
2016-12-22,47.803999999999995,51.7175,49.092594521653346
2016-12-23,43.5875,50.54,45.87674323796982
2016-12-24,51.32300000000001,57.05,53.208723987609226
2016-12-25,53.14100000000001,59.165,55.1245169026293
2016-12-26,52.844,56.1425,53.930094041056236
2016-12-27,58.496,60.005,58.99286703287975
2016-12-28,50.81,56.915000000000006,52.82018769763478
2016-12-29,48.88399999999999,56.4125,51.3629022246754
2016-12-30,39.3035,43.74500000000001,40.765948592800136
2016-12-31,35.768,38.62,36.70707539945199
2017-01-01,47.443999999999996,50.32250000000001,48.391801029916735
2017-01-02,51.5705,59.0825,54.043969284952084
2017-01-03,52.115,60.81500000000001,54.97964094503236
2017-01-04,51.5705,55.715,52.93515567778007
2017-01-05,38.81942857142858,47.008571428571436,41.51586005801371
2017-01-06,37.778,44.8475,40.10576771964439
2017-01-07,26.0645,34.25,28.75973200638647
2017-01-08,19.6655,28.4225,22.54890928225843
2017-01-09,22.2395,30.3575,24.912506343881915
2017-01-10,34.385,39.7175,36.140827337860344
2017-01-11,48.6815,54.25250000000001,50.51585801204314
2017-01-12,59.4545,59.87000000000001,59.59131130030586
2017-01-13,60.358999999999995,62.27,60.98823320068468
2017-01-14,50.5805,57.2825,52.78726133489734
2017-01-15,52.043000000000006,60.725,54.901714101697806
2017-01-16,50.2295,57.065,52.480218756295244
2017-01-17,55.139,59.8775,56.699241507820204
2017-01-18,61.427428571428564,67.53285714285715,63.437757384380824
2017-01-19,49.6445,55.93250000000001,51.7149439382027
2017-01-20,54.842,61.7375,57.11247490074374
2017-01-21,53.71250000000001,60.40249999999999,55.915310106007645
2017-01-22,55.346,60.35,56.993662447004816
2017-01-23,52.349,54.24500000000001,52.97329416457257
2017-01-24,49.496,55.19750000000001,51.373327626218625
2017-01-25,52.3985,56.33750000000001,53.695490883043966
2017-01-26,58.76171428571429,61.84285714285714,59.77623934158387
2017-01-27,39.90114285714286,45.92,41.88296637596229
2017-01-28,38.7905,42.8225,40.11811290693913
2017-01-29,41.7335,44.93,42.78600859549379
2017-01-30,37.724,43.1075,39.49662006064157
2017-01-31,48.092,53.2025,49.7747296034009
2017-02-01,54.6035,59.7875,56.31043088035032
2017-02-02,52.8215,59.5475,55.03616379267674
2017-02-03,42.3815,52.82000000000001,45.81857523042761
2017-02-04,33.53,39.755,35.57969998653177
2017-02-05,42.908,46.37000000000001,44.0479295346784
2017-02-06,49.7345,52.1225,50.52079454905026
2017-02-07,59.3285,60.4475,59.696952093964505
2017-02-08,59.31050000000001,63.05750000000001,60.544271220808774
2017-02-09,47.327,55.145,49.90122562163942
2017-02-10,37.8185,42.7175,39.431589194219946
2017-02-11,56.2865,58.3325,56.96018452569381
2017-02-12,66.6635,68.1275,67.14554992454337
2017-02-13,52.1915,59.015,54.43826752740555
2017-02-14,47.443999999999996,52.75892857142857,49.194041609843275
2017-02-15,49.00100000000001,56.8775,51.59448786247671
2017-02-16,42.8675,49.1675,44.94189516709239
2017-02-17,49.298,52.8275,50.46015519718295
2017-02-18,53.1185,55.0925,53.76847715235562
2017-02-19,55.9535,58.3175,56.731892091270865
2017-02-20,56.0075,56.4025,56.13756128428595
2017-02-21,55.1795,59.795,56.69924141170078
2017-02-22,57.361999999999995,62.615,59.09165044646608
2017-02-23,60.989,65.20250000000001,62.37637524389584
2017-02-24,61.29564285714286,63.7925,62.117780696835396
2017-02-25,62.618,65.2625,63.4887520665676
2017-02-26,45.212,49.955,46.77372321865384
2017-02-27,49.577,54.02,51.03994249641135
2017-02-28,60.4265,65.1275,61.97439391753989
2017-03-01,66.72200000000001,69.515,67.64164852407762
2017-03-02,51.7325,56.88500000000001,53.429058904514854
2017-03-03,43.1555,48.005,44.75229037504994
2017-03-04,40.514,44.9525,41.97546078557772
2017-03-05,42.178999999999995,49.3025,44.524548249648035
2017-03-06,49.0775,55.7075,51.26055396155913
2017-03-07,58.977500000000006,62.3,60.07149649883563
2017-03-08,59.8775,63.89,61.19869215999336
2017-03-09,54.9545,57.71,55.86180093379732
2017-03-10,54.50899999999999,61.385,56.77305415379798
2017-03-11,41.2205,49.8275,44.05451892113718
2017-03-12,38.813,41.1875,39.59484941654935
2017-03-13,37.049,40.01,38.023965728533426
2017-03-14,40.217,45.3875,41.9194857478494
2017-03-15,30.2405,36.8675,32.422566154336714
2017-03-16,34.727000000000004,38.5325,35.980033461646045
2017-03-17,41.5085,46.4225,43.12652823033206
2017-03-18,53.74850000000001,60.05750000000001,55.82585858875968
2017-03-19,46.571000000000005,53.2775,48.77924304573097
2017-03-20,48.1325,52.13,49.44875312388125
2017-03-21,64.3325,67.63250000000001,65.41908794466744
2017-03-22,55.903999999999996,62.5475,58.091499094060055
2017-03-23,44.537,52.7375,47.237171042498595
2017-03-24,53.5235,59.66,55.54405967347023
2017-03-25,62.0645,63.65750000000001,62.58902563510765
2017-03-26,62.8025,64.7975,63.45939180291259
2017-03-27,65.6105,68.29249999999999,66.4935996568479
2017-03-28,66.533,70.6025,67.87296049721944
2017-03-29,63.9185,68.78750000000001,65.52171112199571
2017-03-30,60.422,67.16750000000002,62.6430845396225
2017-03-31,64.33699999999999,70.265,66.28890707151169
2017-04-01,61.214,65.10499999999999,62.49518596748515
2017-04-02,57.7085,63.5,59.61546184289137
2017-04-03,61.05199999999999,65.525,62.5248205686356
2017-04-04,67.97300000000001,70.30250000000001,68.74003230821299
2017-04-05,62.1905,64.835,63.06125206656759
2017-04-06,58.04600000000001,60.31250000000002,58.79228835654206
2017-04-07,50.639,55.55,52.256040423109646
2017-04-08,51.46250000000001,55.5425,52.80591782249794
2017-04-09,56.92100000000001,58.6625,57.4944220926177
2017-04-10,62.76199999999999,64.28,63.261830454547024
2017-04-11,66.2585,67.33250000000001,66.61213498562813
2017-04-12,67.334,68.495,67.71628139507845
2017-04-13,67.0595,69.755,67.94704478934882
2017-04-14,66.31700000000001,69.16250000000001,67.25393515047007
2017-04-15,69.94850000000001,70.43,70.10704305919921
2017-04-16,69.3545,70.25,69.64936045589384
2017-04-17,68.34649999999999,69.74000000000001,68.8053364548164
2017-04-18,64.814,68.58500000000001,66.05567367858816
2017-04-19,59.87300000000001,67.07,62.24274952659746
2017-04-20,67.3565,70.1525,68.27713633130006
2017-04-21,71.2715,74.66,72.38722825772898
2017-04-22,70.73150000000003,74.6225,72.01268596748517
2017-04-23,54.824,65.7125,58.40924631379135
2017-04-24,55.103,60.88250000000001,57.00601061400167
2017-04-25,61.4885,64.7525,62.563234257998346
2017-04-26,67.3295,71.0975,68.57018587136574
2017-04-27,69.08000000000001,70.4975,69.5467389125958
2017-04-28,74.2595,76.55000000000003,75.01369081432146
2017-04-29,76.7885,76.88,76.81862812028396
2017-04-30,74.35849999999998,75.8,74.83314137037516
2017-05-01,72.50900000000001,74.1125,73.03698296038614
2017-05-02,67.23949999999999,68.465,67.64301925036058
2017-05-03,66.31700000000001,69.7475,67.44655755884293
2017-05-04,66.78049999999999,69.7625,67.7623803790904
2017-05-05,63.83750000000001,61.8725,63.19048626931167
2017-05-06,54.89150000000001,58.82,56.18503355776547
2017-05-07,56.408,60.82999999999999,57.86402784585437
2017-05-08,60.5615,63.9725,61.68463681189717
2017-05-09,61.18700000000001,71.50999999999998,64.58604465236425
2017-05-10,70.67750000000002,75.9125,72.40122360313154
2017-05-11,72.26599999999998,77.0375,73.83710738726687
2017-05-12,61.106,72.47,64.84781375854571
2017-05-13,61.7675,65.76500000000001,63.08375312388125
2017-05-14,66.8615,70.46,68.04637476329873
2017-05-15,72.5,74.465,73.14701373068834
2017-05-16,73.4675,77.2025,74.69731999191906
2017-05-17,76.2665,76.88000000000002,76.4685065769859
2017-05-18,74.9255,75.44,75.09490893864587
2017-05-19,74.34114285714288,76.88000000000002,75.17710999794937
2017-05-20,76.49600000000002,78.125,77.03237932177676
2017-05-21,68.86399999999999,74.76500000000001,70.80701680650988
2017-05-22,71.132,72.845,71.69603792400464
2017-05-23,67.1315,70.13,68.11881331881374
2017-05-24,67.5995,70.47500000000002,68.54631322269432
2017-05-25,65.4035,67.58,66.1201541398693
2017-05-26,69.04849999999999,71.015,69.69600763429955
2017-05-27,73.91749999999998,77.3075,75.03372216134018
2017-05-28,74.09299999999998,78.215,75.45024712361187
2017-05-29,73.742,76.805,74.75055117409588
2017-05-30,73.292,76.66999999999999,74.40427093245049
2017-05-31,73.346,76.31,74.32195353575585
2017-06-01,73.36850000000003,76.41499999999998,74.37161823437255
2017-06-02,74.45750000000002,78.17750000000002,75.68238095580696
2017-06-03,75.002,78.2825,76.08216719772167
2017-06-04,73.2605,77.11250000000003,74.52884447359364
2017-06-05,73.40899999999999,76.70750000000002,74.49509404105625
2017-06-06,73.4855,76.1,74.34637399434335
2017-06-07,68.4365,70.00999999999999,68.95460488816188
2017-06-08,63.7835,68.6225,65.37683304977145
2017-06-09,68.9,73.25,70.33232047251617
2017-06-10,74.32249999999998,76.91,75.17448372934152
2017-06-11,76.1135,76.88,76.36588474532958
2017-06-12,76.0505,76.9625,76.35079339561719
2017-06-13,75.7445,76.9625,76.14554973230453
2017-06-14,77.54899999999999,79.8125,78.29430054931962
2017-06-15,77.7245,80.60749999999999,78.67378274075037
2017-06-16,76.541,76.86500000000002,76.6476831800219
2017-06-17,76.73,78.63499999999998,77.35725758623984
2017-06-18,78.66050000000001,80.495,79.26454411651287
2017-06-19,78.3275,81.14,79.2535692710234
2017-06-20,73.814,76.1825,74.5938738021045
2017-06-21,74.10650000000003,75.7475,74.64683055066646
2017-06-22,74.723,78.74000000000002,76.045673870827
2017-06-23,80.006,82.1225,80.7028979954208
2017-06-24,78.12950000000002,80.1875,78.80713575458353
2017-06-25,73.9265,77.5025,75.10396620913055
2017-06-26,72.5,77.6075,74.18174179617849
2017-06-27,72.0095,76.1,73.35637514777642
2017-06-28,70.8125,76.25,72.60290059064522
2017-06-29,74.66899999999998,77.3075,75.53777645212274
2017-06-30,76.34360000000002,75.98400000000002,76.2251948409387
2017-07-01,77.48150000000003,80.66750000000002,78.53055127021531
2017-07-02,78.773,81.51499999999999,79.67585580129638
2017-07-03,78.7055,78.1925,78.53658496496533
2017-07-04,78.053,80.61500000000002,78.89658736795093
2017-07-05,78.55699999999999,82.92500000000003,79.99524731585072
2017-07-06,79.9205,81.4175,80.41341580399005
2017-07-07,80.771,82.73750000000003,81.41850763429957
2017-07-08,79.39399999999999,81.5375,80.09978826042261
2017-07-09,76.16300000000003,79.2425,77.17698411381923
2017-07-10,78.12950000000002,78.32,78.192225758624
2017-07-11,80.555,80.5475,80.55253048194395
2017-07-12,82.3055,83.21000000000002,82.60332387756112
2017-07-13,82.26500000000001,83.87,82.79347686399736
2017-07-14,82.5575,84.1175,83.07115975566099
2017-07-15,79.6505,81.21607142857144,80.16599425478833
2017-07-16,78.43100000000003,77.405,78.09316992993068
2017-07-17,76.12764285714286,76.7975,76.3482060983786
2017-07-18,76.15014285714284,79.19749999999998,77.15354332215036
2017-07-19,78.18350000000002,79.79749999999999,78.71494028566464
2017-07-20,81.0125,82.235,81.41503144313818
2017-07-21,83.6195,83.4125,83.55134130165267
2017-07-22,83.61500000000002,84.17,83.79774433614863
2017-07-23,80.47442857142858,81.69607142857143,80.87667778393177
2017-07-24,79.4525,79.37,79.42533530138331
2017-07-25,82.37321428571428,81.48499999999999,82.08075279021774
2017-07-26,78.45349999999998,79.43,78.77503125089932
2017-07-27,79.79857142857142,80.07499999999997,79.889590808352
2017-07-28,77.59978571428572,79.845,78.33906534339246
2017-07-29,76.51400000000002,81.76249999999997,78.24216873563245
2017-07-30,73.4585,76.78999999999998,74.5554599205029
2017-07-31,72.6215,75.6275,73.61128283686979
2017-08-01,73.7105,76.10749999999999,74.49975797071752
2017-08-02,75.6455,76.9025,76.05939122619604
2017-08-03,76.1855,78.1775,76.84140399569016
2017-08-04,77.4065,78.52250000000002,77.77396428674209
2017-08-05,77.18,78.545,77.62945228620335
2017-08-06,75.72649999999999,79.3325,76.91384428135477
2017-08-07,77.63385714285717,80.1092857142857,78.44893921667523
2017-08-08,73.814,76.41499999999998,74.67042886184242
2017-08-09,72.815,74.69749999999998,73.43484903207165
2017-08-10,73.82621428571429,77.12,74.91075605827814
2017-08-11,76.487,78.29,77.0806721406774
2017-08-12,78.2195,81.59750000000003,79.3317709324505
2017-08-13,77.108,80.80250000000002,78.32448459441633
2017-08-14,77.16199999999999,80.525,78.26933189633836
2017-08-15,77.69257142857144,80.66571428571429,78.67153542443373
2017-08-16,80.0555,84.68,81.57820483336805
2017-08-17,81.52871428571426,85.62,82.87584814490609
2017-08-18,82.48100000000001,85.11500000000002,83.34829474128912
2017-08-19,79.808,83.44999999999997,81.00719796802389
2017-08-20,79.16342857142857,82.50571428571428,80.2639398940883
2017-08-21,80.3435,82.0175,80.89469643011311
2017-08-22,80.9195,81.89750000000002,81.24152515451054
2017-08-23,79.68199999999999,83.0975,80.8066185227308
2017-08-24,75.2765,79.9625,76.81945488142777
2017-08-25,74.48,78.17,75.69500288358269
2017-08-26,74.57900000000002,79.565,76.22073560367028
2017-08-27,73.0715,78.05,74.71076608561421
2017-08-28,69.61099999999999,73.35500000000002,70.84378341358634
2017-08-29,68.09,72.62,69.58158890586168
2017-08-30,70.8125,73.36250000000003,71.65213613906121
2017-08-31,72.7475,75.4775,73.64640457240671
2017-09-01,72.10400000000001,77.735,73.95811415649165
2017-09-02,68.79650000000001,75.215,70.90991355237819
2017-09-03,70.43450000000001,74.77250000000002,71.86286924362649
2017-09-04,71.663,74.87,72.71896592077226
2017-09-05,73.3955,78.3275,75.0194550736666
2017-09-06,66.173,71.5625,67.94759567508642
2017-09-07,63.176,68.2325,64.84094907339725
2017-09-08,64.0085,68.3675,65.44378389418345
2017-09-09,64.8095,70.4075,66.65274827704496
2017-09-10,61.2725,66.125,62.87027818227235
2017-09-11,62.17699999999999,64.92500000000001,63.08183141574125
2017-09-12,68.53550000000001,71.0225,69.35439218739027
2017-09-13,69.85400000000001,68.64750000000001,69.4567368620481
2017-09-14,71.4245,75.04249999999998,72.61579551024448
2017-09-15,71.7215,74.36,72.59027645212275
2017-09-16,72.986,75.79249999999998,73.91009365657854
2017-09-17,72.779,75.8675,73.79594753548649
2017-09-18,72.22550000000003,75.64250000000001,73.35061242634204
2017-09-19,72.311,75.6425,73.4079599205029
2017-09-20,75.31700000000002,78.125,76.24158756018977
2017-09-21,74.714,78.89250000000001,76.08985082630088
2017-09-22,74.31800000000001,76.75999999999998,75.12207507905391
2017-09-23,74.3675,76.6625,75.12317252515508
2017-09-24,73.8185,75.22999999999998,74.28326329815093
2017-09-25,72.86,76.41500000000002,74.03055155857358
2017-09-26,74.093,78.68,75.60335724308774
2017-09-27,77.11250000000003,79.82750000000001,78.0064655362946
2017-09-28,77.558,80.08250000000002,78.38923977767061
2017-09-29,70.6325,77.06750000000002,72.75134649210152
2017-09-30,66.8255,74.0375,69.20018856270958
2017-10-01,59.0405,64.7,60.90399832510467
2017-10-02,61.367,67.595,63.4176877937542
2017-10-03,62.906000000000006,69.815,65.18092003324466
2017-10-04,63.896,69.5,65.74122389148981
2017-10-05,65.77250000000001,70.86500000000002,67.44930276006636
2017-10-06,69.67464285714286,74.37571428571428,71.22256029390232
2017-10-07,71.80057142857143,76.225,73.25739892789159
2017-10-08,75.21799999999998,78.47,76.28878302910863
2017-10-09,77.90899999999999,78.59,78.13323223949045
2017-10-10,77.5535,78.82249999999998,77.97134245508575
2017-10-11,76.74350000000003,78.89,77.45027606764506
2017-10-12,73.5575,77.915,74.99228999057225
2017-10-13,67.18614285714287,72.7325,69.01238673843037
2017-10-14,67.30699999999999,69.575,68.05378226015326
2017-10-15,69.9575,71.0,70.30076300979266
2017-10-16,63.1985,67.91,64.74985124281838
2017-10-17,53.1815,57.102500000000006,54.47256403970942
2017-10-18,53.5055,56.78,54.58369158327683
2017-10-19,56.858000000000004,59.705,57.79542905408128
2017-10-20,60.1655,62.00750000000001,60.77201363456892
2017-10-21,60.5885,63.29,61.478020403793664
2017-10-22,62.860785714285704,67.23821428571429,64.3021375671212
2017-10-23,67.874,70.7525,68.82180102991674
2017-10-24,61.1735,61.7975,61.378963902264395
2017-10-25,52.3355,54.095,52.914848935952236
2017-10-26,50.5535,52.4975,51.19359908013137
2017-10-27,53.18899999999999,56.64928571428571,54.32836507340843
2017-10-28,60.242,61.175,60.54920804617415
2017-10-29,54.347,54.8,54.49615889058617
2017-10-30,45.5135,46.235,45.7510676369932
2017-10-31,53.1545,56.285,54.18527683660044
2017-11-01,57.758,60.17,58.552197006829665
2017-11-02,63.869,65.2475,64.32289741870427
2017-11-03,63.9275,66.17750000000001,64.66835541681871
2017-11-04,62.0285,66.935,63.644058712276006
2017-11-05,59.9945,64.19749999999999,61.37841791861735
2017-11-06,64.84100000000001,66.64250000000001,65.43417823706619
2017-11-07,61.888999999999996,68.06,63.920919456528125
2017-11-08,48.425,55.895,50.88463998383813
2017-11-09,48.6635,50.45,49.25173920095405
2017-11-10,49.1225,53.31607142857143,50.503313381632594
2017-11-11,38.714,46.235,41.19043270661935
2017-11-12,43.4975,49.21250000000001,45.37927275871954
2017-11-13,49.5275,53.20249999999999,50.73756384747056
2017-11-14,46.535,49.4225,47.485764451584004
2017-11-15,45.5045,48.08750000000001,46.35500201850788
2017-11-16,50.8145,51.43250000000001,51.01798828781954
2017-11-17,46.8365,50.2925,47.97445392023354
2017-11-18,52.14457142857143,55.1375,53.1300502482578
2017-11-19,52.727,57.155,54.18500346029922
2017-11-20,41.5715,44.945,42.68228922161685
2017-11-21,49.073,52.18250000000001,50.09686218604346
2017-11-22,53.730500000000006,57.86750000000001,55.09268615972402
2017-11-23,42.404,47.6225,44.1222906634082
2017-11-24,42.5435,45.785,43.61082570383016
2017-11-25,46.58,48.02500000000001,47.05579381213469
2017-11-26,49.496,52.08800000000001,50.34946544017516
2017-11-27,44.078,47.4425,45.18582579994958
2017-11-28,46.1435,50.0525,47.43061281081971
2017-11-29,52.448,57.7475,54.19296145841367
2017-11-30,51.3905,57.155,53.28857157788955
2017-12-01,56.07050000000001,59.8775,57.32402736525726
2017-12-02,51.5435,58.9175,53.97153015272053
2017-12-03,51.961999999999996,55.2425,53.04216719772168
2017-12-04,48.27200000000001,53.3225,49.93497345895241
2017-12-05,56.1065,58.7225,56.967867897954555
2017-12-06,50.17100000000001,57.32000000000001,52.52494461103866
2017-12-07,43.115,45.485,43.895367705715714
2017-12-08,37.696999999999996,41.0825,38.81174045050656
2017-12-09,34.3715,38.0825,35.59341753413967
2017-12-10,33.233000000000004,36.6725,34.365520980510205
2017-12-11,38.516,42.0275,39.6722283538484
2017-12-12,42.6335,47.68250000000001,44.29597955534119
2017-12-13,33.6065,38.84,35.32972969952032
2017-12-14,43.76300000000001,47.1725,44.88564290828596
2017-12-15,38.2775,47.45,41.29772058256429
2017-12-16,36.931999999999995,40.0025,37.94302069215193
2017-12-17,40.883,45.2825,42.331619291686195
2017-12-18,49.1315,57.7625,51.973421378916576
2017-12-19,54.455,61.37000000000001,56.73189564768951
2017-12-20,53.9735,60.575,56.14716979294611
2017-12-21,48.1505,54.2,50.142413264019915
2017-12-22,50.27,54.8975,51.793692640590486
2017-12-23,58.648999999999994,59.885,59.05597657563907
2017-12-24,50.648,56.9225,52.71399880570179
2017-12-25,37.6205,42.68,39.286436880619675
2017-12-26,35.429,41.15,37.31274837316438
2017-12-27,36.0995,43.1,38.40454815352862
2017-12-28,27.014,36.0725,29.996683908112132
2017-12-29,30.434,36.32,32.37207777039775
2017-12-30,38.2505,40.6325,39.034818934605404
2017-12-31,29.372,37.59,32.07793325129608
2018-01-01,21.218000000000004,28.2575,23.535889647420145
2018-01-02,20.4395,24.3725,21.734515268599104
2018-01-03,23.6255,26.525,24.58021568047371
2018-01-04,24.6065,27.335,25.504910668795493
2018-01-05,20.8085,25.4375,22.332686544201696
2018-01-06,19.1525,25.77285714285714,21.332378866915626
2018-01-07,19.1255,24.725,20.96924218065617
2018-01-08,31.465785714285715,37.265,33.37528763289189
2018-01-09,45.3785,51.27500000000001,47.32003509567624
2018-01-10,49.928000000000004,55.9925,51.92485230013204
2018-01-11,54.3515,60.62750000000001,56.417992709313
2018-01-12,63.191428571428574,63.785,63.38687328615122
2018-01-13,40.39700000000001,42.035,40.93634274344402
2018-01-14,26.6855,33.395,28.8947308529534
2018-01-15,27.6485,32.9075,29.380126060910932
2018-01-16,34.295,38.045,35.529759028031194
2018-01-17,29.9615,36.1625,32.00329752875237
2018-01-18,24.476,31.9025,26.92131677911296
2018-01-19,36.329,39.38,37.333599945206174
2018-01-20,42.0395,44.6075,42.88506298239575
2018-01-21,47.93,51.1325,48.984484209938636
2018-01-22,49.5005,52.6625,50.541648812435895
2018-01-23,58.8335,62.33,59.98478931773628
2018-01-24,43.5155,47.585,44.85546049721945
2018-01-25,38.8805,43.0175,40.24268615972401
2018-01-26,40.298,44.33,41.625612906939125
2018-01-27,47.1275,53.39,49.18954757681208
2018-01-28,53.267,56.66,54.384209968562615
2018-01-29,48.1775,54.9425,50.40500528656826
2018-01-30,34.871,40.9925,36.88662063735811
2018-01-31,33.0485,37.23,34.4253386335233
2018-02-01,45.545,53.645,48.21207950054737
2018-02-02,39.1235,50.1275,42.746776891854715
2018-02-03,30.2405,35.7575,32.05707748203948
2018-02-04,39.866,47.01875,42.221179370066686
2018-02-05,41.1485,46.36625,42.866543711602596
2018-02-06,44.744,55.6925,48.34900245823985
2018-02-07,54.92125,60.155,56.64456201678886
2018-02-08,43.52,54.605,47.16994768686018
2018-02-09,43.151,53.2925,46.49028231540754
2018-02-10,54.1805,60.545,56.27613302237453
2018-02-11,65.8895,67.5425,66.43378177955614
2018-02-12,58.648999999999994,65.1575,60.792047769050924
2018-02-13,43.4075,48.86375,45.204074385785376
2018-02-14,47.606,55.5425,50.21924400692521
2018-02-15,63.3515,65.51,64.06222729653476
2018-02-16,65.813,69.7625,67.11344820832245
2018-02-17,48.9605,60.74,52.839125058851565
2018-02-18,50.99,60.71000000000001,54.19049540065684
2018-02-19,51.6965,60.6475,54.64378748264191
2018-02-20,62.675,66.11000000000001,63.80603926967657
2018-02-21,67.352,70.3925,68.3531426199277
2018-02-22,67.892,70.4225,68.72521539211544
2018-02-23,60.9275,68.3425,63.36903018476033
2018-02-24,65.444,69.1625,66.66838705219573
2018-02-25,65.75,68.36,66.6093922835097
2018-02-26,56.6925,61.3475,58.22524754012939
2018-02-27,47.147,55.925,50.0373239328154
2018-02-28,50.1485,56.17999999999999,52.134486420685356
2018-03-01,55.283,63.08000000000001,57.85031097108244
2018-03-02,50.18,56.0975,52.128449746233215
2018-03-03,45.44375,50.6225,47.14895221771107
2018-03-04,45.2525,49.235,46.56381408776912
2018-03-05,44.285,48.7175,45.74448517113286
2018-03-06,43.871,53.51000000000001,47.04482460565137
2018-03-07,44.0375,50.2925,46.09707805875602
2018-03-08,37.805,42.2375,39.26448517113286
2018-03-09,39.1865,43.16,40.49485066610185
2018-03-10,48.1505,52.895,49.71271712226506
2018-03-11,45.6935,53.63,48.3067440069252
2018-03-12,37.9895,45.8,40.561256103583354
2018-03-13,39.731,44.51,41.304576905322946
2018-03-14,36.635,42.9125,38.70198661292421
2018-03-15,45.77,50.15000000000001,47.21219854474043
2018-03-16,57.13250000000001,62.2775,58.82658938645879
2018-03-17,55.3775,60.11749999999999,56.938235411431414
2018-03-18,54.81050000000001,64.35499999999999,57.95320867814498
2018-03-19,56.0795,60.38,57.49552165334616
2018-03-20,53.5505,65.375,57.443942167187934
2018-03-21,38.345,48.2525,41.607233352058394
2018-03-22,41.4725,46.655,43.178936976739095
2018-03-23,43.9025,49.805,45.84601071012109
2018-03-24,40.9775,53.8025,45.20037587586666
2018-03-25,41.7515,48.125,43.8500964440418
2018-03-26,44.2085,49.55750000000001,45.96976027758368
2018-03-27,44.951,51.3425,47.05552328737635
2018-03-28,58.0055,61.235,59.068874474940465
2018-03-29,65.822,67.7225,66.44777587540621
2018-03-30,63.3065,64.5875,63.72829368397546
2018-03-31,51.9575,57.1775,53.676284567019415
2018-04-01,58.82899999999999,61.7825,59.80149621047735
2018-04-02,66.1415,67.985,66.74850753818012
2018-04-03,61.4345,69.2675,64.01366465775155
2018-04-04,63.7565,68.3375,65.2648816286429
2018-04-05,49.0415,54.1175,50.712869820343016
2018-04-06,55.58,60.0875,57.06418035169348
2018-04-07,52.7135,61.7375,55.68482412505425
2018-04-08,42.035,47.74250000000001,43.91430324066347
2018-04-09,48.308,50.78,49.12195315127816
2018-04-10,51.341,55.955,52.86024750808958
2018-04-11,52.4021,56.083999999999996,53.614435804082134
2018-04-12,58.631,61.0025,59.41186160932692
2018-04-13,65.55199999999999,66.275,65.79006154060441
2018-04-14,68.126,70.1825,68.8031418509723
2018-04-15,67.892,69.50750000000001,68.42393418927584
2018-04-16,51.395,51.5825,51.456737951401564
2018-04-17,49.901,54.74,51.49433304977144
2018-04-18,66.344,70.9175,67.84991211058683
2018-04-19,63.518,69.7475,65.56918169736541
2018-04-20,51.9485,55.58,53.1442406427454
2018-04-21,54.3335,57.3575,55.32920968020435
2018-04-22,57.290000000000006,61.7375,58.75442420724498
2018-04-23,57.9965,61.1675,59.040612234103165
2018-04-24,59.369,66.68214285714285,61.77699177763705
2018-04-25,61.7405,67.445,63.618815433441036
2018-04-26,60.93950000000001,64.6175,62.150551654693004
2018-04-27,61.268,64.6325,62.375825799949574
2018-04-28,63.527,66.6725,64.56271587271256
2018-04-29,57.5915,62.3675,59.16408909810052
2018-04-30,56.398999999999994,59.795,57.517197775785036
2018-05-01,64.40964285714286,65.8475,64.88308474731939
2018-05-02,68.46350000000001,69.7475,68.88628149119789
2018-05-03,68.59957142857144,70.6625,69.27883000930608
2018-05-04,71.23100000000001,72.05000000000003,71.50067137172202
2018-05-05,70.41650000000001,72.05000000000003,70.95436103261041
2018-05-06,69.41300000000001,73.2125,70.66405784720122
2018-05-07,65.7185,70.4675,67.2821988330987
2018-05-08,63.83750000000001,69.5975,65.73408986705591
2018-05-09,67.7942857142857,71.91142857142857,69.14993353096604
2018-05-10,72.11771428571429,75.41499999999998,73.20340850003763
2018-05-11,72.63499999999998,75.9125,73.71417939049924
2018-05-12,76.4555,77.8175,76.90396447898092
2018-05-13,77.46625,78.905,77.9399858804213
2018-05-14,77.27125000000002,77.99000000000002,77.50791214703933
2018-05-15,74.19650000000001,74.4425,74.27750019223886
2018-05-16,71.83000000000001,74.54,72.72231919092388
2018-05-17,71.6225,74.8775,72.69427083633107
2018-05-18,72.914,74.855,73.55311127290895
2018-05-19,72.3875,74.00321428571428,72.91950474693458
2018-05-20,73.607,73.7,73.63762202389518
2018-05-21,73.31450000000002,76.30250000000002,74.29835599353527
2018-05-22,74.102,75.71000000000002,74.63146467121979
2018-05-23,76.30699999999999,77.5175,76.70558021424847
2018-05-24,73.76,75.01249999999997,74.1724095153624
2018-05-25,72.00285714285712,74.6825,72.88518066545883
2018-05-26,74.5925,77.39750000000002,75.51609975296734
2018-05-27,75.81585714285714,75.41000000000003,75.6822209371948
2018-05-28,71.89399999999999,74.44999999999997,72.73561175350605
2018-05-29,73.50885714285717,76.79142857142857,74.5897063979467
2018-05-30,76.70492857142858,77.6375,77.01199550228525
2018-05-31,76.2305,77.78,76.74070243038248
2018-06-01,76.90100000000002,79.0625,77.6127151037572
2018-06-02,75.83449999999998,78.36500000000002,76.66771539211544
2018-06-03,77.5355,80.78,78.60381351105258
2018-06-04,74.876,79.95500000000001,76.54835762756544
2018-06-05,72.35600000000001,76.48249999999999,73.71472883444551
2018-06-06,74.2325,77.83250000000002,75.41786866690995
2018-06-07,74.381,79.4192857142857,76.03995167240394
2018-06-08,77.252,78.4625,77.65058021424848
2018-06-09,76.4195,78.4325,77.08231864624715
2018-06-10,77.5805,77.915,77.69064050530038
2018-06-11,75.17750000000002,80.02250000000002,76.77280866421631
2018-06-12,68.4455,73.30250000000002,70.04475989310599
2018-06-13,74.3135,77.47999999999998,75.35613052326953
2018-06-14,79.0655,80.6075,79.57323291232642
2018-06-15,78.089,81.44,79.19238066744866
2018-06-16,78.017,80.705,78.90207527129274
2018-06-17,80.555,82.13,81.07359879177311
2018-06-18,82.00399999999999,83.0525,82.34923862423751
2018-06-19,83.77700000000002,83.57750000000001,83.71131081970876
2018-06-20,81.31485714285716,84.845,82.47722401301634
2018-06-21,80.411,84.20750000000002,81.66107003997878
2018-06-22,80.60900000000002,82.73000000000002,81.30737970625447
2018-06-23,79.71350000000002,80.9825,80.13134245508576
2018-06-24,80.735,84.095,81.84134408911594
2018-06-25,77.92699999999998,79.4,78.41201334621064
2018-06-26,72.78800000000003,76.9175,74.14771664166796
2018-06-27,74.39450000000002,77.50999999999998,75.42033780048831
2018-06-28,78.7325,79.19749999999998,78.88561011947586
2018-06-29,80.564,81.965,81.02530597287245
2018-06-30,81.40100000000002,81.455,81.41878053000367
2018-07-01,81.779,80.8775,81.4821639296613
2018-07-02,81.33800000000002,81.69,81.45390271409786
2018-07-03,86.18,86.78,86.377561444485
2018-07-04,81.0635,81.605,81.2417992036477
2018-07-05,80.465,81.785,80.89963517786698
2018-07-06,77.61842857142858,81.32750000000001,78.83971108663955
2018-07-07,73.868,76.745,74.81530712630553
2018-07-08,71.28800000000003,76.33,72.94817467182222
2018-07-09,74.02100000000002,79.9025,75.95759605956412
2018-07-10,77.459,80.93,78.60189295634567
2018-07-11,81.545,84.965,82.67110023356445
2018-07-12,78.8945,83.12,80.28582647278553
2018-07-13,78.071,80.07499999999997,78.73085522457986
2018-07-14,77.513,81.425,78.80110061804214
2018-07-15,79.3445,81.5075,80.05670900736838
2018-07-16,79.0025,80.13499999999998,79.37539722646541
2018-07-17,79.35049999999998,79.61,79.43594532473975
2018-07-18,79.2185,81.04250000000002,79.81908679123438
2018-07-19,76.964,79.445,77.78091657294543
2018-07-20,76.0867142857143,78.685,76.94224941721262
2018-07-21,76.0325,78.78714285714288,76.93951870316235
2018-07-22,75.5015,78.2525,76.40731922296366
2018-07-23,73.84292857142857,76.50642857142857,74.71993675040486
2018-07-24,74.69878571428572,78.48392857142858,75.94511619835103
2018-07-25,75.20642857142856,78.31321428571428,76.22939702712793
2018-07-26,77.612,78.875,78.0278668406409
2018-07-27,79.61514285714286,81.66,80.28845107532337
2018-07-28,78.6695,81.4625,79.58914852407763
2018-07-29,76.21057142857143,79.54249999999998,77.30767246439181
2018-07-30,76.03807142857143,78.62285714285713,76.88916142756884
2018-07-31,75.51757142857143,77.035,76.0172137293618
2018-08-01,76.21185714285716,78.35535714285714,76.91764540327979
2018-08-02,75.23128571428572,77.03542857142857,75.82533416247642
2018-08-03,74.07050000000002,76.5725,74.89433122350242
2018-08-04,77.171,78.5675,77.63082426203881
2018-08-05,79.01599999999998,81.125,79.71042847736473
2018-08-06,78.8765,80.58500000000002,79.43905621317101
2018-08-07,78.971,80.3375,79.42094618981457
2018-08-08,77.19028571428572,81.4925,78.60687182890184
2018-08-09,77.89099999999998,79.73,78.49652582734647
2018-08-10,79.1015,80.44250000000002,79.54304982842396
2018-08-11,78.23750000000003,80.7125,79.0524409585006
2018-08-12,76.84700000000002,80.07499999999997,77.90988057132925
2018-08-13,75.74385714285717,79.09571428571428,76.84752004094081
2018-08-14,75.36328571428572,78.77428571428571,76.48642252618289
2018-08-15,77.999,80.20250000000001,78.72454440487114
2018-08-16,79.574,81.2225,80.1168000687225
2018-08-17,79.30850000000002,81.70249999999999,80.09677016349511
2018-08-18,77.6165,80.00750000000002,78.4037823562727
2018-08-19,77.85050000000003,79.54250000000002,78.4076232734477
2018-08-20,76.95949999999998,81.13250000000002,78.33353984639311
2018-08-21,78.42457142857144,80.96285714285712,79.26035041562126
2018-08-22,76.60399999999998,81.14,78.09756452030652
2018-08-23,71.933,77.795,73.86317531261835
2018-08-24,69.18799999999999,74.9075,71.07125446955315
2018-08-25,72.30199999999998,76.235,73.5970152685991
2018-08-26,75.1955,78.3725,76.24158784854802
2018-08-27,78.29599999999998,79.88,78.81756221344035
2018-08-28,78.96199999999997,80.885,79.59518442957437
2018-08-29,80.015,81.1175,80.37801915424117
2018-08-30,80.654,82.16750000000002,81.15234874371339
2018-08-31,77.68078571428572,81.845,79.05193269667029
2018-09-01,77.95400000000002,81.9425,79.26728970221399
2018-09-02,77.378,81.5075,78.73771664166793
2018-09-03,78.7055,80.6975,79.36140399569017
2018-09-04,79.46600000000001,81.7025,80.2024102843178
2018-09-05,79.6685,81.605,80.30612956207531
2018-09-06,80.07350000000002,81.8075,80.64445257456164
2018-09-07,78.4715,80.7125,79.20939199515145
2018-09-08,77.855,80.54,78.73908746407034
2018-09-09,74.08850000000002,80.89250000000001,76.32884678045981
2018-09-10,74.2235,77.5925,75.33280751078321
2018-09-11,75.77985714285714,78.9082142857143,76.80992840287013
2018-09-12,77.28800000000003,79.415,77.98835532069931
2018-09-13,77.56571428571428,81.94,79.00603129288818
2018-09-14,76.1918,81.095,77.80627212433133
2018-09-15,73.6304,76.1,74.4435629055002
2018-09-16,73.0856,75.5,73.88058725260758
2018-09-18,78.33200000000002,82.60999999999999,79.74061309917799
2018-09-19,75.884,80.50999999999998,77.40719873697927
2018-09-20,79.07600000000001,81.41,79.84451401904661
2018-09-21,75.524,78.2825,76.43228874101973
2018-09-22,75.65450000000001,77.30000000000003,76.1963122615001
2018-09-23,72.44000000000003,75.57,73.47061220206338
2018-09-24,70.52,76.44,72.46927291891856
2018-09-25,73.3325,75.95,74.19436180156578
2018-09-26,74.92099999999998,77.555,75.78829474128909
2018-09-27,74.2865,77.3675,75.30097801743042
2018-09-28,74.0705,77.975,75.35613109998607
2018-09-29,72.482,75.44,73.455977921311
2018-09-30,71.0285,75.59,72.53046088169712
2018-10-01,71.5955,74.2175,72.4588435123994
2018-10-02,71.8115,74.7875,72.79140476464555
2018-10-03,73.643,76.3325,74.52856917490395
2018-10-04,75.5915,77.9975,76.38372139238481
2018-10-05,76.73,79.04,77.49061156126722
2018-10-06,74.70500000000001,78.545,75.96939324470394
2018-10-07,75.668,77.7425,76.35106869430686
2018-10-08,75.61399999999999,77.1425,76.1172877798255
2018-10-09,73.58000000000001,76.41499999999998,74.51347782519157
2018-10-10,74.6105,77.92250000000001,75.70103917355715
2018-10-11,73.211,77.9225,74.76235124281838
2018-10-12,61.2455,66.41,62.94601013340455
2018-10-13,59.063,64.805,60.953663023721354
2018-10-14,58.6175,66.9275,61.353726006117114
2018-10-15,68.86850000000001,72.58250000000002,70.0914053413621
2018-10-16,69.98,75.875,71.92104119206503
2018-10-17,66.0875,74.33000000000001,68.80150034361255
2018-10-18,56.651,63.62750000000001,58.948145695749226
2018-10-19,52.34428571428572,58.04,54.21970828371823
2018-10-20,63.29299999999999,68.915,65.14415073482435
2018-10-21,50.243,55.1675,51.86448555561055
2018-10-22,47.994285714285716,51.93928571428572,49.29325221177452
2018-10-23,55.972571428571435,61.017142857142865,57.633592792298565
2018-10-24,51.11600000000001,56.785,52.98262638130902
2018-10-25,47.054428571428566,52.73214285714286,48.92392429752653
2018-10-26,48.4115,54.4175,50.38909005929475
2018-10-27,52.06100000000001,56.21,53.427137388613716
2018-10-28,53.9285,56.4725,54.76616052461635
2018-10-29,55.50800000000001,60.59,57.181345434787865
2018-10-30,50.39150000000001,54.335,51.6899725938776
2018-10-31,56.2415,59.585,57.34241114939261
2018-11-01,64.37299999999999,67.67000000000002,65.45860013744502
2018-11-02,65.08850000000001,66.38,65.51375100925395
2018-11-03,51.9215,52.595,52.143262721434404
2018-11-04,51.1745,53.9975,52.10402659630188
2018-11-05,58.577,64.5875,60.55607177012838
2018-11-06,64.895,69.2075,66.31497288223586
2018-11-07,59.9945,64.0925,61.34384466583248
2018-11-08,57.86600000000001,63.71000000000001,59.79024846928381
2018-11-09,52.6325,59.72,54.96619456297894
2018-11-10,45.9725,53.465,48.439548538006306
2018-11-11,39.5465,45.9125,41.642626925985745
2018-11-12,43.7045,48.2375,45.1970767130841
2018-11-13,51.30499999999999,53.99000000000001,52.18908746407033
2018-11-14,45.06350000000001,50.2025,46.755613772013945
2018-11-15,41.2025,43.43,41.935946862650525
2018-11-16,37.085,37.745,37.302317588933484
2018-11-22,43.358,48.53,45.06097965146061
2018-11-23,37.0175,44.0075,39.319090828250125
2018-11-24,42.8585,47.2025,44.28884485807133
2018-11-25,47.20100000000001,48.86749999999999,47.74972691205706
2018-11-26,51.026,53.8925,51.96984980102704
2018-11-27,37.3595,39.635,38.10875177820932
2018-11-28,32.036,36.575,33.53055232752895
2018-11-29,38.156,42.56,39.60610100251983
2018-11-30,53.951,53.69750000000001,53.8675302897051
2018-12-01,54.527,54.68,54.57737816834367
2018-12-02,60.035,63.815,61.27963710025543
2018-12-03,56.903,60.83000000000001,58.19603965415427
2018-12-04,44.618,48.3425,45.84436266664058
2018-12-05,39.344,41.45,40.037440670142324
2018-12-06,35.078,37.37000000000001,35.832684717932665
2018-12-07,40.055,41.555,40.548903611212474
2018-12-08,38.9345,42.0875,39.972685390768625
2018-12-09,34.286,38.1725,35.56570425665152
2018-12-10,35.4155,37.745,36.18253230821298
2018-12-11,36.545,40.2425,37.76247240163875
2018-12-12,36.0815,39.5,37.20710632995323
2018-12-13,40.2305,44.5925,41.66677170140588
2018-12-14,44.924,52.67,47.47451824830122
2018-12-15,48.586999999999996,54.08,50.39567502426008
2018-12-16,49.486999999999995,50.0375,49.66826262531497
2018-12-17,48.5555,49.38500000000001,48.828628697000504
2018-12-18,45.0995,47.3825,45.85122129626538
2018-12-19,42.5075,47.93,44.29296155453309
2018-12-20,51.178999999999995,54.155,52.15890476464555
2018-12-21,54.49100000000001,53.5025,54.16551752021098
2018-12-22,44.2805,45.455,44.66722652757937
2018-12-23,42.413000000000004,43.93250000000001,42.91332435815824
2018-12-24,43.4165,46.8425,44.544575848009295
2018-12-25,38.2415,41.675,39.37204536606536
2018-12-26,39.2225,44.075,40.820278182272354
2018-12-27,42.178999999999995,49.265,44.51220065936773
2018-12-28,53.933,60.3875,56.058267239047275
2018-12-29,55.20650000000001,59.27,56.544484882774604
2018-12-30,51.512,56.225,53.06384514642959
2018-12-31,54.938,58.88,56.235978690266386
2019-01-01,63.7655,64.99625,64.17074791299984
2019-01-02,51.548,58.35874999999999,53.79056934671025
2019-01-03,52.01600000000001,57.6275,53.863693409545874
2019-01-04,52.718,57.38,54.25305242364837
2019-01-05,51.5975,52.37375,51.85309511880245
2019-01-06,51.568999999999996,54.995,52.6970758480093
2019-01-07,48.074,54.44375,50.17136168501377
2019-01-08,54.023,56.5025,54.83942266933422
2019-01-09,47.69,51.60875,48.98032318429259
2019-01-10,33.908,39.9875,35.90979133624416
2019-01-11,32.927,36.55625,34.121999787328576
2019-01-12,36.14,40.4375,37.55503384612374
2019-01-13,36.391999999999996,42.755,38.48713911876332
2019-01-14,37.211,41.9,38.754942688650196
2019-01-15,37.5035,44.16125,39.69569117836657
2019-01-16,38.3405,44.9825,40.527505190448835
2019-01-17,38.3045,43.21625,39.92178737491525
2019-01-18,44.968999999999994,50.37125,46.74779385578172
2019-01-19,48.4025,54.005,50.2472299878786
2019-01-20,45.167,47.3225,45.87673948931233
2019-01-21,25.214000000000002,32.25875,27.53361831005939
2019-01-22,28.840999999999998,36.19625,31.262856357580368
2019-01-23,44.051,47.94125,45.33193901567956
2019-01-24,54.211999999999996,56.1875,54.86247105596683
2019-01-25,36.41,41.01125,37.925049327394255
2019-01-26,35.879,40.94375,37.54666554325892
2019-01-27,37.8185,41.94017857142858,39.17564128712377
2019-01-28,41.9,46.1525,43.300216737787366
2019-01-29,41.81,45.87125,43.14724402735778
2019-01-30,32.4725,35.1275,33.346709391846076
2019-01-31,29.6375,37.86125,32.34532654847239
2019-02-01,40.8695,45.005,42.23119225611279
2019-02-02,45.27500000000001,51.17,47.216041192065035
2019-02-03,48.938,53.1725,50.33228989445281
2019-02-04,51.512,54.3875,52.45881322269432
2019-02-05,57.992,60.86750000000001,58.938813222694314
2019-02-06,60.152,61.99250000000001,60.75801973095771
2019-02-07,67.85149999999999,66.93125,67.54849013452115
2019-02-08,61.205,63.9275,62.101435054350645
2019-02-09,41.846,48.9425,44.18265798464621
2019-02-10,37.283,42.5525,39.018083386189424
2019-02-11,46.1075,50.64125,47.60032366488971
2019-02-12,47.038999999999994,55.74875,49.90685131850523
2019-02-13,47.461999999999996,51.46250000000001,48.77924093110367
2019-02-14,46.18850000000001,48.695,47.01381293433605
2019-02-15,56.22800000000001,56.37875,56.277637312926856
2019-02-16,49.073,57.18875,51.745265488465094
2019-02-17,39.614000000000004,46.34375,41.829898551704765
2019-02-18,49.352,55.95125,51.52492893752928
2019-02-19,39.056,44.92625,40.98889178248002
2019-02-20,38.147,43.97,40.06433381872682
2019-02-21,50.675,57.3125,52.8605234796152
2019-02-22,49.4555,57.23375000000001,52.01663717594229
2019-02-23,42.917,49.49375000000001,45.08252038336109
2019-02-24,52.1105,58.3925,54.17896832375785
2019-02-25,47.8265,51.36125,48.990383859822195
2019-02-26,47.91585714285714,53.29625,49.68745411744692
2019-02-27,51.1475,58.19,53.46637745464257
2019-02-28,53.051,58.865,54.96537039705955
2019-03-01,49.4375,59.28125,52.678742448581865
2019-03-02,49.082,58.24625,52.09950411270261
2019-03-03,49.76600000000001,57.32375,52.25453334509406
2019-03-04,42.593,50.945,45.34305530723106
2019-03-05,35.789,41.8775,37.79375475791144
2019-03-06,33.6605,37.95125,35.07331127987328
2019-03-07,38.7005,44.51,40.61338868622591
2019-03-08,44.3705,50.765,46.47601109459878
2019-03-09,45.3695,53.76875,48.135113270984256
2019-03-10,56.461999999999996,62.3975,58.416376589567754
2019-03-11,56.9345,60.935,58.251740931103676
2019-03-12,50.5445,55.63625,52.22105580826074
2019-03-13,52.38200000000001,55.1,53.276953343517015
2019-03-14,60.089,62.67875000000001,60.94172458475834
2019-03-15,64.98628571428571,65.63428571428571,65.1996520743295
2019-03-16,49.785071428571435,53.24,50.92267256051126
2019-03-17,46.175,51.26,47.84933324201028
2019-03-18,45.761,50.3375,47.26789991780926
2019-03-19,43.646,47.5925,44.94546040110002
2019-03-20,44.8835,47.31125,45.682882994747395
2019-03-21,47.7185,53.30750000000001,49.55878485537768
2019-03-22,51.287,54.06125,52.20047472893748
2019-03-23,50.207,54.69125,51.683524845719695
2019-03-24,52.754,56.5025,53.98826512441997
2019-03-25,58.325,61.30625000000001,59.3066334272848
2019-03-26,51.12950000000001,54.57875,52.26523135398309
2019-03-27,45.446000000000005,49.29125,46.71212190734318
2019-03-28,49.676,53.5325,50.945826184427276
2019-03-29,57.8975,58.74125,58.175320781307015
2019-03-30,62.8655,62.8925,62.87439026500183
2019-03-31,57.785,60.0575,58.533263970986894
2019-04-01,43.7495,49.0775,45.503845627026706
2019-04-02,41.4095,47.1875,43.31201671039045
2019-04-03,50.7695,53.55500000000001,51.68667900602156
2019-04-04,59.9045,60.18125000000001,59.99562521626871
2019-04-05,57.398,61.52,58.75524712361189
2019-04-06,61.0565,62.4875,61.527684045096706
2019-04-07,61.952,65.37875,63.080322799814894
2019-04-08,67.10900000000001,67.91,67.37274452838747
2019-04-09,66.90864285714287,68.01285714285714,67.27222647265398
2019-04-10,64.976,67.19,65.7050017301496
2019-04-11,65.957,67.58375,66.49263846635992
2019-04-12,67.55000000000001,70.68875,68.58349330646212
2019-04-13,66.7625,71.74625,68.40349474825345
2019-04-14,70.745,71.9375,71.13765337091391
2019-04-15,59.76050000000001,61.4525,60.31762327344767
2019-04-16,56.012,58.46,56.818050693498755
2019-04-17,64.26050000000001,65.54750000000001,64.68426929842032
2019-04-18,69.20599999999999,68.99,69.1348778799854
2019-04-19,68.08099999999999,68.2475,68.13582330084458
2019-04-20,54.11750000000001,53.42,53.88783482078621
2019-04-21,53.231,55.5575,53.997044500990555
2019-04-22,59.69750000000001,61.93625,60.43465113973463
2019-04-23,66.7805,69.0575,67.53024568182055
2019-04-24,70.44200000000002,72.12875,70.99739461080844
2019-04-25,69.233,70.19375,69.5493452629816
2019-04-26,66.3035,68.9225,67.16585570517698
2019-04-27,61.6595,63.93875,62.40998653723735
2019-04-28,69.48949999999999,68.68625,69.22501461619571
2019-04-29,63.167,69.49625,65.25102628751104
2019-04-30,70.3805,71.87,70.87094628593398
2019-05-01,72.1175,72.30875,72.1804727104296
2019-05-02,72.545,72.64625000000002,72.57833849375685
2019-05-03,70.97,72.70250000000001,71.54045867095041
2019-05-04,71.9735,72.36178571428572,72.10135047764528
2019-05-05,69.66050000000001,73.18625,70.82142043815493
2019-05-06,68.27000000000001,71.13875,69.21459065644386
2019-05-07,68.73349999999999,70.64375000000003,69.3624862488791
2019-05-08,71.01050000000002,72.19624999999998,71.40093080466347
2019-05-09,70.007,71.42,70.47225720176215
2019-05-10,70.2815,72.12875,70.88974229720816
2019-05-11,69.548,72.75874999999998,70.6052006798003
2019-05-12,69.67399999999999,72.26375,70.52672458475833
2019-05-13,68.02250000000001,71.4425,69.14860023356445
2019-05-14,59.945,63.477500000000006,61.108143004405385
2019-05-15,59.415928571428566,63.76839285714286,60.84906045702031
2019-05-16,66.1055,69.8675,67.3442102569209
2019-05-17,73.15700000000002,75.51500000000001,73.93341647682603
2019-05-18,77.1215,77.27,77.17039645751004
2019-05-19,76.7615,76.24625,76.5918441095485
2019-05-20,75.7535,77.0675,76.18615956342214
2019-05-21,75.28550000000001,78.0575,76.19823387352066
2019-05-22,70.3502857142857,74.93,71.85824399697614
2019-05-23,75.10999999999999,78.26,76.14719758354619
2019-05-24,80.25992857142856,81.87125,80.79048688635888
2019-05-25,79.8665,82.90625,80.86739566812209
2019-05-26,81.31421428571429,84.3575,82.31627415520565
2019-05-27,80.5235,84.03125,81.67849359482037
2019-05-28,80.68485714285714,82.18625,81.17921937885146
2019-05-29,81.68,84.065,82.46530674182785
2019-05-30,81.1265,84.1325,82.1162828368698
2019-05-31,76.028,80.195,77.40006423194825
2019-06-01,72.086,77.30375000000002,73.80404371160259
2019-06-02,74.31800000000001,80.12750000000003,76.23088868622592
2019-06-03,73.47650000000002,80.49875,75.7887097558912
2019-06-04,71.465,75.48125,72.78742691902141
2019-06-05,74.5475,75.9425,75.00683035842759
2019-06-06,76.298,75.41375,76.00684382119024
2019-06-07,73.0985,74.255,73.47929968424482
2019-06-08,73.80950000000001,74.89625000000002,74.16733316632346
2019-06-09,72.8555,74.3675,73.35335484010218
2019-06-10,76.172,75.81875000000002,76.05568569955946
2019-06-11,73.337,75.54875000000001,74.0652608747328
2019-06-12,65.84,69.0125,66.88460613771439
2019-06-13,69.575,72.3875,70.5010692710234
2019-06-14,67.9145,70.13750000000002,68.6464651518169
2019-06-15,69.2645,71.85875,70.11870629559198
2019-06-16,76.631,78.74375,77.32666323639278
2019-06-17,79.718,79.82375,79.75282020459048
2019-06-18,77.77850000000002,77.8775,77.81109763834004
2019-06-19,77.531,78.27125000000002,77.77474143213337
2019-06-20,78.3635,79.48625000000001,78.73318685299255
2019-06-21,77.18450000000001,81.12875,78.48321954568321
2019-06-22,73.68350000000002,76.74125000000002,74.69032251145666
2019-06-23,74.25050000000002,76.82,75.09655688600698
2019-06-24,78.458,80.0375,78.97808050260673
2019-06-25,78.55250000000002,79.93625,79.00812608134352
2019-06-26,77.837,79.43,78.36152563510765
2019-06-27,79.65950000000002,79.04750000000001,79.45798732662533
2019-06-28,79.2005,79.0025,79.13530472331995
2019-06-29,78.926,78.94625,78.93266769875137
2019-06-30,81.44,82.22803571428571,81.6994757900334
2019-07-01,81.35600000000001,84.00875,82.22946853642928
2019-07-02,81.653,83.66642857142858,82.31595976156464
2019-07-03,81.851,83.98785714285717,82.55460097300156
2019-07-04,79.82407142857143,81.5675,80.39812854011781
2019-07-05,77.6255,77.88875,77.71218008376779
2019-07-06,79.628,79.11500000000002,79.45908496496533
2019-07-07,80.87,80.31875,80.68849042287941
2019-07-08,81.5135,83.37875,82.12766914054272
2019-07-09,77.351,80.88125,78.51340214898855
2019-07-10,80.555,80.25125,80.45498451872947
2019-07-11,79.934,81.12875,80.32739422633074
2019-07-12,80.4425,81.4325,80.76847638340023
2019-07-13,80.3255,80.19339285714288,80.28200120338394
2019-07-14,82.1525,80.24000000000002,81.5227728957041
2019-07-15,82.12550000000002,80.88125,81.71580695449926
2019-07-16,81.6215,82.70375,81.9778514554898
2019-07-17,82.15700000000002,81.51125000000002,81.94437449537304
2019-07-18,81.59899999999999,81.32,81.50713392831446
2019-07-19,83.19907142857143,82.0625,82.82483360658986
2019-07-20,80.89699999999999,80.85874999999999,80.88440545791407
2019-07-21,83.1335,83.12,83.1290548674991
2019-07-22,81.5855,82.01750000000001,81.7277442400292
2019-07-23,73.0895,77.07874999999999,74.40303665401957
2019-07-24,72.23899999999999,74.01875000000003,72.8250166347036
2019-07-25,73.9085,76.49375,74.75974287392471
2019-07-26,74.48899999999999,77.0675,75.33802030767424
2019-07-27,75.02,78.06875,76.02385908978935
2019-07-28,77.0,78.54125,77.50748596052082
2019-07-29,78.12049999999998,78.17000000000002,78.13679881917
2019-07-30,77.2025,76.4825,76.96542626661801
2019-07-31,77.40950000000002,79.38499999999998,78.05997105596684
2019-08-01,75.7355,78.76625,76.73343224645481
2019-08-02,74.372,75.61625000000002,74.78169304550076
2019-08-03,76.244,77.27,76.58183007006933
2019-08-04,76.23949999999998,75.98750000000003,76.1565241933163
2019-08-05,75.6545,76.2575,75.85304925170742
2019-08-06,77.1395,79.07,77.77515394763046
2019-08-07,79.6145,81.81500000000003,80.3390565976487
2019-08-08,79.3355,82.59125,80.40751778813666
2019-08-09,80.843,83.255,81.63719700682965
2019-08-10,79.43,82.445,80.42274625853709
2019-08-11,78.90800000000002,81.12875,79.63922429640007
2019-08-12,79.6055,82.07375,80.41821839225014
2019-08-13,80.888,83.53625,81.75998682559562
2019-08-14,79.556,80.38625,79.8293756488061
2019-08-15,79.502,81.55625,80.17840099555549
2019-08-16,78.4715,81.2525,79.38719729518793
2019-08-17,77.9945,79.23875000000002,78.40419304550075
2019-08-18,79.556,78.305,79.1440843882488
2019-08-19,79.71992857142858,79.23875,79.5614913487175
2019-08-20,78.3545,78.0575,78.25670708497992
2019-08-21,78.14750000000002,81.69125,79.31434728148947
2019-08-22,78.07357142857144,81.29750000000001,79.13511140438453
2019-08-23,78.72800000000001,80.43125,79.28882755053178
2019-08-24,69.2105,74.94125,71.09745874663726
2019-08-25,68.801,71.00375,69.52629745306552
2019-08-26,70.32650000000001,73.34375,71.3199871139539
2019-08-27,71.4965,73.74875,72.23809627223552
2019-08-28,76.343,78.63125,77.09644995890463
2019-08-29,73.2065,76.3475,74.24073416187892
2019-08-30,72.38171428571428,74.72428571428571,73.15305061111067
2019-08-31,75.44300000000001,76.82,75.89640351509306
2019-09-01,74.44850000000002,77.13499999999998,75.33308136768154
2019-09-02,76.55000000000003,77.135,76.7426224083729
2019-09-03,78.2645,79.6325,78.71494009342577
2019-09-04,78.02600000000002,78.44000000000003,78.16231739669466
2019-09-05,77.13242857142858,77.55125,77.27033351544496
2019-09-06,77.52199999999998,80.88125,78.62809713731032
2019-09-07,77.6345,81.33125000000003,78.85172544983315
2019-09-08,77.92892857142857,80.76875000000003,78.8639939439419
2019-09-09,78.64699999999999,81.3875,79.54936189768519
2019-09-10,78.8765,80.69,79.47362946595587
2019-09-11,79.5335,80.36375,79.8068756488061
2019-09-12,80.69,80.33000000000001,80.571463133309
2019-09-13,76.79171428571429,77.72,77.09737006339607
2019-09-14,75.506,76.8875,75.96088522592669
2019-09-15,77.54899999999999,78.69875,77.92757711799436
2019-09-16,77.8775,79.66625,78.46648005637087
2019-09-17,77.27000000000002,79.94267857142857,78.15003039869254
2019-09-18,71.17571428571429,74.19714285714286,72.1705772740137
2019-09-19,65.993,69.00125000000001,66.98352369228661
2019-09-20,65.732,68.8775,66.76771587271256
2019-09-21,71.9857142857143,73.34857142857143,72.43446099533021
2019-09-22,73.23349999999998,72.87125,73.11422227789217
2019-09-23,74.02550000000002,73.8725,73.97512183165635
2019-09-24,76.10900000000002,77.57375,76.591296876349
2019-09-25,73.238,77.81,74.74341820697562
2019-09-26,77.459,79.68875,78.19318771806734
2019-09-27,78.03049999999998,80.375,78.80247134432508
2019-09-28,77.60300000000001,78.15875000000003,77.78599128795425
2019-09-29,79.54250000000002,79.3175,79.46841445831814
2019-09-30,76.8695,78.67625,77.46440689970541
2019-10-01,76.9325,79.12625,77.65483403139825
2019-10-02,75.1796,75.72200000000002,75.35819554581444
2019-10-03,78.25485714285716,78.85849999999998,78.45361806754079
2019-10-04,81.3092,83.22714285714288,81.94071926882803
2019-10-05,64.9625,70.59875,66.81834281913088
2019-10-06,67.09100000000001,68.41624999999999,67.52736384050621
2019-10-07,71.39750000000002,71.06,71.28637168747721
2019-10-08,66.056,70.61,67.55549136364107
2019-10-09,64.3055,66.66125,65.08117562140919
2019-10-10,64.1075,66.32375,64.83724258556643
2019-10-11,63.81949999999999,66.45875,64.68852340392834
2019-10-12,67.586,69.7325,68.29277606764505
2019-10-13,65.1875,68.93375,66.42102426900315
2019-10-14,65.0615,68.7875,66.28835657025179
2019-10-15,61.3895,65.93,62.884546231140156
2019-10-16,61.502,67.15625,63.36376966246542
2019-10-17,53.6405,57.75125000000001,54.99404284652779
2019-10-18,53.428999999999995,56.93,54.58177102856991
2019-10-19,53.735,57.70946428571428,55.043668175566204
2019-10-20,62.3975,65.88499999999999,63.545825896069005
2019-10-21,62.86807142857143,66.21125,63.968876741475924
2019-10-22,66.61850000000001,71.3075,68.1624426886502
2019-10-23,56.6735,59.66375000000001,57.65809684895207
2019-10-24,54.5855,60.24875,56.4502330841327
2019-10-25,59.88285714285715,65.765,61.81966487539749
2019-10-26,65.9975,70.45249999999999,67.46439372530105
2019-10-27,72.77321428571429,74.435,73.32038892927898
2019-10-28,64.562,68.36000000000001,65.81256394358999
2019-10-29,64.0805,67.83125000000001,65.3155059798368
2019-10-30,65.81300000000002,67.97749999999999,66.5257029109796
2019-10-31,71.42,71.92625,71.58669246878421
2019-11-01,47.6195,50.135,48.44777635600332
2019-11-02,47.525,51.935,48.97707661696467
2019-11-03,47.093,49.62875,47.92794405475469
2019-11-04,48.776,53.18375,50.227335761547856
2019-11-05,57.5195,61.115,58.7033869560763
2019-11-06,55.8995,60.120178571428575,57.28923892546379
2019-11-07,52.934,58.67,54.8226874092765
2019-11-08,47.1515,53.8925,49.37110282878886
2019-11-09,38.3855,42.125,39.616801702752696
2019-11-10,46.2155,47.87375,46.761510442195394
2019-11-11,53.339,54.77,53.810184045096705
2019-11-12,44.825,49.685,46.42524770032842
2019-11-13,31.0145,34.55375,32.179865570655835
2019-11-14,36.5225,38.98625,37.33373668141649
2019-11-15,45.2705,47.1875,45.901708815129545
2019-11-16,47.038999999999994,48.86375,47.63983374303997
2019-11-17,46.74714285714286,49.80875,47.7552354064569
2019-11-18,45.5405,48.13249999999999,46.39396544017515
2019-11-19,47.2055,50.64125,48.33678622148218
2019-11-20,48.4475,50.68625,49.18465113973462
2019-11-21,46.949,51.00125,48.2832806056905
2019-11-22,54.11814285714286,56.055714285714295,54.756125207511886
2019-11-23,51.92857142857143,57.99714285714286,53.92676432421961
2019-11-24,48.6635,51.18125000000001,49.492517211420136
2019-11-25,45.2165,47.0525,45.82103802012407
2019-11-26,49.88942857142857,51.15714285714286,50.30684768056185
2019-11-27,56.3,56.82875,56.4741010229524
2019-11-28,51.3905,55.83875,52.8551711590506
2019-11-29,47.623999999999995,51.76625,48.987914822363244
2019-11-30,50.1575,54.6125,51.62439372530105
2019-12-01,54.50899999999999,58.3475,55.77289934109272
2019-12-02,44.3975,47.4575,45.405063366873456
2019-12-03,40.95050000000001,42.36125,41.41501634634534
2019-12-04,45.41,47.31125,46.0360228272118
2019-12-05,46.63399999999999,50.70875,47.97568915985868
2019-12-06,45.365,47.73553571428572,46.145544099862576
2019-12-07,45.8015,51.56375,47.698830722472714
2019-12-08,41.747,47.0075,43.47911996452215
2019-12-09,48.065,51.24875,49.11331041479848
2019-12-10,58.5095,60.24875,59.08218123720086
2019-12-11,41.864,47.885,43.84652909540687
2019-12-12,36.5585,41.55125,38.202458169920725
2019-12-13,39.3845,42.8675,40.53134418523537
2019-12-14,48.82871428571429,50.45160714285714,49.363082714216816
2019-12-15,46.0175,49.17875,47.05840186063029
2019-12-16,53.4695,54.96285714285714,53.96121632379139
2019-12-17,59.7245,61.25,60.22679997260309
2019-12-18,39.515,42.53,40.507746258537075
2019-12-19,34.6415,37.805,35.68314271604711
2019-12-20,38.975,40.51625,39.48248596052082
2019-12-21,40.0685,45.2525,41.775430880350314
2019-12-22,40.4195,44.9375,41.90713767697197
2019-12-23,48.27200000000001,54.5,50.3226877937542
2019-12-24,54.707,59.2475,56.202046231140166
2019-12-25,46.4315,49.64,47.48795982438348
2019-12-26,49.3745,53.58875000000001,50.76212219570145
2019-12-27,51.4235,56.80625000000001,53.19587310883597
2019-12-28,56.12000000000001,58.73,56.97939228350972
2019-12-29,62.79350000000001,64.3775,63.31506221344037
2019-12-30,64.2785,63.5675,64.04438968828529
2019-12-31,47.5385,50.14625,48.39715142809288
2020-01-01,44.0645,47.0075,45.03353888519887
2020-01-02,44.672,48.005,45.769453824114116
2020-01-03,53.9915,59.585,55.83326656621132
2020-01-04,55.8455,59.5175,57.054576040248136
2020-01-05,42.1295,44.045,42.76021491151833
2020-01-06,44.9015,47.345,45.70606898266512
2020-01-07,43.511,49.4375,45.462413167900486
2020-01-08,43.681999999999995,46.0325,44.45594695876994
2020-01-09,42.035,47.4125,43.805644446196716
2020-01-10,51.8765,55.7575,53.15439327674375
2020-01-11,64.71714285714286,63.17,64.20771656100656
2020-01-12,65.1515,66.545,65.61033645481639
2020-01-13,61.91985714285714,64.03999999999999,62.6179546184766
2020-01-14,63.24800000000001,65.63321428571429,64.03337729948659
2020-01-15,60.233000000000004,65.015,61.80756471254537
2020-01-16,57.89750000000001,64.27250000000001,59.996590347653026
2020-01-17,41.612,47.5775,43.576254661792014
2020-01-18,40.8875,46.1975,42.63591878369216
2020-01-19,47.894,52.16,49.29866187028828
2020-01-20,30.5735,35.5625,32.21622341089269
2020-01-21,29.03,33.0125,30.341314087769124
2020-01-22,33.1565,36.6875,34.319149100794164
2020-01-23,38.4305,42.2525,39.688966401369385
2020-01-24,47.7455,50.71250000000001,48.72244134297827
2020-01-25,47.821999999999996,48.4775,48.037835878099855
2020-01-26,41.1755,44.39,42.23393543882833
2020-01-27,43.115,49.77500000000001,45.307932033783395
2020-01-28,43.727,45.7925,44.40710527263957
2020-01-29,41.620357142857145,43.4675,42.22856416123594
2020-01-30,42.3995,46.235,43.6624115338703
2020-01-31,37.4765,40.040000000000006,38.320581271562126
2020-02-01,42.196999999999996,43.9475,42.77338551428495
2020-02-02,47.8535,49.655,48.44667823706618
2020-02-03,56.849,58.565,57.41402573122707
2020-02-04,60.375714285714295,60.13785714285714,60.297395284507736
2020-02-05,61.0385,62.7875,61.61439161067375
2020-02-06,61.07449999999999,65.675,62.58930237558866
2020-02-07,49.082,49.91,49.35463479338929
2020-02-08,35.2535,38.03,36.16771558435429
2020-02-09,40.388000000000005,41.0675,40.61173833587925
2020-02-10,48.63200000000001,51.2825,49.50472768101245
2020-02-11,62.9555,67.00999999999999,64.29052146110732
2020-02-12,54.986,62.70500000000001,57.527627983299396
2020-02-13,60.242,63.8675,61.435765028300544
2020-02-14,43.826,50.33,45.96756605821729
2020-02-15,35.8205,42.47,38.009974708504906
2020-02-16,42.0215,45.0125,43.006343800757676
2020-02-17,48.398,51.4175,49.39222796937071
2020-02-18,52.457,55.77500000000001,53.54951478800201
2020-02-19,50.7785,55.0775,52.19402774973495
2020-02-20,39.1595,42.4925,40.25695382411412
2020-02-21,33.062,37.835,34.6336012908781
2020-02-22,37.13,38.4125,37.55228758758667
2020-02-23,43.925,45.53,44.453476863997345
2020-02-24,48.3215,51.155,49.254483921580366
2020-02-25,54.7475,57.455,55.63899601823852
2020-02-26,55.355,57.1925,55.96003192373527
2020-02-27,41.9945,44.54,42.83265442822757
2020-02-28,39.5375,43.2125,40.747563847470566
2020-02-29,39.4025,44.24,40.995339146160234
2020-03-01,41.09,43.6625,41.937044693229396
2020-03-02,52.349,51.30500000000001,52.00524308659612
2020-03-03,56.9975,59.5175,57.82725806683696
2020-03-04,53.93300000000001,57.575,55.1321979680239
2020-03-05,49.64,51.17,50.14378168343672
2020-03-06,45.365,49.8875,46.85411938780561
2020-03-07,43.4525,46.13,44.33411794601427
2020-03-08,43.907,45.965,44.58463575458351
2020-03-09,50.8295,54.2825,51.966466113011116
2020-03-10,60.5705,61.895,61.00661688870063
2020-03-11,63.99800000000001,66.02000000000001,64.66378206791443
2020-03-12,61.02050000000001,64.94,62.3110701360982
2020-03-13,68.5244,72.752,69.91641793784123
2020-03-14,62.2076,64.946,63.10927043262949
2020-03-15,53.9105,60.53750000000001,56.09256615433671
2020-03-16,50.207,54.005,51.45756394358998
2020-03-17,54.131,59.66,55.95152871092918
2020-03-18,57.87950000000001,61.655,59.1226553894218
2020-03-19,67.23949999999999,70.4075,68.28262442688074
2020-03-20,72.6215,72.88250000000002,72.70743922835098
2020-03-21,65.237,72.1925,67.52723104519224
2020-03-22,51.6875,56.99,53.4334492656361
2020-03-23,49.3385,53.465,50.69722883444552
2020-03-24,53.446999999999996,58.790000000000006,55.20628466313884
2020-03-25,55.6835,66.05000000000001,59.096867857089414
2020-03-26,53.1005,58.865,54.998571577889535
2020-03-27,66.686,70.655,67.99286895526822
2020-03-28,71.14699999999999,74.0,72.08640466852613
2020-03-29,74.74485714285714,74.88714285714286,74.79170742826359
2020-03-30,67.982,69.97999999999999,68.63987961013501
2020-03-31,54.581,60.0425,56.37930304842462
2020-04-01,48.6545,53.54,50.26314406171903
2020-04-02,52.20050000000001,55.01,53.12558146380097
2020-04-03,57.7805,60.67999999999999,58.735215680473715
2020-04-04,59.36450000000001,63.1025,60.59530779914149
2020-04-05,59.9225,63.77,61.18936276276
2020-04-06,64.10107142857143,67.8725,65.34288622247709
2020-04-07,67.271,71.91499999999998,68.80012558031382
2020-04-08,68.82050000000001,73.7,70.42716844727418
2020-04-09,67.793,74.2625,69.92320627515942
2020-04-10,53.3435,60.035,55.546804009618846
2020-04-11,50.945,54.155,52.001953727994696
2020-04-12,59.2385,60.9275,59.79463546622525
2020-04-13,69.737,71.33,70.26152563510765
2020-04-14,60.403999999999996,66.1175,62.285278855108324
2020-04-15,49.361,57.05,51.89274991107514
2020-04-16,51.9125,55.74500000000001,53.17442372664787
2020-04-17,53.7785,58.46,55.31997317059414
2020-04-18,59.297,66.08,61.530432129902806
2020-04-19,54.599,56.6525,55.27515404374988
2020-04-20,56.597,61.96250000000001,58.36369321730703
2020-04-21,60.4715,64.64750000000001,61.84652765361553
2020-04-22,58.55,62.53250000000001,59.86131408776912
2020-04-23,58.4465,62.24,59.69558223275635
2020-04-24,66.93350000000001,68.26249999999999,67.37109859953426
2020-04-25,58.94600000000001,66.08,61.295005574926535
2020-04-26,61.853,66.4025,63.35100965280744
2020-04-27,58.37000000000001,61.4375,59.38003288492952
2020-04-28,57.578,61.67,58.925369051387634
