DATE,NY,T_WA
2015-01-01,27.249285714285712,27.249285714285712
2015-01-02,31.868214285714284,31.868214285714288
2015-01-03,29.399642857142855,29.399642857142855
2015-01-04,44.445714285714295,44.445714285714295
2015-01-05,24.665,24.665
2015-01-06,15.468928571428574,15.468928571428572
2015-01-07,12.206428571428573,12.206428571428573
2015-01-08,10.014285714285718,10.014285714285718
2015-01-09,20.28576530612245,20.28576530612245
2015-01-10,13.98392857142857,13.98392857142857
2015-01-11,23.2025,23.2025
2015-01-12,31.4375,31.4375
2015-01-13,12.86535714285714,12.86535714285714
2015-01-14,11.6375,11.6375
2015-01-15,20.309642857142855,20.309642857142855
2015-01-16,24.957500000000003,24.957500000000003
2015-01-17,16.577857142857145,16.577857142857145
2015-01-18,35.22714285714286,35.22714285714286
2015-01-19,33.308214285714286,33.308214285714286
2015-01-20,25.365714285714287,25.365714285714287
2015-01-21,19.252142857142857,19.252142857142857
2015-01-22,26.137142857142855,26.137142857142855
2015-01-23,27.06607142857143,27.06607142857143
2015-01-24,29.454285714285717,29.454285714285714
2015-01-25,26.26892857142857,26.26892857142857
2015-01-26,16.8125,16.8125
2015-01-27,16.5875,16.5875
2015-01-28,16.211428571428574,16.211428571428574
2015-01-29,21.521428571428565,21.521428571428565
2015-01-30,24.37892857142857,24.37892857142857
2015-01-31,12.9425,12.9425
2015-02-01,21.8525,21.8525
2015-02-02,16.484642857142852,16.484642857142852
2015-02-03,13.122500000000002,13.122500000000002
2015-02-04,27.339285714285715,27.339285714285715
2015-02-05,18.77,18.77
2015-02-06,14.315,14.315
2015-02-07,25.92178571428572,25.92178571428572
2015-02-08,25.368928571428572,25.368928571428572
2015-02-09,20.13928571428571,20.13928571428571
2015-02-10,22.209285714285716,22.209285714285716
2015-02-11,21.084285714285716,21.084285714285716
2015-02-12,22.97107142857143,22.97107142857143
2015-02-13,6.308214285714282,6.308214285714282
2015-02-14,17.363520408163268,17.363520408163268
2015-02-15,5.421071428571434,5.421071428571434
2015-02-16,3.1099999999999994,3.1099999999999994
2015-02-17,9.731428571428571,9.731428571428571
2015-02-18,15.285714285714278,15.28571428571428
2015-02-19,10.606785714285717,10.606785714285717
2015-02-20,2.6632142857142824,2.6632142857142824
2015-02-21,14.758571428571427,14.758571428571427
2015-02-22,25.81571428571429,25.81571428571429
2015-02-23,9.849285714285713,9.849285714285713
2015-02-24,9.631785714285718,9.631785714285718
2015-02-25,20.605357142857144,20.605357142857144
2015-02-26,15.497857142857145,15.497857142857145
2015-02-27,13.78464285714285,13.78464285714285
2015-02-28,13.55,13.55
2015-03-01,18.869183673469387,18.869183673469387
2015-03-02,25.48892857142857,25.48892857142857
2015-03-03,21.61785714285714,21.61785714285714
2015-03-04,34.13428571428572,34.13428571428572
2015-03-05,19.18785714285714,19.18785714285714
2015-03-06,13.951785714285714,13.951785714285712
2015-03-07,24.809642857142855,24.809642857142855
2015-03-08,33.22785714285714,33.22785714285714
2015-03-09,36.442142857142855,36.442142857142855
2015-03-10,37.94,37.94
2015-03-11,42.42071428571428,42.42071428571428
2015-03-12,35.45214285714286,35.45214285714286
2015-03-13,34.52321428571429,34.52321428571429
2015-03-14,40.41178571428571,40.41178571428571
2015-03-15,36.5675,36.5675
2015-03-16,38.14571428571429,38.14571428571429
2015-03-17,38.910714285714285,38.910714285714285
2015-03-18,28.126785714285717,28.126785714285717
2015-03-19,28.33892857142857,28.338928571428568
2015-03-20,30.841785714285717,30.841785714285717
2015-03-21,35.24964285714286,35.24964285714286
2015-03-22,26.731785714285717,26.731785714285717
2015-03-23,22.341071428571425,22.341071428571425
2015-03-24,26.783214285714287,26.783214285714287
2015-03-25,35.35892857142857,35.35892857142857
2015-03-26,39.965,39.965
2015-03-27,35.8925,35.8925
2015-03-28,26.153214285714284,26.153214285714284
2015-03-29,30.2,30.199999999999996
2015-03-30,39.42178571428572,39.42178571428572
2015-03-31,36.21392857142857,36.21392857142857
2015-04-01,35.902142857142856,35.902142857142856
2015-04-02,49.286428571428566,49.286428571428566
2015-04-03,52.32392857142857,52.32392857142857
2015-04-04,40.94535714285714,40.94535714285714
2015-04-05,38.19392857142857,38.19392857142857
2015-04-06,44.07285714285715,44.07285714285715
2015-04-07,43.74714285714285,43.74714285714285
2015-04-28,52.84400000000001,52.84400000000001
2015-04-29,57.13571428571429,57.1357142857143
2015-04-30,55.13964285714286,55.13964285714286
2015-05-01,54.32321428571429,54.32321428571429
2015-05-02,57.007142857142846,57.00714285714284
2015-05-03,61.354234693877544,61.354234693877544
2015-05-04,66.86535714285714,66.86535714285714
2015-05-05,64.93035714285715,64.93035714285715
2015-05-06,63.249285714285705,63.24928571428571
2015-05-07,64.93678571428572,64.93678571428572
2015-05-08,70.39464285714286,70.39464285714286
2015-05-09,69.65122448979592,69.65122448979592
2015-05-10,71.05678571428572,71.05678571428572
2015-05-11,71.9825,71.9825
2015-05-12,66.74000000000001,66.74000000000001
2015-05-13,53.728571428571435,53.728571428571435
2015-05-14,54.58357142857143,54.58357142857143
2015-05-15,60.07678571428572,60.07678571428572
2015-05-16,64.99464285714285,64.99464285714285
2015-05-17,70.05071428571429,70.05071428571429
2015-05-18,67.60142857142857,67.60142857142857
2015-05-19,64.0625,64.0625
2015-05-20,51.848214285714285,51.848214285714285
2015-05-21,53.728571428571435,53.728571428571435
2015-05-22,57.00071428571428,57.00071428571428
2015-05-23,52.47500000000001,52.47500000000001
2015-05-24,64.355,64.355
2015-05-25,71.47464285714288,71.47464285714288
2015-05-26,74.02678571428572,74.02678571428572
2015-05-27,73.0069387755102,73.0069387755102
2015-05-28,69.11535714285714,69.11535714285714
2015-05-29,70.53928571428571,70.53928571428571
2015-05-30,74.35142857142857,74.35142857142857
2015-05-31,59.29571428571428,59.29571428571428
2015-06-01,53.101785714285704,53.101785714285704
2015-06-02,54.53214285714286,54.53214285714286
2015-06-03,58.7075,58.7075
2015-06-04,62.08892857142857,62.08892857142856
2015-06-05,65.51857142857143,65.51857142857143
2015-06-06,62.76071428571429,62.7607142857143
2015-06-07,63.45821428571429,63.45821428571429
2015-06-08,67.88428571428571,67.88428571428571
2015-06-09,66.785,66.785
2015-06-10,69.98642857142858,69.98642857142858
2015-06-11,72.16892857142858,72.16892857142858
2015-06-12,71.74142857142857,71.74142857142857
2015-06-13,70.94107142857143,70.94107142857143
2015-06-14,71.47142857142859,71.47142857142859
2015-06-15,70.33678571428571,70.33678571428571
2015-06-16,70.93785714285715,70.93785714285715
2015-06-17,69.60714285714286,69.60714285714286
2015-06-18,68.09964285714285,68.09964285714285
2015-06-19,68.8582142857143,68.8582142857143
2015-06-20,65.48642857142858,65.48642857142858
2015-06-21,73.45510204081633,73.45510204081633
2015-06-22,74.3675,74.3675
2015-06-23,75.96821428571428,75.96821428571428
2015-06-24,69.7775,69.7775
2015-06-25,69.8615306122449,69.8615306122449
2015-06-26,69.00285714285714,69.00285714285714
2015-06-27,62.236785714285716,62.236785714285716
2015-06-28,60.85142857142858,60.85142857142858
2015-06-29,65.78214285714286,65.78214285714286
2015-06-30,68.72,68.72
2015-07-01,69.66499999999999,69.66499999999999
2015-07-02,67.88107142857143,67.88107142857143
2015-07-03,66.56642857142856,66.56642857142856
2015-07-04,67.71714285714285,67.71714285714285
2015-07-05,70.84464285714286,70.84464285714286
2015-07-06,73.63464285714286,73.63464285714286
2015-07-07,77.14142857142858,77.14142857142858
2015-07-08,71.3267857142857,71.3267857142857
2015-07-09,67.88489795918369,67.88489795918369
2015-07-10,71.38464285714286,71.38464285714286
2015-07-11,72.78607142857143,72.78607142857143
2015-07-12,74.75,74.75
2015-07-13,76.14178571428573,76.14178571428573
2015-07-14,73.33250000000002,73.33250000000002
2015-07-15,67.41178571428571,67.41178571428571
2015-07-16,65.93642857142856,65.93642857142856
2015-07-17,69.54285714285714,69.54285714285714
2015-07-18,76.88750000000002,76.88750000000002
2015-07-19,79.10214285714288,79.10214285714288
2015-07-20,79.33035714285714,79.33035714285714
2015-07-21,74.42214285714286,74.42214285714286
2015-07-22,70.87035714285712,70.87035714285712
2015-07-23,70.28535714285715,70.28535714285715
2015-07-24,71.36214285714286,71.36214285714286
2015-07-25,72.86,72.86
2015-07-26,75.5825,75.5825
2015-07-27,76.45035714285714,76.45035714285714
2015-07-28,78.51714285714286,78.51714285714286
2015-07-29,80.54535714285714,80.54535714285714
2015-07-30,77.67821428571429,77.67821428571429
2015-07-31,76.22214285714288,76.22214285714288
2015-08-01,74.55714285714284,74.55714285714284
2015-08-02,74.81107142857142,74.81107142857142
2015-08-03,75.99392857142857,75.99392857142857
2015-08-04,73.02392857142857,73.02392857142857
2015-08-05,71.16285714285716,71.16285714285716
2015-08-06,68.83892857142857,68.83892857142857
2015-08-07,69.16678571428571,69.16678571428571
2015-08-08,68.82928571428572,68.82928571428572
2015-08-09,70.87678571428572,70.87678571428572
2015-08-10,71.56464285714287,71.56464285714287
2015-08-11,71.93428571428572,71.93428571428572
2015-08-12,70.99892857142856,70.99892857142856
2015-08-13,68.99642857142858,68.99642857142858
2015-08-14,73.58642857142857,73.58642857142857
2015-08-15,75.06821428571429,75.06821428571429
2015-08-16,76.40214285714286,76.40214285714286
2015-08-17,78.6875,78.6875
2015-08-18,77.48214285714286,77.48214285714286
2015-08-19,78.14107142857144,78.14107142857144
2015-08-20,77.41464285714284,77.41464285714284
2015-08-21,70.78464285714288,70.78464285714288
2015-08-22,68.8775,68.8775
2015-08-23,71.90367346938777,71.90367346938777
2015-08-24,72.39071428571428,72.39071428571428
2015-08-25,70.10214285714287,70.10214285714287
2015-08-26,67.54678571428572,67.54678571428572
2015-08-27,65.99107142857143,65.99107142857143
2015-08-28,66.17428571428572,66.17428571428572
2015-08-29,69.24392857142857,69.24392857142857
2015-08-30,73.03357142857143,73.03357142857143
2015-08-31,75.61464285714284,75.61464285714284
2015-09-01,74.93321428571429,74.93321428571429
2015-09-02,75.27071428571429,75.27071428571429
2015-09-03,76.56010204081633,76.56010204081633
2015-09-04,74.82392857142858,74.82392857142858
2015-09-05,73.59928571428571,73.59928571428571
2015-09-06,74.45107142857144,74.45107142857144
2015-09-07,77.81,77.81
2015-09-08,79.98928571428571,79.98928571428571
2015-09-09,76.8907142857143,76.8907142857143
2015-09-10,68.53678571428571,68.53678571428571
2015-09-11,67.85857142857144,67.85857142857144
2015-09-12,64.9817857142857,64.9817857142857
2015-09-13,61.84464285714286,61.84464285714286
2015-09-14,62.36535714285714,62.365357142857135
2015-09-15,67.42464285714286,67.42464285714286
2015-09-16,70.34642857142856,70.34642857142856
2015-09-17,71.34928571428571,71.34928571428571
2015-09-18,71.6225,71.6225
2015-09-19,71.11785714285716,71.11785714285716
2015-09-20,62.728571428571435,62.72857142857144
2015-09-21,58.05178571428571,58.0517857142857
2015-09-22,61.54571428571428,61.54571428571428
2015-09-23,62.45857142857143,62.458571428571425
2015-09-24,65.2357142857143,65.2357142857143
2015-09-25,63.58035714285714,63.58035714285714
2015-09-26,61.449285714285715,61.44928571428571
2015-09-27,62.12428571428572,62.12428571428572
2015-09-28,66.90071428571429,66.90071428571429
2015-09-29,70.31107142857144,70.31107142857144
2015-09-30,60.819285714285705,60.819285714285705
2015-10-01,52.75464285714286,52.75464285714286
2015-10-02,49.18448979591837,49.18448979591837
2015-10-03,49.451428571428565,49.451428571428565
2015-10-04,54.149642857142865,54.149642857142865
2015-10-05,54.30714285714286,54.30714285714286
2015-10-06,58.263928571428565,58.26392857142856
2015-10-07,60.17,60.17000000000001
2015-10-08,56.99428571428571,56.9942857142857
2015-10-09,60.21178571428571,60.21178571428571
2015-10-10,51.30499999999999,51.30499999999999
2015-10-11,56.512142857142855,56.512142857142855
2015-10-12,63.14,63.14
2015-10-13,61.23714285714286,61.23714285714285
2015-10-14,55.36464285714285,55.36464285714285
2015-10-15,52.36816326530612,52.36816326530612
2015-10-16,51.542857142857144,51.542857142857144
2015-10-17,42.51714285714286,42.51714285714286
2015-10-18,37.846785714285716,37.846785714285716
2015-10-19,42.49785714285714,42.49785714285714
2015-10-20,56.86892857142857,56.86892857142857
2015-10-21,58.93250000000001,58.93250000000001
2015-10-22,59.32785714285714,59.32785714285714
2015-10-23,46.972142857142856,46.972142857142856
2015-10-24,46.65714285714286,46.65714285714286
2015-10-25,52.957908163265294,52.957908163265294
2015-10-26,44.71571428571429,44.71571428571429
2015-10-27,44.51642857142856,44.51642857142856
2015-10-28,53.111428571428576,53.111428571428576
2015-10-29,57.286785714285706,57.286785714285706
2015-10-30,47.258214285714295,47.258214285714295
2015-10-31,43.278928571428565,43.278928571428565
2015-11-01,54.905,54.905
2015-11-02,52.66464285714286,52.66464285714286
2015-11-03,56.181071428571435,56.181071428571435
2015-11-04,57.59857142857143,57.59857142857144
2015-11-05,62.46821428571428,62.46821428571429
2015-11-06,64.84035714285716,64.84035714285716
2015-11-07,53.06,53.06
2015-11-08,45.44214285714286,45.44214285714286
2015-11-09,44.48107142857143,44.48107142857143
2015-11-10,50.51428571428572,50.51428571428572
2015-11-11,50.591428571428565,50.591428571428565
2015-11-12,52.25,52.25
2015-11-13,48.87821428571429,48.87821428571429
2015-11-14,40.64964285714286,40.64964285714286
2015-11-15,46.67964285714285,46.67964285714285
2015-11-16,49.88428571428571,49.88428571428571
2015-11-17,42.06071428571428,42.06071428571428
2015-11-18,49.893928571428575,49.893928571428575
2015-11-19,59.27,59.27
2015-11-20,46.75035714285714,46.75035714285714
2015-11-21,41.244285714285716,41.244285714285716
2015-11-22,43.01535714285714,43.01535714285714
2015-11-23,32.82928571428572,32.82928571428572
2015-11-24,35.14678571428571,35.14678571428571
2015-11-25,38.8625,38.8625
2015-11-26,48.68214285714286,48.68214285714286
2015-11-27,55.19107142857143,55.19107142857143
2015-11-28,42.19892857142858,42.19892857142858
2015-11-29,35.68678571428571,35.68678571428571
2015-11-30,34.98285714285714,34.98285714285714
2015-12-01,43.06035714285714,43.06035714285714
2015-12-02,46.43535714285714,46.43535714285714
2015-12-03,42.53734693877553,42.53734693877553
2015-12-04,42.03178571428572,42.03178571428572
2015-12-05,40.839285714285715,40.839285714285715
2015-12-06,37.58,37.58
2015-12-07,38.926785714285714,38.926785714285714
2015-12-08,38.19714285714286,38.19714285714286
2015-12-09,41.682040816326534,41.682040816326534
2015-12-10,50.03214285714286,50.03214285714286
2015-12-11,51.755,51.755
2015-12-12,49.81678571428571,49.81678571428571
2015-12-13,51.60714285714286,51.60714285714286
2015-12-14,55.923928571428576,55.923928571428576
2015-12-15,51.176428571428566,51.176428571428566
2015-12-16,43.148367346938784,43.148367346938784
2015-12-17,49.09219387755102,49.09219387755102
2015-12-18,39.62428571428571,39.62428571428571
2015-12-19,32.340714285714284,32.340714285714284
2015-12-20,34.20178571428571,34.20178571428571
2015-12-21,45.19464285714286,45.19464285714286
2015-12-22,51.68214285714286,51.68214285714286
2015-12-23,51.22785714285714,51.22785714285714
2015-12-24,59.123979591836736,59.123979591836736
2015-12-25,48.34142857142857,48.34142857142857
2015-12-26,42.8225,42.8225
2015-12-27,45.7759693877551,45.7759693877551
2015-12-28,31.76214285714286,31.762142857142855
2015-12-29,36.5675,36.5675
2015-12-30,39.71107142857143,39.71107142857143
2015-12-31,39.64571428571429,39.64571428571429
2016-01-01,33.71,33.71
2016-01-02,31.569285714285716,31.569285714285712
2016-01-03,34.426785714285714,34.426785714285714
2016-01-04,16.99892857142857,16.99892857142857
2016-01-05,15.13464285714286,15.134642857142858
2016-01-06,26.927857142857146,26.927857142857146
2016-01-07,29.9194387755102,29.9194387755102
2016-01-08,32.49821428571428,32.49821428571428
2016-01-09,42.71964285714286,42.71964285714286
2016-01-10,44.81214285714286,44.81214285714286
2016-01-11,25.297755102040817,25.297755102040817
2016-01-12,25.358673469387757,25.358673469387757
2016-01-13,20.775714285714287,20.775714285714287
2016-01-14,24.40142857142857,24.40142857142857
2016-01-15,36.58632653061225,36.58632653061225
2016-01-16,38.3675,38.3675
2016-01-17,30.521428571428572,30.521428571428572
2016-01-18,19.522142857142857,19.522142857142857
2016-01-19,18.8825,18.8825
2016-01-20,25.565,25.565
2016-01-21,23.93826530612245,23.93826530612245
2016-01-22,19.44821428571429,19.44821428571429
2016-01-23,21.1325,21.1325
2016-01-24,21.971428571428575,21.971428571428575
2016-01-25,30.54714285714286,30.547142857142855
2016-01-26,38.955714285714286,38.955714285714286
2016-01-27,35.4425,35.4425
2016-01-28,32.986785714285716,32.986785714285716
2016-01-29,30.80428571428572,30.804285714285715
2016-01-30,32.8325,32.8325
2016-01-31,43.886428571428574,43.886428571428574
2016-02-01,45.548214285714295,45.548214285714295
2016-02-02,37.70214285714286,37.70214285714286
2016-02-03,46.52428571428572,46.52428571428572
2016-02-04,43.1586224489796,43.1586224489796
2016-02-05,32.26678571428572,32.26678571428572
2016-02-06,32.01285714285714,32.01285714285714
2016-02-07,36.1175,36.1175
2016-02-08,34.475,34.475
2016-02-09,30.455306122448977,30.45530612244898
2016-02-10,29.53969387755102,29.539693877551016
2016-02-11,16.947499999999998,16.947499999999998
2016-02-12,17.230357142857144,17.230357142857144
2016-02-13,7.632500000000004,7.632500000000004
2016-02-14,-0.27142857142857224,-0.27142857142857224
2016-02-15,15.896734693877546,15.896734693877546
2016-02-16,35.79331632653061,35.79331632653061
2016-02-17,31.794285714285717,31.794285714285714
2016-02-18,21.858285714285717,21.858285714285717
2016-02-19,26.664285714285718,26.664285714285718
2016-02-20,46.18464285714286,46.18464285714286
2016-02-21,41.53035714285714,41.53035714285714
2016-02-22,32.72642857142857,32.72642857142857
2016-02-23,30.55357142857143,30.55357142857143
2016-02-24,38.4575,38.4575
2016-02-25,40.42785714285714,40.42785714285714
2016-02-26,25.899285714285718,25.899285714285718
2016-02-27,30.6275,30.6275
2016-02-28,46.756785714285705,46.756785714285705
2016-02-29,44.95035714285714,44.95035714285714
2016-03-01,32.53678571428571,32.53678571428571
2016-03-02,30.94571428571428,30.945714285714285
2016-03-03,23.707142857142852,23.707142857142852
2016-03-04,27.381071428571428,27.381071428571428
2016-03-05,27.26535714285714,27.26535714285714
2016-03-06,31.794285714285717,31.794285714285714
2016-03-07,43.838214285714294,43.838214285714294
2016-03-08,50.12857142857143,50.12857142857143
2016-03-09,59.46928571428572,59.46928571428571
2016-03-10,58.505,58.505
2016-03-11,45.888928571428565,45.888928571428565
2016-03-12,43.835,43.835
2016-03-13,48.62979591836735,48.62979591836735
2016-03-14,44.72260204081633,44.72260204081633
2016-03-15,47.24857142857143,47.24857142857143
2016-03-16,50.17678571428571,50.17678571428571
2016-03-17,48.45071428571429,48.45071428571429
2016-03-18,41.73607142857143,41.73607142857143
2016-03-19,33.27928571428571,33.27928571428571
2016-03-20,31.321785714285717,31.321785714285717
2016-03-21,34.72892857142857,34.72892857142857
2016-03-22,37.89285714285714,37.89285714285714
2016-03-23,45.43914285714286,45.43914285714286
2016-03-24,43.678418367346936,43.678418367346936
2016-03-25,45.70571428571429,45.70571428571429
2016-03-26,39.06821428571429,39.06821428571429
2016-03-27,46.32285714285714,46.32285714285714
2016-03-28,47.152142857142856,47.152142857142856
2016-03-29,39.97785714285715,39.97785714285715
2016-03-30,44.349285714285706,44.349285714285706
2016-03-31,58.26071428571429,58.2607142857143
2016-04-01,57.335,57.334999999999994
2016-04-02,43.75142857142857,43.75142857142857
2016-04-03,30.23857142857143,30.23857142857143
2016-04-04,28.94,28.94
2016-04-05,26.62892857142857,26.62892857142857
2016-04-06,34.558571428571426,34.558571428571426
2016-04-07,47.28255102040816,47.28255102040816
2016-04-08,37.04642857142857,37.04642857142857
2016-04-09,33.2375,33.2375
2016-04-10,33.68107142857143,33.68107142857143
2016-04-11,47.12000000000001,47.12000000000001
2016-04-12,43.6775,43.6775
2016-04-13,40.07107142857143,40.07107142857143
2016-04-14,43.53607142857143,43.53607142857143
2016-04-15,48.67571428571429,48.67571428571429
2016-04-16,52.446071428571436,52.446071428571436
2016-04-17,56.65357142857143,56.65357142857144
2016-04-18,59.729642857142856,59.72964285714285
2016-04-19,55.12035714285714,55.12035714285714
2016-04-20,52.53607142857143,52.53607142857143
2016-04-21,57.01158163265306,57.011581632653055
2016-04-22,63.005,63.005
2016-04-23,52.198571428571434,52.198571428571434
2016-04-24,48.32214285714285,48.32214285714285
2016-04-25,50.69107142857143,50.69107142857143
2016-04-26,44.20785714285713,44.20785714285713
2016-04-27,45.41642857142857,45.41642857142857
2016-04-28,46.40642857142858,46.40642857142858
2016-04-29,47.57,47.57
2016-04-30,51.82892857142858,51.82892857142858
2016-05-01,48.02964285714286,48.02964285714286
2016-05-02,48.174285714285716,48.174285714285716
2016-05-03,49.54035714285714,49.54035714285714
2016-05-04,50.851785714285704,50.851785714285704
2016-05-05,52.13428571428571,52.13428571428571
2016-05-06,53.021428571428565,53.021428571428565
2016-05-07,55.316428571428574,55.31642857142858
2016-05-08,52.10857142857144,52.10857142857144
2016-05-09,53.00214285714286,53.00214285714286
2016-05-10,52.78035714285714,52.78035714285714
2016-05-11,59.257142857142846,59.25714285714284
2016-05-12,64.5575,64.5575
2016-05-13,61.14071428571428,61.140714285714274
2016-05-14,57.80750000000001,57.80750000000001
2016-05-15,45.49678571428571,45.49678571428571
2016-05-16,49.82964285714286,49.82964285714286
2016-05-17,54.696071428571436,54.696071428571436
2016-05-18,54.15607142857144,54.15607142857144
2016-05-19,56.12642857142857,56.12642857142857
2016-05-20,60.616785714285705,60.61678571428571
2016-05-21,58.55,58.55
2016-05-22,60.166785714285716,60.166785714285716
2016-05-23,64.40964285714284,64.40964285714284
2016-05-24,64.77928571428572,64.77928571428572
2016-05-25,70.78357142857143,70.78357142857143
2016-05-26,73.60892857142858,73.60892857142858
2016-05-27,74.255,74.255
2016-05-28,77.59785714285717,77.59785714285717
2016-05-29,74.96857142857144,74.96857142857144
2016-05-30,71.70928571428574,71.70928571428574
2016-05-31,70.92500000000003,70.92500000000003
2016-06-01,68.67178571428572,68.67178571428572
2016-06-02,69.28892857142857,69.28892857142857
2016-06-03,68.77464285714285,68.77464285714285
2016-06-04,69.99928571428572,69.99928571428572
2016-06-05,68.00321428571428,68.00321428571428
2016-06-06,70.34964285714287,70.34964285714287
2016-06-07,66.3125,66.3125
2016-06-08,56.81520408163265,56.81520408163265
2016-06-09,58.31857142857143,58.31857142857143
2016-06-10,62.40714285714286,62.40714285714286
2016-06-11,67.4884693877551,67.4884693877551
2016-06-12,66.66607142857143,66.66607142857143
2016-06-13,59.237857142857145,59.237857142857145
2016-06-14,63.152857142857144,63.152857142857144
2016-06-15,68.94821428571427,68.94821428571427
2016-06-16,70.51678571428572,70.51678571428572
2016-06-17,70.64535714285716,70.64535714285716
2016-06-18,72.0467857142857,72.0467857142857
2016-06-19,73.93035714285716,73.93035714285716
2016-06-20,76.22214285714286,76.22214285714286
2016-06-21,72.93714285714286,72.93714285714286
2016-06-22,69.45285714285714,69.45285714285714
2016-06-23,67.86821428571429,67.86821428571429
2016-06-24,69.70035714285714,69.70035714285714
2016-06-25,72.17168367346942,72.17168367346942
2016-06-26,76.56285714285715,76.56285714285715
2016-06-27,74.94607142857143,74.94607142857143
2016-06-28,70.8198469387755,70.8198469387755
2016-06-29,70.57142857142857,70.57142857142857
2016-06-30,71.56464285714286,71.56464285714286
2016-07-01,69.29857142857142,69.29857142857142
2016-07-02,68.26035714285715,68.26035714285715
2016-07-03,70.61,70.61
2016-07-04,72.59,72.59
2016-07-05,77.09321428571428,77.09321428571428
2016-07-06,79.30142857142856,79.30142857142856
2016-07-07,78.87392857142856,78.87392857142856
2016-07-08,75.26428571428572,75.26428571428572
2016-07-09,71.24000000000002,71.24000000000002
2016-07-10,69.72285714285715,69.72285714285715
2016-07-11,70.2532142857143,70.2532142857143
2016-07-12,74.84,74.84
2016-07-13,77.08326530612246,77.08326530612246
2016-07-14,78.09607142857143,78.09607142857143
2016-07-15,79.06035714285716,79.06035714285716
2016-07-16,73.54464285714286,73.54464285714286
2016-07-17,74.49607142857144,74.49607142857144
2016-07-18,78.05428571428571,78.05428571428571
2016-07-19,72.29749999999999,72.29749999999999
2016-07-20,70.83500000000002,70.83500000000002
2016-07-21,75.99714285714286,75.99714285714286
2016-07-22,81.95321428571428,81.95321428571428
2016-07-23,81.94678571428571,81.94678571428571
2016-07-24,77.76500000000001,77.76500000000001
2016-07-25,75.96178571428571,75.96178571428571
2016-07-26,77.30857142857144,77.30857142857144
2016-07-27,77.81964285714284,77.81964285714284
2016-07-28,78.09607142857143,78.09607142857143
2016-07-29,75.87178571428572,75.87178571428572
2016-07-30,72.6382142857143,72.6382142857143
2016-07-31,71.75107142857144,71.75107142857144
2016-08-01,72.19464285714288,72.19464285714288
2016-08-02,72.1625,72.1625
2016-08-03,72.86321428571429,72.86321428571429
2016-08-04,75.08428571428574,75.08428571428574
2016-08-05,76.69678571428572,76.69678571428572
2016-08-06,76.68178571428572,76.68178571428572
2016-08-07,74.95892857142857,74.95892857142857
2016-08-08,73.98285714285714,73.98285714285714
2016-08-09,76.0775,76.0775
2016-08-10,78.97999999999998,78.97999999999998
2016-08-11,81.48714285714286,81.48714285714286
2016-08-12,81.32642857142858,81.32642857142858
2016-08-13,81.50428571428571,81.50428571428571
2016-08-14,79.76581632653063,79.76581632653063
2016-08-15,75.95535714285714,75.95535714285714
2016-08-16,77.53999999999998,77.53999999999998
2016-08-17,75.33500000000002,75.33500000000002
2016-08-18,74.57321428571429,74.57321428571429
2016-08-19,75.75928571428571,75.75928571428571
2016-08-20,76.75250000000003,76.75250000000003
2016-08-21,74.92357142857142,74.92357142857142
2016-08-22,67.71392857142857,67.71392857142857
2016-08-23,68.6075,68.6075
2016-08-24,73.82750000000001,73.82750000000001
2016-08-25,75.61142857142858,75.61142857142858
2016-08-26,77.8582142857143,77.8582142857143
2016-08-27,75.17750000000002,75.17750000000002
2016-08-28,77.3195918367347,77.3195918367347
2016-08-29,75.2615306122449,75.2615306122449
2016-08-30,71.28821428571429,71.28821428571429
2016-08-31,72.52892857142857,72.52892857142857
2016-09-01,69.65214285714286,69.65214285714286
2016-09-02,67.47607142857143,67.47607142857143
2016-09-03,65.24857142857144,65.24857142857144
2016-09-04,67.24464285714285,67.24464285714285
2016-09-05,70.33035714285714,70.33035714285714
2016-09-06,72.38428571428571,72.38428571428571
2016-09-07,75.18392857142857,75.18392857142857
2016-09-08,77.36642857142857,77.36642857142857
2016-09-09,77.95066326530613,77.95066326530613
2016-09-10,76.96464285714286,76.96464285714286
2016-09-11,70.03142857142858,70.03142857142858
2016-09-12,64.61214285714286,64.61214285714286
2016-09-13,69.04785714285714,69.04785714285714
2016-09-14,69.15071428571429,69.15071428571429
2016-09-15,60.89321428571429,60.8932142857143
2016-09-16,62.921428571428564,62.921428571428564
2016-09-17,67.77821428571428,67.77821428571428
2016-09-18,72.03392857142856,72.03392857142856
2016-09-19,70.48464285714286,70.48464285714286
2016-09-20,70.6067857142857,70.6067857142857
2016-09-21,69.24392857142857,69.24392857142857
2016-09-22,69.36040816326529,69.36040816326529
2016-09-23,67.41178571428571,67.41178571428571
2016-09-24,57.88785714285714,57.88785714285715
2016-09-25,55.20071428571429,55.20071428571429
2016-09-26,59.315,59.315
2016-09-27,63.04678571428572,63.046785714285726
2016-09-28,60.75500000000001,60.75500000000002
2016-09-29,58.604642857142856,58.60464285714285
2016-09-30,57.36071428571428,57.36071428571428
2016-10-01,57.723928571428566,57.72392857142857
2016-10-02,60.29535714285714,60.29535714285714
2016-10-03,61.4811224489796,61.4811224489796
2016-10-04,60.5525,60.5525
2016-10-05,59.36964285714286,59.36964285714285
2016-10-06,60.378928571428574,60.37892857142858
2016-10-07,62.30750000000001,62.30750000000001
2016-10-08,61.07321428571429,61.0732142857143
2016-10-09,52.89285714285714,52.89285714285714
2016-10-10,48.65000000000001,48.65000000000001
2016-10-11,50.55285714285715,50.55285714285715
2016-10-12,58.16107142857143,58.16107142857144
2016-10-13,55.846785714285716,55.84678571428572
2016-10-14,48.04571428571428,48.04571428571428
2016-10-15,52.00571428571429,52.00571428571429
2016-10-16,62.6675,62.6675
2016-10-17,66.30285714285714,66.30285714285714
2016-10-18,70.69678571428571,70.69678571428571
2016-10-19,64.71821428571428,64.71821428571428
2016-10-20,57.09392857142858,57.09392857142858
2016-10-21,57.3425,57.342499999999994
2016-10-22,45.31678571428571,45.31678571428571
2016-10-23,49.81035714285714,49.81035714285714
2016-10-24,49.251071428571436,49.251071428571436
2016-10-25,43.449285714285715,43.449285714285715
2016-10-26,39.68857142857143,39.68857142857143
2016-10-27,39.26382653061224,39.26382653061224
2016-10-28,41.260357142857146,41.260357142857146
2016-10-29,51.82525510204081,51.82525510204081
2016-10-30,54.39454081632653,54.39454081632653
2016-10-31,42.56857142857143,42.56857142857143
2016-11-01,47.49928571428572,47.49928571428572
2016-11-02,58.37321428571428,58.37321428571428
2016-11-03,56.274744897959174,56.27474489795918
2016-11-04,48.601785714285704,48.601785714285704
2016-11-05,49.72357142857143,49.72357142857143
2016-11-06,47.894642857142856,47.894642857142856
2016-11-07,44.056785714285716,44.056785714285716
2016-11-08,49.52107142857143,49.52107142857143
2016-11-09,48.28081632653061,48.28081632653061
2016-11-10,45.7475,45.7475
2016-11-11,47.306428571428576,47.306428571428576
2016-11-12,39.54392857142857,39.54392857142857
2016-11-13,46.65714285714286,46.65714285714286
2016-11-14,46.3384693877551,46.3384693877551
2016-11-15,45.59,45.59
2016-11-16,48.27392857142856,48.27392857142856
2016-11-17,48.54714285714286,48.54714285714286
2016-11-18,50.20571428571429,50.20571428571429
2016-11-19,48.894285714285715,48.894285714285715
2016-11-20,34.558571428571426,34.558571428571426
2016-11-21,32.16392857142857,32.16392857142857
2016-11-22,33.43142857142857,33.43142857142857
2016-11-23,33.56214285714286,33.56214285714286
2016-11-24,37.58321428571429,37.58321428571429
2016-11-25,42.85785714285714,42.85785714285714
2016-11-26,40.75571428571429,40.75571428571429
2016-11-27,39.25142857142857,39.25142857142857
2016-11-28,40.30571428571429,40.30571428571429
2016-11-29,50.729642857142856,50.729642857142856
2016-11-30,51.04464285714286,51.04464285714286
2016-12-01,45.57714285714286,45.57714285714286
2016-12-02,41.71357142857143,41.71357142857143
2016-12-03,38.941020408163276,38.941020408163276
2016-12-04,36.1175,36.1175
2016-12-05,38.49285714285714,38.49285714285714
2016-12-06,36.97892857142857,36.97892857142857
2016-12-07,38.19392857142857,38.19392857142857
2016-12-08,35.159642857142856,35.159642857142856
2016-12-09,29.12,29.12
2016-12-10,25.896071428571428,25.896071428571428
2016-12-11,26.252857142857145,26.252857142857145
2016-12-12,36.05321428571429,36.05321428571429
2016-12-13,34.284285714285716,34.284285714285716
2016-12-14,28.71821428571429,28.71821428571429
2016-12-15,18.416428571428572,18.416428571428572
2016-12-16,15.832142857142856,15.832142857142856
2016-12-17,27.400357142857146,27.400357142857146
2016-12-18,35.14357142857143,35.14357142857143
2016-12-19,19.743928571428572,19.743928571428572
2016-12-20,23.237857142857145,23.237857142857145
2016-12-21,31.990357142857146,31.990357142857146
2016-12-22,35.91178571428571,35.91178571428571
2016-12-23,37.621785714285714,37.621785714285714
2016-12-24,39.13892857142857,39.13892857142857
2016-12-25,36.21071428571429,36.21071428571429
2016-12-26,35.58392857142857,35.58392857142857
2016-12-27,43.603571428571435,43.603571428571435
2016-12-28,32.88392857142857,32.88392857142857
2016-12-29,34.00892857142857,34.00892857142857
2016-12-30,31.99357142857143,31.993571428571425
2016-12-31,31.52,31.520000000000003
2017-01-01,36.503214285714286,36.503214285714286
2017-01-02,33.067142857142855,33.067142857142855
2017-01-03,38.96857142857143,38.96857142857143
2017-01-04,36.69285714285714,36.69285714285714
2017-01-05,24.215,24.215
2017-01-06,20.402857142857144,20.402857142857144
2017-01-07,16.703214285714278,16.703214285714278
2017-01-08,16.699999999999996,16.699999999999996
2017-01-09,16.664642857142848,16.664642857142848
2017-01-10,27.08857142857143,27.08857142857143
2017-01-11,42.99928571428572,42.99928571428572
2017-01-12,49.44714285714285,49.44714285714285
2017-01-13,35.04071428571429,35.04071428571429
2017-01-14,24.5075,24.5075
2017-01-15,28.86285714285714,28.862857142857145
2017-01-16,30.36392857142857,30.36392857142857
2017-01-17,35.236785714285716,35.236785714285716
2017-01-18,37.75908163265306,37.75908163265306
2017-01-19,38.14892857142857,38.14892857142857
2017-01-20,38.9975,38.9975
2017-01-21,44.47142857142857,44.47142857142857
2017-01-22,43.12785714285715,43.12785714285715
2017-01-23,39.11964285714286,39.11964285714286
2017-01-24,33.65535714285714,33.65535714285714
2017-01-25,37.142857142857146,37.142857142857146
2017-01-26,41.19714285714286,41.19714285714286
2017-01-27,35.6134693877551,35.6134693877551
2017-01-28,32.06107142857143,32.06107142857143
2017-01-29,31.344285714285718,31.344285714285718
2017-01-30,24.841785714285717,24.841785714285717
2017-01-31,23.585918367346935,23.585918367346935
2017-02-01,34.21142857142857,34.21142857142857
2017-02-02,29.341785714285717,29.341785714285717
2017-02-03,22.649642857142855,22.649642857142855
2017-02-04,23.289285714285718,23.289285714285718
2017-02-05,31.427857142857146,31.427857142857146
2017-02-06,32.183214285714286,32.183214285714286
2017-02-07,35.09535714285714,35.09535714285714
2017-02-08,40.64964285714286,40.64964285714286
2017-02-09,21.660561224489797,21.660561224489797
2017-02-10,21.106785714285714,21.106785714285714
2017-02-11,33.58464285714286,33.58464285714286
2017-02-12,31.447142857142854,31.447142857142854
2017-02-13,30.07372448979592,30.073724489795918
2017-02-14,31.424642857142853,31.424642857142853
2017-02-15,34.9925,34.9925
2017-02-16,26.31392857142857,26.31392857142857
2017-02-17,28.412857142857145,28.412857142857145
2017-02-18,42.02214285714286,42.02214285714286
2017-02-19,48.550357142857145,48.550357142857145
2017-02-20,38.64714285714286,38.64714285714286
2017-02-21,38.11142857142858,38.11142857142858
2017-02-22,47.94178571428571,47.94178571428571
2017-02-23,52.835,52.835
2017-02-24,54.05,54.05
2017-02-25,51.986428571428576,51.986428571428576
2017-02-26,33.35,33.35
2017-02-27,40.51785714285714,40.51785714285714
2017-02-28,47.778928571428565,47.778928571428565
2017-03-01,56.823928571428574,56.823928571428574
2017-03-02,35.65464285714285,35.65464285714285
2017-03-03,24.989642857142854,24.989642857142854
2017-03-04,17.439285714285713,17.439285714285713
2017-03-05,19.00464285714285,19.00464285714285
2017-03-06,35.54535714285714,35.54535714285714
2017-03-07,47.39321428571429,47.39321428571429
2017-03-08,47.611785714285716,47.611785714285716
2017-03-09,42.34357142857143,42.34357142857143
2017-03-10,29.212142857142855,29.212142857142855
2017-03-11,16.896071428571428,16.896071428571428
2017-03-12,17.77357142857143,17.77357142857143
2017-03-13,20.6825,20.6825
2017-03-14,22.54678571428572,22.54678571428572
2017-03-15,20.174642857142857,20.174642857142857
2017-03-16,26.818571428571428,26.818571428571428
2017-03-17,31.37642857142857,31.37642857142857
2017-03-18,31.45357142857143,31.45357142857143
2017-03-19,36.33607142857143,36.33607142857143
2017-03-20,36.08535714285714,36.08535714285714
2017-03-21,42.57821428571429,42.57821428571429
2017-03-22,27.0725,27.0725
2017-03-23,27.310357142857146,27.310357142857146
2017-03-24,40.95178571428571,40.95178571428571
2017-03-25,40.926071428571426,40.926071428571426
2017-03-26,39.58892857142857,39.58892857142857
2017-03-27,45.27500000000001,45.27500000000001
2017-03-28,44.9375,44.9375
2017-03-29,43.291785714285716,43.291785714285716
2017-03-30,38.753214285714286,38.753214285714286
2017-03-31,38.615,38.615
2017-04-01,38.255,38.255
2017-04-02,45.721785714285716,45.721785714285716
2017-04-03,50.6525,50.6525
2017-04-04,49.77500000000001,49.77500000000001
2017-04-05,46.001428571428576,46.001428571428576
2017-04-06,44.84428571428572,44.84428571428572
2017-04-07,39.07142857142857,39.07142857142857
2017-04-08,41.79714285714286,41.79714285714286
2017-04-09,52.198571428571434,52.198571428571434
2017-04-10,63.89857142857144,63.89857142857144
2017-04-11,62.648214285714296,62.6482142857143
2017-04-12,52.854285714285716,52.854285714285716
2017-04-13,48.183928571428574,48.183928571428574
2017-04-14,50.14142857142856,50.14142857142856
2017-04-15,55.61214285714286,55.61214285714285
2017-04-16,67.98392857142858,67.98392857142858
2017-04-17,57.17107142857144,57.17107142857143
2017-04-18,48.65000000000001,48.65000000000001
2017-04-19,50.27964285714286,50.27964285714286
2017-04-20,51.626428571428576,51.626428571428576
2017-04-21,51.661785714285706,51.661785714285706
2017-04-22,47.82714285714286,47.82714285714286
2017-04-23,51.27928571428572,51.27928571428572
2017-04-24,52.966785714285706,52.966785714285706
2017-04-25,52.761071428571434,52.761071428571434
2017-04-26,59.47571428571429,59.47571428571429
2017-04-27,65.38678571428572,65.38678571428572
2017-04-28,62.583928571428565,62.58392857142856
2017-04-29,62.99535714285714,62.995357142857145
2017-04-30,50.916071428571435,50.916071428571435
2017-05-01,59.01285714285714,59.01285714285715
2017-05-02,57.727142857142866,57.72714285714287
2017-05-03,51.9125,51.9125
2017-05-04,49.73,49.73
2017-05-05,50.8536224489796,50.8536224489796
2017-05-06,53.243214285714295,53.243214285714295
2017-05-07,46.23285714285714,46.23285714285714
2017-05-08,45.61571428571429,45.61571428571429
2017-05-09,46.811428571428564,46.811428571428564
2017-05-10,48.54530612244898,48.54530612244898
2017-05-11,51.98321428571428,51.98321428571428
2017-05-12,55.18142857142857,55.18142857142857
2017-05-13,51.78071428571429,51.78071428571429
2017-05-14,52.69035714285714,52.69035714285714
2017-05-15,56.402857142857144,56.402857142857144
2017-05-16,61.3625,61.3625
2017-05-17,73.54464285714286,73.54464285714286
2017-05-18,78.10249999999998,78.10249999999998
2017-05-19,67.54357142857144,67.54357142857144
2017-05-20,57.637142857142855,57.637142857142855
2017-05-21,59.39857142857144,59.39857142857144
2017-05-22,57.666071428571435,57.66607142857144
2017-05-23,61.08928571428571,61.08928571428571
2017-05-24,63.80857142857143,63.80857142857143
2017-05-25,57.617857142857154,57.61785714285716
2017-05-26,59.05785714285714,59.057857142857145
2017-05-27,61.539285714285704,61.5392857142857
2017-05-28,64.32928571428572,64.32928571428572
2017-05-29,60.658571428571435,60.65857142857143
2017-05-30,60.51071428571429,60.5107142857143
2017-05-31,63.50321428571429,63.503214285714286
2017-06-01,62.88928571428572,62.88928571428572
2017-06-02,59.980357142857144,59.980357142857144
2017-06-03,60.5975,60.5975
2017-06-04,58.70428571428572,58.70428571428572
2017-06-05,61.111785714285716,61.111785714285716
2017-06-06,55.34857142857143,55.34857142857144
2017-06-07,59.102857142857154,59.10285714285715
2017-06-08,62.8475,62.8475
2017-06-09,66.72392857142857,66.72392857142857
2017-06-10,71.88607142857144,71.88607142857144
2017-06-11,78.15392857142857,78.15392857142857
2017-06-12,79.99892857142858,79.99892857142858
2017-06-13,78.31142857142858,78.31142857142858
2017-06-14,69.67464285714286,69.67464285714286
2017-06-15,67.33142857142856,67.33142857142856
2017-06-16,68.30857142857144,68.30857142857144
2017-06-17,72.99178571428574,72.99178571428574
2017-06-18,76.89714285714288,76.89714285714288
2017-06-19,72.28142857142858,72.28142857142858
2017-06-20,70.97321428571429,70.97321428571429
2017-06-21,69.6575,69.6575
2017-06-22,70.74071428571429,70.74071428571429
2017-06-23,75.46678571428572,75.46678571428572
2017-06-24,72.71214285714284,72.71214285714284
2017-06-25,68.05678571428571,68.05678571428571
2017-06-26,65.09336734693878,65.09336734693878
2017-06-27,61.917193877551014,61.917193877551014
2017-06-28,66.00071428571428,66.00071428571428
2017-06-29,70.61642857142857,70.61642857142857
2017-06-30,75.52314285714286,75.52314285714286
2017-07-01,72.82464285714286,72.82464285714286
2017-07-02,73.94321428571429,73.94321428571429
2017-07-03,72.92107142857142,72.92107142857142
2017-07-04,71.18535714285714,71.18535714285714
2017-07-05,72.13035714285716,72.13035714285716
2017-07-06,73.58000000000001,73.58000000000001
2017-07-07,73.16857142857144,73.16857142857144
2017-07-08,71.53571428571429,71.53571428571429
2017-07-09,70.19535714285715,70.19535714285715
2017-07-10,72.55464285714284,72.55464285714284
2017-07-11,74.91071428571429,74.91071428571429
2017-07-12,76.49214285714284,76.49214285714284
2017-07-13,73.12678571428572,73.12678571428572
2017-07-14,69.57178571428571,69.57178571428571
2017-07-15,70.35285714285715,70.35285714285715
2017-07-16,72.82142857142857,72.82142857142857
2017-07-17,73.3325,73.3325
2017-07-18,73.99464285714284,73.99464285714284
2017-07-19,77.41464285714288,77.41464285714288
2017-07-20,76.22214285714288,76.22214285714288
2017-07-21,77.94500000000002,77.94500000000002
2017-07-22,74.64392857142856,74.64392857142856
2017-07-23,72.51010204081635,72.51010204081635
2017-07-24,67.30035714285714,67.30035714285714
2017-07-25,63.76816326530613,63.76816326530612
2017-07-26,67.17071428571428,67.17071428571428
2017-07-27,70.21785714285714,70.21785714285714
2017-07-28,70.23913265306123,70.23913265306123
2017-07-29,67.72035714285714,67.72035714285714
2017-07-30,69.87071428571429,69.87071428571429
2017-07-31,73.37428571428572,73.37428571428572
2017-08-01,75.21607142857144,75.21607142857144
2017-08-02,74.21642857142857,74.21642857142857
2017-08-03,73.86928571428572,73.86928571428572
2017-08-04,73.76321428571428,73.76321428571428
2017-08-05,68.89357142857143,68.89357142857143
2017-08-06,66.71428571428572,66.71428571428572
2017-08-07,65.88316326530612,65.88316326530612
2017-08-08,68.02892857142857,68.02892857142857
2017-08-09,70.72571428571429,70.72571428571429
2017-08-10,72.35535714285714,72.35535714285714
2017-08-11,71.11464285714284,71.11464285714284
2017-08-12,70.48785714285717,70.48785714285717
2017-08-13,71.17892857142857,71.17892857142857
2017-08-14,71.34875,71.34875
2017-08-15,69.86734693877551,69.86734693877551
2017-08-16,71.35892857142858,71.35892857142858
2017-08-17,70.72280612244899,70.72280612244899
2017-08-18,75.84607142857143,75.84607142857143
2017-08-19,73.66357142857143,73.66357142857143
2017-08-20,71.37346938775511,71.37346938775511
2017-08-21,74.47035714285714,74.47035714285714
2017-08-22,75.90392857142857,75.90392857142857
2017-08-23,69.1442857142857,69.1442857142857
2017-08-24,65.46392857142857,65.46392857142857
2017-08-25,64.4192857142857,64.4192857142857
2017-08-26,62.429642857142866,62.429642857142866
2017-08-27,63.12071428571429,63.120714285714286
2017-08-28,63.917857142857144,63.917857142857144
2017-08-29,61.91214285714286,61.91214285714286
2017-08-30,64.805,64.805
2017-08-31,64.6925,64.6925
2017-09-01,56.823928571428574,56.823928571428574
2017-09-02,57.174285714285716,57.174285714285716
2017-09-03,59.4275,59.4275
2017-09-04,68.68785714285714,68.68785714285714
2017-09-05,67.85857142857144,67.85857142857144
2017-09-06,61.7675,61.76749999999999
2017-09-07,60.758214285714295,60.75821428571429
2017-09-08,59.045,59.04500000000001
2017-09-09,57.30285714285715,57.30285714285715
2017-09-10,58.53714285714285,58.53714285714285
2017-09-11,60.64571428571429,60.64571428571429
2017-09-12,64.61857142857143,64.61857142857143
2017-09-13,67.10964285714286,67.10964285714286
2017-09-14,69.95428571428572,69.95428571428572
2017-09-15,70.10214285714285,70.10214285714285
2017-09-16,69.94142857142856,69.94142857142856
2017-09-17,70.43964285714286,70.43964285714286
2017-09-18,70.67428571428572,70.67428571428572
2017-09-19,70.17607142857143,70.17607142857143
2017-09-20,70.34321428571428,70.34321428571428
2017-09-21,70.83178571428573,70.83178571428573
2017-09-22,69.10249999999999,69.10249999999999
2017-09-23,71.29142857142858,71.29142857142858
2017-09-24,74.94285714285716,74.94285714285716
2017-09-25,75.20964285714284,75.20964285714284
2017-09-26,74.29357142857144,74.29357142857144
2017-09-27,74.81107142857142,74.81107142857142
2017-09-28,63.48392857142858,63.48392857142858
2017-09-29,55.79857142857142,55.79857142857143
2017-09-30,52.96035714285714,52.96035714285714
2017-10-01,52.680714285714295,52.680714285714295
2017-10-02,55.99464285714286,55.99464285714285
2017-10-03,59.208928571428565,59.20892857142856
2017-10-04,65.94928571428572,65.94928571428572
2017-10-05,65.65678571428572,65.65678571428572
2017-10-06,64.02714285714285,64.02714285714285
2017-10-07,69.52647959183673,69.52647959183673
2017-10-08,70.475,70.475
2017-10-09,67.27035714285715,67.27035714285715
2017-10-10,67.67214285714286,67.67214285714286
2017-10-11,59.83678571428572,59.83678571428571
2017-10-12,55.55566326530612,55.55566326530612
2017-10-13,56.7725,56.772499999999994
2017-10-14,62.78,62.779999999999994
2017-10-15,66.64678571428573,66.64678571428573
2017-10-16,49.696020408163264,49.696020408163264
2017-10-17,47.88500000000001,47.88500000000001
2017-10-18,57.17428571428571,57.17428571428571
2017-10-19,59.949591836734704,59.94959183673471
2017-10-20,58.55,58.55
2017-10-21,58.49535714285714,58.495357142857145
2017-10-22,60.379387755102044,60.379387755102044
2017-10-23,64.44224489795917,64.44224489795917
2017-10-24,65.2325,65.2325
2017-10-25,54.68321428571429,54.68321428571429
2017-10-26,48.666071428571435,48.666071428571435
2017-10-27,52.233928571428564,52.233928571428564
2017-10-28,55.85964285714286,55.85964285714286
2017-10-29,52.471785714285716,52.471785714285716
2017-10-30,48.46678571428572,48.46678571428572
2017-10-31,44.953571428571436,44.953571428571436
2017-11-01,43.3625,43.3625
2017-11-02,59.0913775510204,59.0913775510204
2017-11-03,55.8725,55.8725
2017-11-04,43.75785714285715,43.75785714285715
2017-11-05,53.339642857142856,53.339642857142856
2017-11-06,52.957142857142856,52.957142857142856
2017-11-07,40.035714285714285,40.035714285714285
2017-11-08,37.53821428571429,37.53821428571429
2017-11-09,40.83607142857143,40.83607142857143
2017-11-10,28.86607142857143,28.86607142857143
2017-11-11,26.51,26.51
2017-11-12,34.635714285714286,34.635714285714286
2017-11-13,38.878571428571426,38.878571428571426
2017-11-14,38.85607142857143,38.85607142857143
2017-11-15,39.98107142857143,39.98107142857143
2017-11-16,45.30071428571429,45.30071428571429
2017-11-17,36.19464285714286,36.19464285714286
2017-11-18,40.119285714285716,40.119285714285716
2017-11-19,42.13464285714286,42.13464285714286
2017-11-20,35.815357142857145,35.815357142857145
2017-11-21,45.85678571428571,45.85678571428571
2017-11-22,39.55127551020408,39.55127551020408
2017-11-23,33.27607142857143,33.27607142857143
2017-11-24,41.729642857142856,41.729642857142856
2017-11-25,46.52857142857143,46.52857142857143
2017-11-26,39.259142857142855,39.259142857142855
2017-11-27,37.5125,37.5125
2017-11-28,42.17,42.17
2017-11-29,46.57035714285714,46.57035714285714
2017-11-30,38.80142857142857,38.80142857142857
2017-12-01,42.38214285714286,42.38214285714286
2017-12-02,36.77642857142858,36.77642857142858
2017-12-03,39.129285714285714,39.129285714285714
2017-12-04,40.0775,40.0775
2017-12-05,49.57892857142856,49.57892857142856
2017-12-06,38.8625,38.8625
2017-12-07,35.18535714285714,35.18535714285714
2017-12-08,30.76571428571428,30.765714285714285
2017-12-09,29.393214285714286,29.393214285714286
2017-12-10,29.81107142857143,29.81107142857143
2017-12-11,29.958928571428572,29.958928571428572
2017-12-12,31.93938775510204,31.939387755102036
2017-12-13,19.011071428571427,19.011071428571427
2017-12-14,18.97571428571429,18.97571428571429
2017-12-15,19.425714285714285,19.425714285714285
2017-12-16,25.57785714285714,25.57785714285714
2017-12-17,23.504642857142855,23.504642857142855
2017-12-18,34.307857142857145,34.307857142857145
2017-12-19,44.41035714285713,44.41035714285713
2017-12-20,35.9825,35.9825
2017-12-21,28.994642857142853,28.99464285714285
2017-12-22,30.122857142857146,30.122857142857143
2017-12-23,35.32035714285714,35.32035714285714
2017-12-24,31.778214285714284,31.778214285714284
2017-12-25,28.03035714285714,28.03035714285714
2017-12-26,16.815714285714286,16.815714285714286
2017-12-27,12.505357142857141,12.505357142857141
2017-12-28,7.295000000000003,7.2950000000000035
2017-12-29,9.988571428571426,9.988571428571426
2017-12-30,14.080357142857142,14.080357142857142
2017-12-31,7.322857142857143,7.322857142857144
2018-01-01,6.555714285714287,6.555714285714287
2018-01-02,14.520714285714286,14.520714285714288
2018-01-03,17.333214285714284,17.333214285714284
2018-01-04,18.4325,18.4325
2018-01-05,6.099285714285713,6.099285714285713
2018-01-06,3.736785714285709,3.736785714285709
2018-01-07,7.982857142857143,7.982857142857143
2018-01-08,27.75392857142857,27.753928571428574
2018-01-09,32.691071428571426,32.691071428571426
2018-01-10,31.80071428571428,31.80071428571428
2018-01-11,46.10107142857144,46.10107142857144
2018-01-12,48.69821428571429,48.69821428571429
2018-01-13,20.58607142857143,20.58607142857143
2018-01-14,9.731428571428571,9.731428571428571
2018-01-15,13.868214285714286,13.868214285714286
2018-01-16,25.057142857142853,25.057142857142853
2018-01-17,21.67571428571428,21.67571428571428
2018-01-18,18.83107142857143,18.83107142857143
2018-01-19,28.11392857142857,28.11392857142857
2018-01-20,38.82714285714286,38.82714285714286
2018-01-21,37.666785714285716,37.666785714285716
2018-01-22,38.955714285714286,38.955714285714286
2018-01-23,43.295,43.295
2018-01-24,28.006479591836733,28.006479591836733
2018-01-25,22.141785714285714,22.141785714285714
2018-01-26,28.374285714285712,28.374285714285715
2018-01-27,41.707142857142856,41.707142857142856
2018-01-28,40.9325,40.9325
2018-01-29,33.2375,33.2375
2018-01-30,23.183214285714282,23.183214285714282
2018-01-31,21.38642857142857,21.38642857142857
2018-02-01,35.56142857142857,35.56142857142857
2018-02-02,18.71214285714285,18.71214285714285
2018-02-03,19.72142857142857,19.72142857142857
2018-02-04,33.565357142857145,33.565357142857145
2018-02-05,23.23142857142857,23.23142857142857
2018-02-06,23.4275,23.4275
2018-02-07,24.041428571428572,24.041428571428572
2018-02-08,21.614642857142854,21.614642857142854
2018-02-09,22.562857142857148,22.562857142857148
2018-02-10,35.09535714285714,35.09535714285714
2018-02-11,36.47428571428571,36.47428571428571
2018-02-12,32.691071428571426,32.691071428571426
2018-02-13,24.9575,24.9575
2018-02-14,37.59285714285714,37.59285714285714
2018-02-15,45.834285714285706,45.834285714285706
2018-02-16,40.70428571428572,40.70428571428572
2018-02-17,28.634642857142854,28.634642857142854
2018-02-18,32.75535714285714,32.75535714285714
2018-02-19,39.7175,39.7175
2018-02-20,55.396785714285706,55.396785714285706
2018-02-21,52.240081632653066,52.240081632653066
2018-02-22,36.059642857142855,36.059642857142855
2018-02-23,36.41321428571429,36.41321428571429
2018-02-24,41.10285714285715,41.10285714285715
2018-02-25,40.85214285714286,40.85214285714286
2018-02-26,40.75571428571429,40.75571428571429
2018-02-27,41.97071428571429,41.97071428571429
2018-02-28,47.58607142857144,47.58607142857144
2018-03-01,42.73892857142857,42.73892857142857
2018-03-02,33.09607142857143,33.09607142857143
2018-03-03,34.5425,34.5425
2018-03-04,32.9675,32.9675
2018-03-05,30.916785714285716,30.916785714285712
2018-03-06,33.98321428571428,33.98321428571428
2018-03-07,33.21178571428572,33.21178571428572
2018-03-08,31.72357142857143,31.723571428571432
2018-03-09,31.49535714285714,31.49535714285714
2018-03-10,31.60142857142857,31.60142857142857
2018-03-11,31.225357142857145,31.225357142857145
2018-03-12,30.77857142857143,30.778571428571425
2018-03-13,30.875,30.875
2018-03-14,30.85892857142857,30.85892857142857
2018-03-15,32.54,32.54
2018-03-16,28.454642857142854,28.454642857142854
2018-03-17,30.11321428571428,30.11321428571428
2018-03-18,27.773214285714282,27.773214285714282
2018-03-19,28.763214285714287,28.763214285714287
2018-03-20,27.435714285714287,27.435714285714287
2018-03-21,30.54392857142857,30.54392857142857
2018-03-22,34.29821428571429,34.29821428571429
2018-03-23,34.8125,34.8125
2018-03-24,33.57178571428572,33.57178571428572
2018-03-25,32.45642857142857,32.45642857142857
2018-03-26,36.60285714285715,36.60285714285715
2018-03-27,37.895,37.895
2018-03-28,41.10285714285715,41.10285714285715
2018-03-29,45.15607142857144,45.15607142857144
2018-03-30,43.3175,43.3175
2018-03-31,41.948214285714286,41.948214285714286
2018-04-01,39.93607142857143,39.93607142857143
2018-04-02,35.36214285714286,35.36214285714286
2018-04-03,38.129642857142855,38.129642857142855
2018-04-04,42.93714285714286,42.93714285714286
2018-04-05,31.627142857142854,31.627142857142857
2018-04-06,35.513214285714284,35.513214285714284
2018-04-07,33.35642857142857,33.35642857142857
2018-04-08,30.90392857142857,30.903928571428573
2018-04-09,33.282040816326536,33.282040816326536
2018-04-10,36.26535714285714,36.26535714285714
2018-04-11,37.20457142857143,37.20457142857143
2018-04-12,45.535357142857144,45.535357142857144
2018-04-13,51.755,51.755
2018-04-14,43.95071428571429,43.95071428571429
2018-04-15,35.57375,35.57375
2018-04-16,41.49821428571428,41.49821428571428
2018-04-17,36.93392857142858,36.93392857142858
2018-04-18,38.59204081632653,38.59204081632653
2018-04-19,37.0625,37.0625
2018-04-20,37.71178571428571,37.71178571428571
2018-04-21,44.246428571428574,44.246428571428574
2018-04-22,48.611428571428576,48.611428571428576
2018-04-23,52.436428571428564,52.436428571428564
2018-04-24,57.00714285714286,57.00714285714287
2018-04-25,52.076428571428565,52.076428571428565
2018-04-26,50.604285714285716,50.604285714285716
2018-04-27,49.64,49.64
2018-04-28,50.05464285714285,50.05464285714285
2018-04-29,43.33678571428571,43.33678571428571
2018-04-30,46.644285714285715,46.644285714285715
2018-05-01,59.405,59.404999999999994
2018-05-02,71.02785714285714,71.02785714285714
2018-05-03,70.50102040816326,70.50102040816326
2018-05-04,67.20928571428573,67.20928571428573
2018-05-05,62.066428571428574,62.06642857142858
2018-05-06,60.05244897959183,60.05244897959183
2018-05-07,58.3925,58.39249999999999
2018-05-08,60.45285714285714,60.45285714285714
2018-05-09,67.90693877551021,67.90693877551021
2018-05-10,62.971785714285716,62.97178571428572
2018-05-11,55.175,55.175
2018-05-12,51.58785714285714,51.58785714285714
2018-05-13,54.50321428571429,54.50321428571429
2018-05-14,61.8575,61.85750000000001
2018-05-15,65.26464285714286,65.26464285714286
2018-05-16,61.42678571428571,61.4267857142857
2018-05-17,65.12642857142858,65.12642857142858
2018-05-18,60.84821428571429,60.84821428571429
2018-05-19,57.18714285714286,57.18714285714285
2018-05-20,64.44500000000001,64.44500000000001
2018-05-21,62.71892857142856,62.71892857142857
2018-05-22,60.166785714285716,60.166785714285716
2018-05-23,65.29035714285715,65.29035714285715
2018-05-24,67.44392857142857,67.44392857142857
2018-05-25,70.41913265306124,70.41913265306124
2018-05-26,73.54142857142858,73.54142857142858
2018-05-27,66.34464285714286,66.34464285714286
2018-05-28,64.98316326530613,64.98316326530613
2018-05-29,70.97673469387756,70.97673469387756
2018-05-30,72.40035714285716,72.40035714285716
2018-05-31,70.70642857142856,70.70642857142856
2018-06-01,72.98857142857142,72.98857142857142
2018-06-02,68.80357142857143,68.80357142857143
2018-06-03,62.33,62.32999999999999
2018-06-04,59.777857142857144,59.777857142857144
2018-06-05,59.086785714285725,59.086785714285725
2018-06-06,57.688571428571436,57.688571428571436
2018-06-07,61.818928571428565,61.818928571428565
2018-06-08,67.96464285714286,67.96464285714286
2018-06-09,67.14178571428572,67.14178571428572
2018-06-10,65.80142857142856,65.80142857142856
2018-06-11,64.42571428571429,64.42571428571429
2018-06-12,67.18035714285715,67.18035714285715
2018-06-13,69.15392857142857,69.15392857142857
2018-06-14,68.77464285714285,68.77464285714285
2018-06-15,66.11964285714285,66.11964285714285
2018-06-16,70.20821428571429,70.20821428571429
2018-06-17,75.21285714285716,75.21285714285716
2018-06-18,78.43035714285716,78.43035714285716
2018-06-19,72.64142857142858,72.64142857142858
2018-06-20,67.92285714285714,67.92285714285714
2018-06-21,67.84892857142857,67.84892857142857
2018-06-22,66.02964285714286,66.02964285714286
2018-06-23,64.8275,64.8275
2018-06-24,67.41178571428571,67.41178571428571
2018-06-25,67.66571428571429,67.66571428571429
2018-06-26,66.20321428571428,66.20321428571428
2018-06-27,67.7942857142857,67.7942857142857
2018-06-28,72.20428571428572,72.20428571428572
2018-06-29,77.15428571428572,77.15428571428572
2018-06-30,80.15642857142858,80.15642857142858
2018-07-01,83.9525,83.9525
2018-07-02,83.45428571428572,83.45428571428572
2018-07-03,81.27714285714283,81.27714285714283
2018-07-04,79.96357142857143,79.96357142857143
2018-07-05,80.42,80.42
2018-07-06,73.98178571428572,73.98178571428572
2018-07-07,67.16107142857143,67.16107142857143
2018-07-08,68.54428571428572,68.54428571428572
2018-07-09,74.92035714285714,74.92035714285714
2018-07-10,77.05464285714284,77.05464285714284
2018-07-11,74.10392857142858,74.10392857142858
2018-07-12,72.32321428571429,72.32321428571429
2018-07-13,75.37035714285712,75.37035714285712
2018-07-14,77.83571428571429,77.83571428571429
2018-07-15,77.55928571428572,77.55928571428572
2018-07-16,79.67428571428573,79.67428571428573
2018-07-17,75.85249999999998,75.85249999999998
2018-07-18,71.5325,71.5325
2018-07-19,69.755,69.755
2018-07-20,73.47668367346937,73.47668367346937
2018-07-21,72.1625,72.1625
2018-07-22,72.96285714285712,72.96285714285712
2018-07-23,76.35576530612245,76.35576530612245
2018-07-24,77.2175,77.2175
2018-07-25,74.89785714285712,74.89785714285712
2018-07-26,75.87178571428572,75.87178571428572
2018-07-27,74.43561224489797,74.43561224489797
2018-07-28,72.53535714285717,72.53535714285717
2018-07-29,71.61928571428572,71.61928571428572
2018-07-30,70.43964285714287,70.43964285714287
2018-07-31,72.9725,72.9725
2018-08-01,76.43443877551022,76.43443877551022
2018-08-02,76.39066326530613,76.39066326530613
2018-08-03,75.03607142857143,75.03607142857143
2018-08-04,75.70785714285714,75.70785714285714
2018-08-05,78.43678571428572,78.43678571428572
2018-08-06,80.8925,80.8925
2018-08-07,77.29112244897959,77.29112244897959
2018-08-08,75.25188775510205,75.25188775510205
2018-08-09,76.43428571428572,76.43428571428572
2018-08-10,74.12321428571428,74.12321428571428
2018-08-11,70.32071428571429,70.32071428571429
2018-08-12,72.47107142857143,72.47107142857143
2018-08-13,71.28683673469386,71.28683673469386
2018-08-14,72.4145918367347,72.4145918367347
2018-08-15,76.81678571428571,76.81678571428571
2018-08-16,77.99000000000002,77.99000000000002
2018-08-17,76.43107142857143,76.43107142857143
2018-08-18,72.095,72.095
2018-08-19,68.94821428571429,68.94821428571429
2018-08-20,69.66178571428571,69.66178571428571
2018-08-21,71.47387755102041,71.47387755102041
2018-08-22,71.84107142857144,71.84107142857144
2018-08-23,67.88107142857143,67.88107142857143
2018-08-24,70.76107142857144,70.76107142857144
2018-08-25,71.55178571428571,71.55178571428571
2018-08-26,73.90142857142857,73.90142857142857
2018-08-27,77.47892857142857,77.47892857142857
2018-08-28,82.535,82.535
2018-08-29,82.17821428571429,82.17821428571429
2018-08-30,73.47714285714288,73.47714285714288
2018-08-31,68.2925,68.2925
2018-09-01,72.19142857142856,72.19142857142856
2018-09-02,75.29964285714286,75.29964285714286
2018-09-03,78.76142857142858,78.76142857142858
2018-09-04,78.92857142857143,78.92857142857143
2018-09-05,79.72892857142857,79.72892857142857
2018-09-06,77.1575,77.1575
2018-09-07,69.82571428571428,69.82571428571428
2018-09-08,61.818928571428565,61.818928571428565
2018-09-09,55.878928571428574,55.87892857142858
2018-09-10,56.64714285714286,56.64714285714286
2018-09-11,64.71362244897959,64.71362244897959
2018-09-12,69.00285714285715,69.00285714285715
2018-09-13,72.66897959183675,72.66897959183675
2018-09-14,72.43571428571428,72.43571428571428
2018-09-15,69.422,69.422
2018-09-16,72.39285714285714,72.39285714285714
2018-09-18,73.05285714285714,73.05285714285714
2018-09-19,68.92571428571429,68.92571428571429
2018-09-20,65.49285714285716,65.49285714285716
2018-09-21,71.3107142857143,71.3107142857143
2018-09-22,61.75464285714286,61.754642857142855
2018-09-23,56.334285714285706,56.334285714285706
2018-09-24,61.194285714285705,61.194285714285705
2018-09-25,62.268928571428575,62.268928571428575
2018-09-26,69.71000000000001,69.71000000000001
2018-09-27,59.456428571428575,59.456428571428575
2018-09-28,59.24428571428571,59.2442857142857
2018-09-29,58.569285714285705,58.569285714285705
2018-09-30,55.991428571428564,55.991428571428564
2018-10-01,58.726785714285704,58.7267857142857
2018-10-02,63.22678571428572,63.226785714285725
2018-10-03,61.10214285714285,61.10214285714286
2018-10-04,64.31,64.31
2018-10-05,55.75035714285714,55.75035714285715
2018-10-06,62.783214285714294,62.783214285714294
2018-10-07,64.57357142857144,64.57357142857144
2018-10-08,63.300714285714285,63.30071428571429
2018-10-09,72.38107142857143,72.38107142857143
2018-10-10,72.73464285714286,72.73464285714286
2018-10-11,68.97163265306122,68.97163265306122
2018-10-12,52.64214285714286,52.64214285714286
2018-10-13,46.92714285714285,46.92714285714285
2018-10-14,49.54035714285714,49.54035714285714
2018-10-15,54.15607142857142,54.15607142857142
2018-10-16,46.878928571428574,46.878928571428574
2018-10-17,47.06535714285714,47.06535714285714
2018-10-18,40.48571428571429,40.48571428571429
2018-10-19,45.722857142857144,45.722857142857144
2018-10-20,52.16321428571429,52.16321428571429
2018-10-21,40.88428571428571,40.88428571428571
2018-10-22,43.23071428571429,43.23071428571429
2018-10-23,47.74938775510204,47.74938775510204
2018-10-24,42.82571428571429,42.82571428571429
2018-10-25,40.509591836734685,40.509591836734685
2018-10-26,40.3025,40.3025
2018-10-27,41.68142857142857,41.68142857142857
2018-10-28,43.381785714285705,43.381785714285705
2018-10-29,45.824642857142855,45.824642857142855
2018-10-30,43.34321428571428,43.34321428571428
2018-10-31,50.39857142857144,50.39857142857144
2018-11-01,51.65535714285715,51.65535714285715
2018-11-02,54.94357142857143,54.94357142857143
2018-11-03,47.19714285714285,47.19714285714285
2018-11-04,43.37214285714286,43.37214285714286
2018-11-05,47.26785714285714,47.26785714285714
2018-11-06,51.96714285714286,51.96714285714286
2018-11-07,50.581785714285715,50.581785714285715
2018-11-08,43.71607142857143,43.71607142857143
2018-11-09,38.82714285714286,38.82714285714286
2018-11-10,37.15892857142858,37.15892857142858
2018-11-11,35.121071428571426,35.121071428571426
2018-11-12,38.72428571428571,38.72428571428571
2018-11-13,38.64852040816328,38.64852040816328
2018-11-14,30.235357142857147,30.235357142857147
2018-11-15,27.316785714285718,27.316785714285718
2018-11-16,31.35071428571429,31.350714285714286
2018-11-22,14.295714285714284,14.295714285714286
2018-11-23,23.803877551020413,23.803877551020413
2018-11-24,34.738571428571426,34.738571428571426
2018-11-25,42.97035714285714,42.97035714285714
2018-11-26,41.50142857142858,41.50142857142858
2018-11-27,36.10785714285714,36.10785714285714
2018-11-28,34.385,34.385
2018-11-29,35.558214285714286,35.558214285714286
2018-11-30,34.590714285714284,34.590714285714284
2018-12-01,35.81857142857143,35.81857142857143
2018-12-02,44.664285714285704,44.664285714285704
2018-12-03,43.478214285714294,43.478214285714294
2018-12-04,30.579285714285717,30.579285714285714
2018-12-05,26.182142857142853,26.182142857142853
2018-12-06,31.73688775510204,31.73688775510204
2018-12-07,27.725,27.725
2018-12-08,25.368928571428572,25.368928571428572
2018-12-09,27.53857142857143,27.53857142857143
2018-12-10,30.145357142857147,30.145357142857147
2018-12-11,28.708571428571428,28.708571428571425
2018-12-12,31.54678571428572,31.546785714285715
2018-12-13,31.69142857142857,31.691428571428574
2018-12-14,40.68178571428571,40.68178571428571
2018-12-15,41.527142857142856,41.527142857142856
2018-12-16,36.21714285714286,36.21714285714286
2018-12-17,36.94678571428572,36.94678571428572
2018-12-18,26.992142857142852,26.992142857142852
2018-12-19,29.69535714285714,29.695357142857137
2018-12-20,37.23285714285714,37.23285714285714
2018-12-21,49.8425,49.8425
2018-12-22,36.815,36.815
2018-12-23,33.36607142857143,33.36607142857143
2018-12-24,34.33357142857143,34.33357142857143
2018-12-25,31.235,31.235000000000003
2018-12-26,32.30535714285714,32.30535714285714
2018-12-27,32.3375,32.3375
2018-12-28,47.341785714285706,47.341785714285706
2018-12-29,38.97821428571429,38.97821428571429
2018-12-30,29.94607142857143,29.94607142857143
2018-12-31,33.427142857142854,33.427142857142854
2019-01-01,40.379,40.379
2019-01-02,29.039,29.039000000000005
2019-01-03,34.232,34.232
2019-01-04,37.13,37.13
2019-01-05,35.6495,35.6495
2019-01-06,34.376,34.376
2019-01-07,24.0485,24.0485
2019-01-08,39.2495,39.2495
2019-01-09,34.3175,34.3175
2019-01-10,24.116,24.116
2019-01-11,15.831499999999998,15.831499999999998
2019-01-12,19.148000000000003,19.148000000000003
2019-01-13,17.9015,17.9015
2019-01-14,18.6845,18.6845
2019-01-15,25.6235,25.6235
2019-01-16,28.184,28.183999999999997
2019-01-17,18.302,18.302
2019-01-18,29.4215,29.4215
2019-01-19,22.397,22.397
2019-01-20,14.8325,14.832499999999998
2019-01-21,2.8715000000000046,2.8715000000000046
2019-01-22,13.685,13.685
2019-01-23,34.7045,34.7045
2019-01-24,36.9455,36.9455
2019-01-25,24.44,24.44
2019-01-26,17.5685,17.5685
2019-01-27,25.052,25.052
2019-01-28,16.852999999999998,16.852999999999998
2019-01-29,26.483,26.483
2019-01-30,9.2075,9.2075
2019-01-31,3.3529999999999984,3.3529999999999984
2019-02-01,7.5695000000000014,7.569500000000001
2019-02-02,20.5925,20.5925
2019-02-03,38.957,38.957
2019-02-04,48.5015,48.5015
2019-02-05,41.458999999999996,41.458999999999996
2019-02-06,31.7255,31.725499999999997
2019-02-07,36.6125,36.6125
2019-02-08,35.446999999999996,35.446999999999996
2019-02-09,20.5745,20.5745
2019-02-10,22.865,22.865
2019-02-11,27.059,27.059
2019-02-12,26.15,26.15
2019-02-13,29.651,29.651
2019-02-14,31.298000000000002,31.298000000000005
2019-02-15,38.993,38.993
2019-02-16,27.5945,27.5945
2019-02-17,23.6975,23.6975
2019-02-18,23.963,23.963
2019-02-19,17.3795,17.3795
2019-02-20,22.945999999999998,22.945999999999998
2019-02-21,36.851,36.851
2019-02-22,32.675,32.675
2019-02-23,31.4735,31.473499999999998
2019-02-24,39.029,39.029
2019-02-25,26.753,26.753
2019-02-26,20.273,20.273
2019-02-27,16.326500000000006,16.326500000000006
2019-02-28,19.6745,19.6745
2019-03-01,25.0925,25.0925
2019-03-02,30.2045,30.204499999999996
2019-03-03,28.04,28.039999999999996
2019-03-04,22.3295,22.3295
2019-03-05,16.0295,16.0295
2019-03-06,13.7165,13.7165
2019-03-07,16.988,16.988
2019-03-08,21.155,21.155
2019-03-09,27.779,27.779000000000003
2019-03-10,38.066,38.066
2019-03-11,36.6845,36.6845
2019-03-12,30.515642857142854,30.51564285714285
2019-03-13,35.4056,35.4056
2019-03-14,48.6725,48.6725
2019-03-15,49.922857142857154,49.922857142857154
2019-03-16,34.65371428571429,34.65371428571429
2019-03-17,29.7455,29.7455
2019-03-18,30.6275,30.6275
2019-03-19,33.4715,33.4715
2019-03-20,39.181999999999995,39.181999999999995
2019-03-21,42.13292857142857,42.13292857142857
2019-03-22,36.751999999999995,36.751999999999995
2019-03-23,30.308000000000003,30.308000000000007
2019-03-24,39.425,39.425
2019-03-25,36.0095,36.0095
2019-03-26,31.936999999999998,31.936999999999998
2019-03-27,34.8395,34.8395
2019-03-28,46.13,46.13
2019-03-29,46.481,46.481
2019-03-30,51.5255,51.5255
2019-03-31,37.8725,37.8725
2019-04-01,30.730999999999998,30.730999999999998
2019-04-02,38.5835,38.5835
2019-04-03,43.223,43.223
2019-04-04,38.156,38.156
2019-04-05,36.446,36.446
2019-04-06,47.885,47.885
2019-04-07,52.6235,52.6235
2019-04-08,56.6735,56.6735
2019-04-09,48.191,48.191
2019-04-10,40.5005,40.5005
2019-04-11,37.94,37.94
2019-04-12,55.25149999999999,55.25149999999999
2019-04-13,56.0885,56.088499999999996
2019-04-14,47.5565,47.5565
2019-04-15,43.97,43.97
2019-04-16,43.601000000000006,43.601000000000006
2019-04-17,48.2495,48.2495
2019-04-18,58.559,58.559
2019-04-19,58.856,58.856
2019-04-20,52.16,52.16
2019-04-21,50.9945,50.9945
2019-04-22,53.2355,53.2355
2019-04-23,58.1045,58.1045
2019-04-24,49.433,49.433
2019-04-25,50.76049999999999,50.76049999999999
2019-04-26,53.76649999999999,53.76649999999999
2019-04-27,42.324285714285715,42.324285714285715
2019-04-28,42.0485,42.0485
2019-04-29,42.8,42.8
2019-04-30,46.8635,46.8635
2019-05-01,53.0825,53.0825
2019-05-02,53.303000000000004,53.303000000000004
2019-05-03,53.0645,53.0645
2019-05-04,52.6775,52.6775
2019-05-05,53.7935,53.7935
2019-05-06,58.091,58.09100000000001
2019-05-07,53.42,53.42
2019-05-08,50.972,50.972
2019-05-09,56.615,56.615
2019-05-10,58.082,58.08200000000001
2019-05-11,51.521,51.521
2019-05-12,45.131,45.131
2019-05-13,43.8305,43.8305
2019-05-14,44.474,44.474
2019-05-15,51.457142857142856,51.457142857142856
2019-05-16,56.1335,56.13349999999999
2019-05-17,59.8505,59.85049999999999
2019-05-18,57.047,57.04699999999999
2019-05-19,68.3735,68.3735
2019-05-20,64.21100000000001,64.21100000000001
2019-05-21,55.2785,55.27850000000001
2019-05-22,57.34914285714285,57.34914285714285
2019-05-23,63.869,63.869
2019-05-24,60.9215,60.921499999999995
2019-05-25,61.5245,61.52450000000001
2019-05-26,67.703,67.703
2019-05-27,64.52600000000001,64.52600000000001
2019-05-28,58.6715,58.671499999999995
2019-05-29,57.26300000000001,57.26300000000001
2019-05-30,60.6965,60.6965
2019-05-31,62.539142857142856,62.53914285714286
2019-06-01,65.426,65.426
2019-06-02,61.214,61.21399999999999
2019-06-03,54.923,54.923
2019-06-04,56.6555,56.6555
2019-06-05,66.25399999999999,66.25399999999999
2019-06-06,65.768,65.768
2019-06-07,65.95700000000001,65.95700000000001
2019-06-08,67.21700000000001,67.21700000000001
2019-06-09,68.738,68.738
2019-06-10,65.08850000000001,65.08850000000001
2019-06-11,63.2525,63.2525
2019-06-12,63.5585,63.5585
2019-06-13,60.05750000000001,60.05750000000001
2019-06-14,61.4795,61.4795
2019-06-15,65.039,65.039
2019-06-16,62.303000000000004,62.303000000000004
2019-06-17,64.47200000000001,64.47200000000001
2019-06-18,67.8785,67.8785
2019-06-19,69.422,69.422
2019-06-20,67.559,67.559
2019-06-21,66.81200000000001,66.81200000000001
2019-06-22,66.695,66.695
2019-06-23,68.882,68.882
2019-06-24,70.41199999999998,70.41199999999998
2019-06-25,73.184,73.184
2019-06-26,73.6385,73.6385
2019-06-27,74.84899999999999,74.84899999999999
2019-06-28,75.695,75.695
2019-06-29,75.32600000000001,75.32600000000001
2019-06-30,70.328,70.328
2019-07-01,69.7235,69.7235
2019-07-02,72.248,72.248
2019-07-03,75.785,75.785
2019-07-04,77.6975,77.6975
2019-07-05,78.4085,78.4085
2019-07-06,76.9865,76.9865
2019-07-07,71.915,71.915
2019-07-08,69.39950000000002,69.39950000000002
2019-07-09,71.564,71.564
2019-07-10,76.541,76.541
2019-07-11,76.6805,76.6805
2019-07-12,71.186,71.186
2019-07-13,73.96700000000001,73.96700000000001
2019-07-14,75.029,75.029
2019-07-15,72.0275,72.0275
2019-07-16,76.5005,76.5005
2019-07-17,75.308,75.308
2019-07-18,75.911,75.911
2019-07-19,78.53,78.53
2019-07-20,82.03999999999998,82.03999999999998
2019-07-21,80.6405,80.6405
2019-07-22,70.39399999999999,70.39399999999999
2019-07-23,71.2805,71.2805
2019-07-24,69.422,69.422
2019-07-25,72.3515,72.3515
2019-07-26,73.5665,73.5665
2019-07-27,75.33949999999999,75.33949999999999
2019-07-28,76.046,76.046
2019-07-29,77.42750000000002,77.42750000000002
2019-07-30,75.3485,75.3485
2019-07-31,73.3775,73.3775
2019-08-01,72.122,72.122
2019-08-02,71.57300000000001,71.57300000000001
2019-08-03,73.868,73.868
2019-08-04,72.464,72.464
2019-08-05,70.6325,70.6325
2019-08-06,72.26599999999998,72.26599999999998
2019-08-07,71.5505,71.5505
2019-08-08,71.141,71.141
2019-08-09,69.7235,69.7235
2019-08-10,67.5005,67.5005
2019-08-11,68.1935,68.1935
2019-08-12,72.428,72.428
2019-08-13,73.3595,73.3595
2019-08-14,71.27600000000002,71.27600000000002
2019-08-15,69.32300000000001,69.32300000000001
2019-08-16,70.83500000000002,70.83500000000002
2019-08-17,70.988,70.988
2019-08-18,73.47200000000002,73.47200000000002
2019-08-19,74.5385,74.5385
2019-08-20,74.66,74.66
2019-08-21,75.33950000000002,75.33950000000002
2019-08-22,71.8115,71.8115
2019-08-23,65.3945,65.3945
2019-08-24,63.5135,63.51349999999999
2019-08-25,64.5755,64.5755
2019-08-26,64.598,64.598
2019-08-27,66.497,66.497
2019-08-28,69.3725,69.3725
2019-08-29,67.235,67.235
2019-08-30,69.40142857142858,69.40142857142858
2019-08-31,64.51700000000001,64.51700000000001
2019-09-01,64.02199999999999,64.02199999999999
2019-09-02,67.613,67.613
2019-09-03,68.52199999999999,68.52199999999999
2019-09-04,70.07,70.07
2019-09-05,62.591,62.59100000000001
2019-09-06,61.20050000000001,61.20050000000001
2019-09-07,62.5055,62.5055
2019-09-08,62.06899999999999,62.068999999999996
2019-09-09,60.7955,60.795500000000004
2019-09-10,66.77600000000001,66.77600000000001
2019-09-11,74.1875,74.1875
2019-09-12,64.73750000000001,64.73750000000001
2019-09-13,60.593,60.593
2019-09-14,66.1685,66.1685
2019-09-15,64.805,64.805
2019-09-16,64.8545,64.8545
2019-09-17,61.637,61.63700000000001
2019-09-18,60.66885714285715,60.66885714285715
2019-09-19,59.486,59.486
2019-09-20,63.6125,63.6125
2019-09-21,68.79842857142856,68.79842857142856
2019-09-22,72.4505,72.4505
2019-09-23,71.618,71.618
2019-09-24,63.09050000000001,63.09050000000001
2019-09-25,64.5215,64.5215
2019-09-26,64.2695,64.2695
2019-09-27,61.782071428571435,61.78207142857144
2019-09-28,68.3825,68.3825
2019-09-29,61.29950000000001,61.299500000000016
2019-09-30,58.793000000000006,58.793000000000006
2019-10-01,70.42399999999999,70.42399999999999
2019-10-02,64.2116,64.2116
2019-10-03,51.58014285714286,51.58014285714286
2019-10-04,51.12714285714286,51.12714285714286
2019-10-05,47.903,47.903
2019-10-06,60.6785,60.6785
2019-10-07,59.684,59.684
2019-10-08,54.4955,54.4955
2019-10-09,51.2015,51.2015
2019-10-10,53.735,53.735
2019-10-11,54.8735,54.8735
2019-10-12,52.888999999999996,52.888999999999996
2019-10-13,52.5245,52.5245
2019-10-14,52.3445,52.3445
2019-10-15,49.513999999999996,49.513999999999996
2019-10-16,53.26571428571428,53.26571428571428
2019-10-17,47.426,47.426
2019-10-18,45.644,45.644
2019-10-19,45.023,45.023
2019-10-20,49.5995,49.5995
2019-10-21,52.81785714285715,52.81785714285715
2019-10-22,56.867,56.86699999999999
2019-10-23,52.7045,52.7045
2019-10-24,52.7675,52.7675
2019-10-25,49.29607142857144,49.29607142857144
2019-10-26,50.27,50.27
2019-10-27,55.418,55.41799999999999
2019-10-28,54.977,54.977
2019-10-29,55.652,55.652
2019-10-30,55.8725,55.8725
2019-10-31,60.485,60.485
2019-11-01,41.981,41.981
2019-11-02,41.2655,41.2655
2019-11-03,39.974000000000004,39.974000000000004
2019-11-04,44.13200000000001,44.13200000000001
2019-11-05,47.795,47.795
2019-11-06,40.4555,40.4555
2019-11-07,39.56,39.56
2019-11-08,28.2785,28.2785
2019-11-09,30.632,30.632
2019-11-10,40.8245,40.8245
2019-11-11,36.5315,36.5315
2019-11-12,26.0735,26.0735
2019-11-13,20.695999999999998,20.695999999999998
2019-11-14,30.4835,30.4835
2019-11-15,36.1085,36.1085
2019-11-16,27.365,27.365
2019-11-17,30.605,30.604999999999997
2019-11-18,36.0635,36.0635
2019-11-19,38.048,38.048
2019-11-20,37.8095,37.8095
2019-11-21,41.099,41.099
2019-11-22,42.32042857142857,42.32042857142857
2019-11-23,35.83914285714286,35.83914285714286
2019-11-24,38.39,38.39
2019-11-25,42.4805,42.4805
2019-11-26,47.083999999999996,47.083999999999996
2019-11-27,47.398999999999994,47.398999999999994
2019-11-28,37.607,37.607
2019-11-29,29.416999999999998,29.416999999999994
2019-11-30,28.337,28.337000000000003
2019-12-01,27.32,27.32
2019-12-02,30.6005,30.600499999999997
2019-12-03,27.54692857142857,27.54692857142857
2019-12-04,33.44,33.44
2019-12-05,32.853071428571425,32.853071428571425
2019-12-06,32.747,32.747
2019-12-07,27.4685,27.4685
2019-12-08,29.5295,29.5295
2019-12-09,43.732785714285704,43.732785714285704
2019-12-10,42.5165,42.5165
2019-12-11,27.1445,27.1445
2019-12-12,24.070999999999998,24.070999999999998
2019-12-13,36.107214285714285,36.107214285714285
2019-12-14,40.595,40.595
2019-12-15,34.4075,34.4075
2019-12-16,29.03,29.03
2019-12-17,29.435,29.435
2019-12-18,24.629,24.629
2019-12-19,14.868499999999996,14.868499999999994
2019-12-20,19.0175,19.0175
2019-12-21,22.3385,22.3385
2019-12-22,34.457,34.457
2019-12-23,41.09514285714286,41.09514285714286
2019-12-24,35.2715,35.2715
2019-12-25,33.9485,33.9485
2019-12-26,37.607,37.607
2019-12-27,46.7465,46.7465
2019-12-28,38.3045,38.3045
2019-12-29,35.7395,35.7395
2019-12-30,39.9425,39.9425
2019-12-31,36.0635,36.0635
2020-01-01,33.57178571428572,33.57178571428572
2020-01-02,38.705,38.705
2020-01-03,44.45535714285715,44.45535714285715
2020-01-04,39.62428571428572,39.62428571428572
2020-01-05,33.27285714285714,33.27285714285714
2020-01-06,34.82535714285714,34.82535714285714
2020-01-07,33.745357142857145,33.745357142857145
2020-01-08,29.66,29.66
2020-01-09,23.035357142857148,23.035357142857148
2020-01-10,40.47607142857143,40.47607142857143
2020-01-11,53.728571428571435,53.728571428571435
2020-01-12,46.37198979591837,46.37198979591837
2020-01-13,35.923265306122445,35.923265306122445
2020-01-14,39.72714285714286,39.72714285714286
2020-01-15,40.659285714285716,40.659285714285716
2020-01-16,35.693214285714284,35.693214285714284
2020-01-17,17.487499999999994,17.487499999999994
2020-01-18,21.31571428571429,21.31571428571429
2020-01-19,30.62107142857143,30.621071428571426
2020-01-20,18.191428571428567,18.191428571428567
2020-01-21,21.40571428571429,21.40571428571429
2020-01-22,26.664285714285718,26.664285714285718
2020-01-23,30.325357142857147,30.325357142857147
2020-01-24,37.065714285714286,37.065714285714286
2020-01-25,37.96892857142857,37.96892857142857
2020-01-26,36.96607142857143,36.96607142857143
2020-01-27,35.81857142857143,35.81857142857143
2020-01-28,33.57316326530612,33.57316326530612
2020-01-29,28.297142857142855,28.297142857142855
2020-01-30,23.945,23.945
2020-01-31,31.01642857142857,31.01642857142857
2020-02-01,33.60484693877551,33.60484693877551
2020-02-02,33.74214285714286,33.74214285714286
2020-02-03,39.605,39.605
2020-02-04,38.631530612244894,38.631530612244894
2020-02-05,32.65571428571428,32.65571428571428
2020-02-06,31.765357142857145,31.765357142857145
2020-02-07,30.4925,30.4925
2020-02-08,22.4375,22.4375
2020-02-09,27.30392857142857,27.30392857142857
2020-02-10,38.04285714285713,38.04285714285713
2020-02-11,36.982142857142854,36.982142857142854
2020-02-12,35.58714285714286,35.58714285714286
2020-02-13,34.115,34.115
2020-02-14,16.9925,16.9925
2020-02-15,17.535714285714285,17.535714285714285
2020-02-16,33.99928571428571,33.99928571428571
2020-02-17,33.01892857142857,33.01892857142857
2020-02-18,36.294285714285714,36.294285714285714
2020-02-19,33.864285714285714,33.864285714285714
2020-02-20,24.269642857142852,24.269642857142852
2020-02-21,23.845357142857143,23.845357142857143
2020-02-22,33.385357142857146,33.385357142857146
2020-02-23,39.15821428571429,39.15821428571429
2020-02-24,44.34285714285714,44.34285714285714
2020-02-25,41.315,41.315
2020-02-26,38.96535714285713,38.96535714285713
2020-02-27,32.27964285714286,32.27964285714286
2020-02-28,27.548214285714288,27.548214285714288
2020-02-29,23.27642857142857,23.27642857142857
2020-03-01,28.801785714285717,28.80178571428572
2020-03-02,44.84428571428572,44.84428571428572
2020-03-03,46.74117346938775,46.74117346938775
2020-03-04,42.40785714285714,42.40785714285714
2020-03-05,38.63428571428572,38.63428571428572
2020-03-06,36.48714285714286,36.48714285714286
2020-03-07,32.78107142857143,32.78107142857143
2020-03-08,41.98035714285713,41.98035714285713
2020-03-09,55.24066326530613,55.24066326530614
2020-03-10,53.19500000000001,53.19500000000001
2020-03-11,40.97428571428571,40.97428571428571
2020-03-12,42.848214285714285,42.848214285714285
2020-03-13,49.160857142857154,49.160857142857154
2020-03-14,41.205714285714286,41.205714285714286
2020-03-15,36.82785714285714,36.82785714285714
2020-03-16,35.76392857142857,35.76392857142857
2020-03-17,42.05428571428571,42.05428571428571
2020-03-18,41.765,41.765
2020-03-19,45.262142857142855,45.262142857142855
2020-03-20,55.104285714285716,55.104285714285716
2020-03-21,35.96964285714286,35.96964285714286
2020-03-22,31.82,31.82
2020-03-23,35.65969387755102,35.65969387755102
2020-03-24,38.66642857142857,38.66642857142857
2020-03-25,40.25061224489796,40.25061224489796
2020-03-26,46.618571428571435,46.618571428571435
2020-03-27,47.563571428571436,47.563571428571436
2020-03-28,43.12464285714286,43.12464285714286
2020-03-29,49.36984693877551,49.36984693877551
2020-03-30,45.136785714285715,45.136785714285715
2020-03-31,42.42071428571428,42.42071428571428
2020-04-01,42.59107142857143,42.59107142857143
2020-04-02,44.0375,44.0375
2020-04-03,44.18535714285714,44.18535714285714
2020-04-04,48.41214285714285,48.41214285714285
2020-04-05,49.18678571428572,49.18678571428572
2020-04-06,47.015306122448976,47.015306122448976
2020-04-07,52.626071428571436,52.626071428571436
2020-04-08,49.055,49.055
2020-04-09,45.34020408163265,45.34020408163265
2020-04-10,39.08428571428571,39.08428571428571
2020-04-11,41.00964285714286,41.00964285714286
2020-04-12,49.62071428571429,49.62071428571429
2020-04-13,56.17785714285714,56.177857142857135
2020-04-14,44.246428571428574,44.246428571428574
2020-04-15,39.30285714285714,39.30285714285714
2020-04-16,36.14642857142857,36.14642857142857
2020-04-17,37.48035714285713,37.48035714285713
2020-04-18,39.75607142857143,39.75607142857143
2020-04-19,46.74714285714286,46.74714285714286
2020-04-20,43.188928571428576,43.188928571428576
2020-04-21,42.35321428571429,42.35321428571429
2020-04-22,36.580357142857146,36.580357142857146
2020-04-23,38.92035714285714,38.92035714285714
2020-04-24,44.61974489795917,44.61974489795917
2020-04-25,50.09964285714286,50.09964285714286
2020-04-26,45.53857142857144,45.53857142857144
2020-04-27,43.24678571428571,43.24678571428571
2020-04-28,46.70428571428572,46.70428571428572
