DATE,FL,T_WA
2015-01-01,66.27586206896552,66.27586206896552
2015-01-02,67.3793103448276,67.3793103448276
2015-01-03,71.0,71.0
2015-01-04,75.82758620689657,75.82758620689657
2015-01-05,74.55172413793103,74.55172413793103
2015-01-06,67.24137931034483,67.24137931034483
2015-01-07,66.93103448275862,66.93103448275862
2015-01-08,61.55172413793103,61.551724137931025
2015-01-09,51.6551724137931,51.6551724137931
2015-01-10,57.55172413793103,57.551724137931025
2015-01-11,58.379310344827594,58.379310344827594
2015-01-12,66.86206896551724,66.86206896551724
2015-01-13,71.17241379310343,71.17241379310343
2015-01-14,69.27586206896552,69.27586206896552
2015-01-15,63.89655172413793,63.89655172413792
2015-01-16,60.72413793103448,60.724137931034484
2015-01-17,59.3448275862069,59.3448275862069
2015-01-18,60.24137931034482,60.24137931034482
2015-01-19,63.379310344827594,63.379310344827594
2015-01-20,59.06896551724138,59.068965517241374
2015-01-21,62.17241379310346,62.17241379310345
2015-01-22,67.17241379310343,67.17241379310343
2015-01-23,67.72413793103448,67.72413793103448
2015-01-24,70.72413793103449,70.72413793103449
2015-01-25,61.82758620689656,61.827586206896555
2015-01-26,54.93103448275862,54.931034482758626
2015-01-27,59.41379310344828,59.41379310344827
2015-01-28,56.96551724137931,56.96551724137931
2015-01-29,54.58620689655172,54.58620689655173
2015-01-30,57.55172413793103,57.551724137931025
2015-01-31,60.96551724137931,60.96551724137931
2015-02-01,59.03448275862069,59.03448275862069
2015-02-02,64.3793103448276,64.3793103448276
2015-02-03,65.48275862068965,65.48275862068965
2015-02-04,56.75862068965517,56.75862068965517
2015-02-05,63.51724137931034,63.51724137931034
2015-02-06,62.17241379310346,62.17241379310345
2015-02-07,59.0,59.0
2015-02-08,60.58620689655172,60.58620689655173
2015-02-09,63.53571428571429,63.53571428571429
2015-02-10,65.0,65.0
2015-02-11,60.24137931034482,60.24137931034482
2015-02-12,57.48275862068966,57.48275862068966
2015-02-13,59.17241379310346,59.17241379310345
2015-02-14,54.24137931034482,54.24137931034482
2015-02-15,52.68965517241379,52.68965517241378
2015-02-16,59.72413793103448,59.724137931034484
2015-02-17,62.862068965517246,62.862068965517246
2015-02-18,66.03448275862068,66.03448275862068
2015-02-19,54.89655172413793,54.89655172413792
2015-02-20,46.379310344827594,46.379310344827594
2015-02-21,46.6551724137931,46.6551724137931
2015-02-22,60.93103448275862,60.931034482758626
2015-02-23,69.20689655172414,69.20689655172414
2015-02-24,70.27586206896552,70.27586206896552
2015-02-25,66.44827586206897,66.44827586206897
2015-02-26,66.3103448275862,66.3103448275862
2015-02-27,67.44827586206897,67.44827586206897
2015-02-28,60.82758620689656,60.827586206896555
2015-03-01,64.82758620689657,64.82758620689657
2015-03-02,70.6896551724138,70.6896551724138
2015-03-03,72.17241379310343,72.17241379310343
2015-03-04,72.93103448275863,72.93103448275863
2015-03-05,74.48275862068967,74.48275862068967
2015-03-06,74.48275862068967,74.48275862068967
2015-03-07,66.34482758620689,66.34482758620689
2015-03-08,64.27586206896552,64.27586206896552
2015-03-09,67.55172413793103,67.55172413793103
2015-03-10,71.55172413793103,71.55172413793103
2015-03-11,75.6206896551724,75.6206896551724
2015-03-12,77.72413793103449,77.72413793103449
2015-03-13,76.72413793103449,76.72413793103449
2015-03-14,75.89655172413794,75.89655172413794
2015-03-15,76.48275862068967,76.48275862068967
2015-03-16,75.20689655172414,75.20689655172414
2015-03-17,74.0,74.0
2015-03-18,74.72413793103449,74.72413793103449
2015-03-19,74.10344827586206,74.10344827586206
2015-03-20,74.89655172413794,74.89655172413794
2015-03-21,75.3793103448276,75.3793103448276
2015-03-22,75.58620689655173,75.58620689655173
2015-03-23,76.06896551724137,76.06896551724137
2015-03-24,74.10344827586206,74.10344827586206
2015-03-25,71.89655172413794,71.89655172413794
2015-03-26,73.13793103448276,73.13793103448276
2015-03-27,75.0,75.0
2015-03-28,71.9655172413793,71.9655172413793
2015-03-29,61.68965517241379,61.68965517241378
2015-03-30,61.31034482758621,61.31034482758622
2015-03-31,64.55172413793103,64.55172413793103
2015-04-01,70.3793103448276,70.3793103448276
2015-04-02,73.20689655172414,73.20689655172414
2015-04-03,73.17241379310343,73.17241379310343
2015-04-04,74.44827586206897,74.44827586206897
2015-04-05,74.27586206896551,74.27586206896551
2015-04-06,73.58620689655173,73.58620689655173
2015-04-07,76.17241379310343,76.17241379310343
2015-04-08,77.24137931034483,77.24137931034483
2015-04-09,77.58620689655173,77.58620689655173
2015-04-10,77.44827586206897,77.44827586206897
2015-04-11,78.79310344827586,78.79310344827586
2015-04-12,78.65517241379311,78.65517241379311
2015-04-13,78.0344827586207,78.0344827586207
2015-04-14,78.89655172413794,78.89655172413794
2015-04-15,79.20689655172414,79.20689655172414
2015-04-16,79.65517241379311,79.65517241379311
2015-04-17,77.89655172413794,77.89655172413794
2015-04-18,77.65517241379311,77.65517241379311
2015-04-19,80.0344827586207,80.0344827586207
2015-04-20,80.13793103448276,80.13793103448276
2015-04-21,77.82758620689657,77.82758620689657
2015-04-22,76.55172413793103,76.55172413793103
2015-04-23,76.44827586206897,76.44827586206897
2015-04-24,77.44827586206897,77.44827586206897
2015-04-25,78.55172413793103,78.55172413793103
2015-04-26,79.6896551724138,79.6896551724138
2015-04-27,83.10344827586206,83.10344827586206
2015-04-28,79.17241379310343,79.17241379310343
2015-04-29,76.27586206896551,76.27586206896551
2015-04-30,75.51724137931033,75.51724137931033
2015-05-01,73.51724137931033,73.51724137931033
2015-05-02,72.41379310344827,72.41379310344827
2015-05-03,71.48275862068967,71.48275862068967
2015-05-04,72.82758620689657,72.82758620689657
2015-05-05,73.6206896551724,73.6206896551724
2015-05-06,74.3103448275862,74.3103448275862
2015-05-07,75.9655172413793,75.9655172413793
2015-05-08,76.3103448275862,76.3103448275862
2015-05-09,77.10344827586206,77.10344827586206
2015-05-10,78.6206896551724,78.6206896551724
2015-05-11,80.44827586206897,80.44827586206897
2015-05-12,80.89655172413794,80.89655172413794
2015-05-13,81.3103448275862,81.3103448275862
2015-05-14,81.3103448275862,81.3103448275862
2015-05-15,81.0,81.0
2015-05-16,80.48275862068967,80.48275862068967
2015-05-17,79.6206896551724,79.6206896551724
2015-05-18,80.75862068965517,80.75862068965517
2015-05-19,79.89655172413794,79.89655172413794
2015-05-20,80.6206896551724,80.6206896551724
2015-05-21,81.65517241379311,81.65517241379311
2015-05-22,82.9655172413793,82.9655172413793
2015-05-23,81.48275862068967,81.48275862068967
2015-05-24,81.0,81.0
2015-05-25,82.3103448275862,82.3103448275862
2015-05-26,82.3103448275862,82.3103448275862
2015-05-27,82.65517241379311,82.65517241379311
2015-05-28,81.10344827586206,81.10344827586206
2015-05-29,79.93103448275863,79.93103448275863
2015-05-30,78.55172413793103,78.55172413793103
2015-05-31,80.34482758620689,80.34482758620689
2015-06-01,80.6896551724138,80.6896551724138
2015-06-02,80.48275862068967,80.48275862068967
2015-06-03,77.48275862068967,77.48275862068967
2015-06-04,78.24137931034483,78.24137931034483
2015-06-05,80.17241379310343,80.17241379310343
2015-06-06,80.82758620689657,80.82758620689657
2015-06-07,80.25,80.25
2015-06-08,80.24137931034483,80.24137931034483
2015-06-09,81.20689655172414,81.20689655172414
2015-06-10,81.3793103448276,81.3793103448276
2015-06-11,80.0,80.0
2015-06-12,79.89655172413794,79.89655172413794
2015-06-13,83.27586206896551,83.27586206896551
2015-06-14,83.82758620689657,83.82758620689657
2015-06-15,83.51724137931033,83.51724137931033
2015-06-16,83.58620689655173,83.58620689655173
2015-06-17,83.93103448275863,83.93103448275863
2015-06-18,84.89655172413794,84.89655172413794
2015-06-19,85.48275862068967,85.48275862068967
2015-06-20,85.13793103448276,85.13793103448276
2015-06-21,85.0344827586207,85.0344827586207
2015-06-22,85.0344827586207,85.0344827586207
2015-06-23,85.6896551724138,85.6896551724138
2015-06-24,85.0344827586207,85.0344827586207
2015-06-25,84.72413793103449,84.72413793103449
2015-06-26,84.13793103448276,84.13793103448276
2015-06-27,83.3793103448276,83.3793103448276
2015-06-28,84.44827586206897,84.44827586206897
2015-06-29,84.10344827586206,84.10344827586206
2015-06-30,83.27586206896551,83.27586206896551
2015-07-01,84.3103448275862,84.3103448275862
2015-07-02,83.86206896551724,83.86206896551724
2015-07-03,84.34482758620689,84.34482758620689
2015-07-04,84.41379310344827,84.41379310344827
2015-07-05,83.20689655172414,83.20689655172414
2015-07-06,83.17241379310343,83.17241379310343
2015-07-07,82.0344827586207,82.0344827586207
2015-07-08,82.89655172413794,82.89655172413794
2015-07-09,83.27586206896551,83.27586206896551
2015-07-10,83.82758620689657,83.82758620689657
2015-07-11,84.6896551724138,84.6896551724138
2015-07-12,85.06896551724137,85.06896551724137
2015-07-13,84.93103448275863,84.93103448275863
2015-07-14,84.9655172413793,84.9655172413793
2015-07-15,85.3793103448276,85.3793103448276
2015-07-16,84.27586206896551,84.27586206896551
2015-07-17,83.20689655172414,83.20689655172414
2015-07-18,83.6206896551724,83.6206896551724
2015-07-19,83.55172413793103,83.55172413793103
2015-07-20,84.3103448275862,84.3103448275862
2015-07-21,84.48275862068967,84.48275862068967
2015-07-22,85.3793103448276,85.3793103448276
2015-07-23,85.06896551724137,85.06896551724137
2015-07-24,85.82758620689657,85.82758620689657
2015-07-25,84.3103448275862,84.3103448275862
2015-07-26,82.10344827586206,82.10344827586206
2015-07-27,82.6206896551724,82.6206896551724
2015-07-28,83.6896551724138,83.6896551724138
2015-07-29,84.79310344827586,84.79310344827586
2015-07-30,85.17241379310343,85.17241379310343
2015-07-31,84.75862068965517,84.75862068965517
2015-08-01,83.6896551724138,83.6896551724138
2015-08-02,82.6896551724138,82.6896551724138
2015-08-03,82.55172413793103,82.55172413793103
2015-08-04,81.93103448275863,81.93103448275863
2015-08-05,83.93103448275863,83.93103448275863
2015-08-06,84.51724137931033,84.51724137931033
2015-08-07,84.6896551724138,84.6896551724138
2015-08-08,85.0,85.0
2015-08-09,83.9655172413793,83.9655172413793
2015-08-10,84.14285714285714,84.14285714285714
2015-08-11,84.53571428571429,84.53571428571429
2015-08-12,84.82758620689657,84.82758620689657
2015-08-13,85.93103448275862,85.93103448275862
2015-08-14,83.10344827586206,83.10344827586206
2015-08-15,82.48275862068967,82.48275862068967
2015-08-16,82.48275862068967,82.48275862068967
2015-08-17,82.6896551724138,82.6896551724138
2015-08-18,83.9655172413793,83.9655172413793
2015-08-19,84.58620689655173,84.58620689655173
2015-08-20,85.3793103448276,85.3793103448276
2015-08-21,85.34482758620689,85.34482758620689
2015-08-22,85.3793103448276,85.3793103448276
2015-08-23,85.3793103448276,85.3793103448276
2015-08-24,85.44827586206897,85.44827586206897
2015-08-25,85.0,85.0
2015-08-26,85.44827586206897,85.44827586206897
2015-08-27,83.06896551724137,83.06896551724137
2015-08-28,80.86206896551724,80.86206896551724
2015-08-29,82.55172413793103,82.55172413793103
2015-08-30,82.51724137931033,82.51724137931033
2015-08-31,80.3793103448276,80.3793103448276
2015-09-01,82.9655172413793,82.9655172413793
2015-09-02,83.79310344827586,83.79310344827586
2015-09-03,84.86206896551724,84.86206896551724
2015-09-04,85.0344827586207,85.0344827586207
2015-09-05,83.82758620689657,83.82758620689657
2015-09-06,83.0344827586207,83.0344827586207
2015-09-07,82.48275862068967,82.48275862068967
2015-09-08,81.13793103448276,81.13793103448276
2015-09-09,83.41379310344827,83.41379310344827
2015-09-10,83.86206896551724,83.86206896551724
2015-09-11,84.58620689655173,84.58620689655173
2015-09-12,84.55172413793103,84.55172413793103
2015-09-13,81.79310344827586,81.79310344827586
2015-09-14,79.86206896551724,79.86206896551724
2015-09-15,79.86206896551724,79.86206896551724
2015-09-16,81.20689655172414,81.20689655172414
2015-09-17,79.55172413793103,79.55172413793103
2015-09-18,79.0,79.0
2015-09-19,80.17241379310343,80.17241379310343
2015-09-20,82.3103448275862,82.3103448275862
2015-09-21,82.51724137931033,82.51724137931033
2015-09-22,81.44827586206897,81.44827586206897
2015-09-23,80.6206896551724,80.6206896551724
2015-09-24,80.48275862068967,80.48275862068967
2015-09-25,79.55172413793103,79.55172413793103
2015-09-26,80.06896551724137,80.06896551724137
2015-09-27,80.82758620689657,80.82758620689657
2015-09-28,80.6206896551724,80.6206896551724
2015-09-29,80.93103448275863,80.93103448275863
2015-09-30,81.10344827586206,81.10344827586206
2015-10-01,83.27586206896551,83.27586206896551
2015-10-02,82.24137931034483,82.24137931034483
2015-10-03,79.72413793103449,79.72413793103449
2015-10-04,76.65517241379311,76.65517241379311
2015-10-05,73.34482758620689,73.34482758620689
2015-10-06,75.10344827586206,75.10344827586206
2015-10-07,76.20689655172414,76.20689655172414
2015-10-08,77.58620689655173,77.58620689655173
2015-10-09,78.27586206896551,78.27586206896551
2015-10-10,80.3793103448276,80.3793103448276
2015-10-11,80.3103448275862,80.3103448275862
2015-10-12,77.0344827586207,77.0344827586207
2015-10-13,75.82758620689657,75.82758620689657
2015-10-14,76.82758620689657,76.82758620689657
2015-10-15,78.3793103448276,78.3793103448276
2015-10-16,77.3103448275862,77.3103448275862
2015-10-17,76.72413793103449,76.72413793103449
2015-10-18,75.79310344827586,75.79310344827586
2015-10-19,74.0344827586207,74.0344827586207
2015-10-20,73.51724137931033,73.51724137931033
2015-10-21,75.55172413793103,75.55172413793103
2015-10-22,77.13793103448276,77.13793103448276
2015-10-23,78.0344827586207,78.0344827586207
2015-10-24,77.86206896551724,77.86206896551724
2015-10-25,77.24137931034483,77.24137931034483
2015-10-26,78.10344827586206,78.10344827586206
2015-10-27,78.06896551724137,78.06896551724137
2015-10-28,77.89655172413794,77.89655172413794
2015-10-29,78.17241379310343,78.17241379310343
2015-10-30,77.82758620689657,77.82758620689657
2015-10-31,76.24137931034483,76.24137931034483
2015-11-01,76.6896551724138,76.6896551724138
2015-11-02,80.3793103448276,80.3793103448276
2015-11-03,81.51724137931033,81.51724137931033
2015-11-04,80.27586206896551,80.27586206896551
2015-11-05,80.86206896551724,80.86206896551724
2015-11-06,81.17241379310343,81.17241379310343
2015-11-07,80.3793103448276,80.3793103448276
2015-11-08,79.89655172413794,79.89655172413794
2015-11-09,78.3793103448276,78.3793103448276
2015-11-10,78.58620689655173,78.58620689655173
2015-11-11,76.48275862068967,76.48275862068967
2015-11-12,75.51724137931033,75.51724137931033
2015-11-13,76.55172413793103,76.55172413793103
2015-11-14,74.82758620689657,74.82758620689657
2015-11-15,70.17241379310343,70.17241379310343
2015-11-16,72.10344827586206,72.10344827586206
2015-11-17,74.10714285714286,74.10714285714286
2015-11-18,76.03571428571429,76.03571428571429
2015-11-19,79.17857142857143,79.17857142857143
2015-11-20,77.71428571428571,77.71428571428571
2015-11-21,76.35714285714286,76.35714285714286
2015-11-22,74.53571428571429,74.53571428571429
2015-11-23,69.32142857142857,69.32142857142857
2015-11-24,61.214285714285715,61.21428571428572
2015-11-25,63.89285714285714,63.89285714285714
2015-11-26,70.35714285714286,70.35714285714286
2015-11-27,73.14285714285714,73.14285714285714
2015-11-28,73.57142857142857,73.57142857142857
2015-11-29,72.07142857142857,72.07142857142857
2015-11-30,70.92857142857143,70.92857142857143
2015-12-01,73.07142857142857,73.07142857142857
2015-12-02,74.13793103448276,74.13793103448276
2015-12-03,74.82758620689657,74.82758620689657
2015-12-04,68.48275862068965,68.48275862068965
2015-12-05,68.34482758620689,68.34482758620689
2015-12-06,71.34482758620689,71.34482758620689
2015-12-07,72.20689655172414,72.20689655172414
2015-12-08,67.0,67.0
2015-12-09,65.79310344827586,65.79310344827586
2015-12-10,69.89655172413794,69.89655172413794
2015-12-11,69.82758620689657,69.82758620689657
2015-12-12,70.03448275862068,70.03448275862068
2015-12-13,71.82758620689657,71.82758620689657
2015-12-14,74.10344827586206,74.10344827586206
2015-12-15,76.0,76.0
2015-12-16,73.86206896551724,73.86206896551724
2015-12-17,74.41379310344827,74.41379310344827
2015-12-18,76.9655172413793,76.9655172413793
2015-12-19,68.48275862068965,68.48275862068965
2015-12-20,60.0,60.0
2015-12-21,64.72413793103448,64.72413793103448
2015-12-22,71.79310344827586,71.79310344827586
2015-12-23,75.58620689655173,75.58620689655173
2015-12-24,77.10344827586206,77.10344827586206
2015-12-25,78.27586206896551,78.27586206896551
2015-12-26,77.86206896551724,77.86206896551724
2015-12-27,76.93103448275863,76.93103448275863
2015-12-28,77.13793103448276,77.13793103448276
2015-12-29,77.6206896551724,77.6206896551724
2015-12-30,77.75862068965517,77.75862068965517
2015-12-31,77.44827586206897,77.44827586206897
2016-01-01,76.2,76.2
2016-01-02,72.56666666666666,72.56666666666666
2016-01-03,66.66666666666667,66.66666666666667
2016-01-04,60.48275862068966,60.48275862068966
2016-01-05,59.43333333333333,59.43333333333333
2016-01-06,59.03333333333333,59.03333333333333
2016-01-07,62.46666666666667,62.46666666666667
2016-01-08,63.72413793103448,63.724137931034484
2016-01-09,67.5,67.5
2016-01-10,68.53333333333333,68.53333333333333
2016-01-11,64.86666666666666,64.86666666666666
2016-01-12,55.13333333333333,55.13333333333333
2016-01-13,55.63333333333333,55.63333333333333
2016-01-14,56.86666666666667,56.86666666666667
2016-01-15,59.46666666666667,59.46666666666667
2016-01-16,66.6,66.6
2016-01-17,65.17241379310343,65.17241379310343
2016-01-18,62.1,62.1
2016-01-19,54.33333333333334,54.33333333333335
2016-01-20,51.26666666666666,51.26666666666665
2016-01-21,54.53333333333333,54.53333333333333
2016-01-22,60.33333333333334,60.33333333333335
2016-01-23,63.23333333333333,63.23333333333333
2016-01-24,52.36666666666667,52.36666666666667
2016-01-25,47.46666666666667,47.46666666666667
2016-01-26,54.7,54.7
2016-01-27,65.7,65.7
2016-01-28,68.0,68.0
2016-01-29,63.379310344827594,63.379310344827594
2016-01-30,57.83333333333334,57.83333333333335
2016-01-31,58.86666666666667,58.86666666666667
2016-02-01,63.73333333333333,63.73333333333333
2016-02-02,70.27586206896552,70.27586206896552
2016-02-03,72.10344827586206,72.10344827586206
2016-02-04,75.16666666666667,75.16666666666667
2016-02-05,68.96666666666667,68.96666666666667
2016-02-06,57.16666666666666,57.16666666666665
2016-02-07,59.26666666666666,59.26666666666665
2016-02-08,53.26666666666666,53.26666666666665
2016-02-09,54.26666666666666,54.26666666666665
2016-02-10,56.73333333333333,56.73333333333333
2016-02-11,51.53333333333333,51.53333333333333
2016-02-12,53.83333333333334,53.83333333333335
2016-02-13,61.76666666666666,61.76666666666665
2016-02-14,59.96666666666667,59.96666666666667
2016-02-15,58.36666666666667,58.36666666666667
2016-02-16,66.16666666666667,66.16666666666667
2016-02-17,66.13333333333334,66.13333333333334
2016-02-18,63.36666666666667,63.36666666666667
2016-02-19,62.5,62.5
2016-02-20,64.46666666666667,64.46666666666667
2016-02-21,65.43333333333334,65.43333333333334
2016-02-22,66.96666666666667,66.96666666666667
2016-02-23,69.03333333333333,69.03333333333333
2016-02-24,72.9655172413793,72.9655172413793
2016-02-25,70.58620689655173,70.58620689655173
2016-02-26,59.26666666666666,59.26666666666665
2016-02-27,56.9,56.9
2016-02-28,55.63333333333333,55.63333333333333
2016-02-29,59.66666666666666,59.66666666666665
2016-03-01,65.26666666666667,65.26666666666667
2016-03-02,66.76666666666667,66.76666666666667
2016-03-03,68.46666666666667,68.46666666666667
2016-03-04,67.13333333333334,67.13333333333334
2016-03-05,67.20689655172414,67.20689655172414
2016-03-06,64.03333333333333,64.03333333333333
2016-03-07,65.13333333333334,65.13333333333334
2016-03-08,65.76666666666667,65.76666666666667
2016-03-09,69.9,69.9
2016-03-10,72.9,72.9
2016-03-11,74.73333333333333,74.73333333333333
2016-03-12,74.06666666666666,74.06666666666666
2016-03-13,74.1,74.1
2016-03-14,75.55172413793103,75.55172413793103
2016-03-15,76.79310344827586,76.79310344827586
2016-03-16,77.2,77.2
2016-03-17,76.73333333333333,76.73333333333333
2016-03-18,74.8,74.8
2016-03-19,73.86666666666666,73.86666666666666
2016-03-20,74.0,74.0
2016-03-21,72.13333333333334,72.13333333333334
2016-03-22,59.03333333333333,59.03333333333333
2016-03-23,60.56666666666667,60.56666666666667
2016-03-24,67.66666666666667,67.66666666666667
2016-03-25,72.1,72.1
2016-03-26,73.5,73.5
2016-03-27,76.23333333333333,76.23333333333333
2016-03-28,77.26666666666667,77.26666666666667
2016-03-29,76.86666666666666,76.86666666666666
2016-03-30,72.93103448275863,72.93103448275863
2016-03-31,72.6,72.6
2016-04-01,77.36666666666666,77.36666666666666
2016-04-02,79.03333333333333,79.03333333333333
2016-04-03,76.06666666666666,76.06666666666666
2016-04-04,69.23333333333333,69.23333333333333
2016-04-05,70.33333333333333,70.33333333333333
2016-04-06,71.3,71.3
2016-04-07,70.83333333333333,70.83333333333333
2016-04-08,73.86666666666666,73.86666666666666
2016-04-09,72.13333333333334,72.13333333333334
2016-04-10,67.9,67.9
2016-04-11,67.86666666666666,67.86666666666666
2016-04-12,72.0,72.0
2016-04-13,72.76666666666667,72.76666666666667
2016-04-14,73.66666666666667,73.66666666666667
2016-04-15,74.16666666666667,74.16666666666667
2016-04-16,74.13333333333334,74.13333333333334
2016-04-17,73.93333333333334,73.93333333333334
2016-04-18,72.03333333333333,72.03333333333333
2016-04-19,70.9,70.9
2016-04-20,70.66666666666667,70.66666666666667
2016-04-21,71.56666666666666,71.56666666666666
2016-04-22,74.66666666666667,74.66666666666667
2016-04-23,75.56666666666666,75.56666666666666
2016-04-24,76.24137931034483,76.24137931034483
2016-04-25,74.66666666666667,74.66666666666667
2016-04-26,76.1,76.1
2016-04-27,75.23333333333333,75.23333333333333
2016-04-28,76.53333333333333,76.53333333333333
2016-04-29,78.13333333333334,78.13333333333334
2016-04-30,79.0,79.0
2016-05-01,78.6,78.6
2016-05-02,79.8,79.8
2016-05-03,80.6,80.6
2016-05-04,80.9,80.9
2016-05-05,73.65517241379311,73.65517241379311
2016-05-06,71.73333333333333,71.73333333333333
2016-05-07,68.46666666666667,68.46666666666667
2016-05-08,69.06666666666666,69.06666666666666
2016-05-09,71.76666666666667,71.76666666666667
2016-05-10,73.66666666666667,73.66666666666667
2016-05-11,77.76666666666667,77.76666666666667
2016-05-12,78.33333333333333,78.33333333333333
2016-05-13,77.86666666666666,77.86666666666666
2016-05-14,78.66666666666667,78.66666666666667
2016-05-15,79.3,79.3
2016-05-16,77.43333333333334,77.43333333333334
2016-05-17,79.3,79.3
2016-05-18,80.93333333333334,80.93333333333334
2016-05-19,80.3,80.3
2016-05-20,80.16666666666667,80.16666666666667
2016-05-21,79.43333333333334,79.43333333333334
2016-05-22,81.06666666666666,81.06666666666666
2016-05-23,80.06666666666666,80.06666666666666
2016-05-24,77.76666666666667,77.76666666666667
2016-05-25,78.63333333333334,78.63333333333334
2016-05-26,79.33333333333333,79.33333333333333
2016-05-27,77.66666666666667,77.66666666666667
2016-05-28,78.66666666666667,78.66666666666667
2016-05-29,79.7,79.7
2016-05-30,80.93333333333334,80.93333333333334
2016-05-31,81.3,81.3
2016-06-01,81.13333333333334,81.13333333333334
2016-06-02,81.5,81.5
2016-06-03,82.16666666666667,82.16666666666667
2016-06-04,83.26666666666667,83.26666666666667
2016-06-05,83.8,83.8
2016-06-06,83.3,83.3
2016-06-07,80.93333333333334,80.93333333333334
2016-06-08,83.75862068965517,83.75862068965517
2016-06-09,82.93103448275863,82.93103448275863
2016-06-10,81.86666666666666,81.86666666666666
2016-06-11,82.43333333333334,82.43333333333334
2016-06-12,82.43333333333334,82.43333333333334
2016-06-13,82.86666666666666,82.86666666666666
2016-06-14,84.86666666666666,84.86666666666666
2016-06-15,85.0,85.0
2016-06-16,84.63333333333334,84.63333333333334
2016-06-17,84.4,84.4
2016-06-18,84.0,84.0
2016-06-19,83.03333333333333,83.03333333333333
2016-06-20,81.46666666666667,81.46666666666667
2016-06-21,80.4,80.4
2016-06-22,79.03333333333333,79.03333333333333
2016-06-23,81.46666666666667,81.46666666666667
2016-06-24,83.86666666666666,83.86666666666666
2016-06-25,84.9,84.9
2016-06-26,85.76666666666667,85.76666666666667
2016-06-27,84.0,84.0
2016-06-28,82.96666666666667,82.96666666666667
2016-06-29,83.5,83.5
2016-06-30,83.53333333333333,83.53333333333333
2016-07-01,82.9,82.9
2016-07-02,83.56666666666666,83.56666666666666
2016-07-03,83.86666666666666,83.86666666666666
2016-07-04,84.86206896551724,84.86206896551724
2016-07-05,85.93333333333334,85.93333333333334
2016-07-06,86.4,86.4
2016-07-07,86.7,86.7
2016-07-08,86.53333333333332,86.53333333333332
2016-07-09,86.43333333333334,86.43333333333334
2016-07-10,86.36666666666666,86.36666666666666
2016-07-11,85.93333333333334,85.93333333333334
2016-07-12,85.6,85.6
2016-07-13,85.86666666666666,85.86666666666666
2016-07-14,84.63333333333334,84.63333333333334
2016-07-15,84.36666666666666,84.36666666666666
2016-07-16,84.36666666666666,84.36666666666666
2016-07-17,83.83333333333333,83.83333333333333
2016-07-18,84.96666666666667,84.96666666666667
2016-07-19,84.66666666666667,84.66666666666667
2016-07-20,84.73333333333333,84.73333333333333
2016-07-21,85.23333333333333,85.23333333333333
2016-07-22,84.66666666666667,84.66666666666667
2016-07-23,83.86666666666666,83.86666666666666
2016-07-24,83.06666666666666,83.06666666666666
2016-07-25,83.06666666666666,83.06666666666666
2016-07-26,83.8,83.8
2016-07-27,85.03333333333333,85.03333333333333
2016-07-28,85.03333333333333,85.03333333333333
2016-07-29,85.73333333333333,85.73333333333333
2016-07-30,85.7,85.7
2016-07-31,85.03333333333333,85.03333333333333
2016-08-01,84.96666666666667,84.96666666666667
2016-08-02,84.6,84.6
2016-08-03,83.83333333333333,83.83333333333333
2016-08-04,83.56666666666666,83.56666666666666
2016-08-05,83.63333333333334,83.63333333333334
2016-08-06,84.4,84.4
2016-08-07,83.6,83.6
2016-08-08,82.96666666666667,82.96666666666667
2016-08-09,81.8,81.8
2016-08-10,81.93333333333334,81.93333333333334
2016-08-11,83.1,83.1
2016-08-12,83.55172413793103,83.55172413793103
2016-08-13,83.48275862068967,83.48275862068967
2016-08-14,83.6896551724138,83.6896551724138
2016-08-15,83.93103448275863,83.93103448275863
2016-08-16,84.93103448275863,84.93103448275863
2016-08-17,84.58620689655173,84.58620689655173
2016-08-18,84.14285714285714,84.14285714285714
2016-08-19,84.60714285714286,84.60714285714286
2016-08-20,83.36666666666666,83.36666666666666
2016-08-21,83.76666666666667,83.76666666666667
2016-08-22,84.4,84.4
2016-08-23,84.66666666666667,84.66666666666667
2016-08-24,85.6,85.6
2016-08-25,83.7,83.7
2016-08-26,83.7,83.7
2016-08-27,83.03333333333333,83.03333333333333
2016-08-28,83.2,83.2
2016-08-29,83.76666666666667,83.76666666666667
2016-08-30,82.1,82.1
2016-08-31,80.2,80.2
2016-09-01,79.26666666666667,79.26666666666667
2016-09-02,81.46666666666667,81.46666666666667
2016-09-03,83.43333333333334,83.43333333333334
2016-09-04,82.6896551724138,82.6896551724138
2016-09-05,83.23333333333333,83.23333333333333
2016-09-06,81.9,81.9
2016-09-07,80.73333333333333,80.73333333333333
2016-09-08,81.83333333333333,81.83333333333333
2016-09-09,81.7,81.7
2016-09-10,83.0,83.0
2016-09-11,83.46666666666667,83.46666666666667
2016-09-12,83.33333333333333,83.33333333333333
2016-09-13,83.2,83.2
2016-09-14,82.0,82.0
2016-09-15,82.86666666666666,82.86666666666666
2016-09-16,82.96666666666667,82.96666666666667
2016-09-17,83.5,83.5
2016-09-18,83.76666666666667,83.76666666666667
2016-09-19,84.03333333333333,84.03333333333333
2016-09-20,84.03333333333333,84.03333333333333
2016-09-21,83.3,83.3
2016-09-22,83.53333333333333,83.53333333333333
2016-09-23,83.3,83.3
2016-09-24,82.7,82.7
2016-09-25,83.0,83.0
2016-09-26,82.1,82.1
2016-09-27,80.96666666666667,80.96666666666667
2016-09-28,80.1,80.1
2016-09-29,80.93103448275863,80.93103448275863
2016-09-30,81.66666666666667,81.66666666666667
2016-10-01,80.43333333333334,80.43333333333334
2016-10-02,79.03333333333333,79.03333333333333
2016-10-03,80.63333333333334,80.63333333333334
2016-10-04,80.33333333333333,80.33333333333333
2016-10-05,81.76666666666667,81.76666666666667
2016-10-06,82.13333333333334,82.13333333333334
2016-10-07,80.93333333333334,80.93333333333334
2016-10-08,80.63333333333334,80.63333333333334
2016-10-09,82.43333333333334,82.43333333333334
2016-10-10,79.1,79.1
2016-10-11,75.8,75.8
2016-10-12,76.66666666666667,76.66666666666667
2016-10-13,78.03333333333333,78.03333333333333
2016-10-14,78.93333333333334,78.93333333333334
2016-10-15,78.56666666666666,78.56666666666666
2016-10-16,79.43333333333334,79.43333333333334
2016-10-17,79.76666666666667,79.76666666666667
2016-10-18,79.53333333333333,79.53333333333333
2016-10-19,78.96666666666667,78.96666666666667
2016-10-20,78.23333333333333,78.23333333333333
2016-10-21,76.6,76.6
2016-10-22,75.73333333333333,75.73333333333333
2016-10-23,68.34482758620689,68.34482758620689
2016-10-24,68.03448275862068,68.03448275862068
2016-10-25,71.10344827586206,71.10344827586206
2016-10-26,72.13793103448276,72.13793103448276
2016-10-27,76.0344827586207,76.0344827586207
2016-10-28,75.64285714285714,75.64285714285714
2016-10-29,76.42857142857143,76.42857142857143
2016-10-30,76.6206896551724,76.6206896551724
2016-10-31,77.06896551724137,77.06896551724137
2016-11-01,75.82758620689657,75.82758620689657
2016-11-02,75.65517241379311,75.65517241379311
2016-11-03,77.86666666666666,77.86666666666666
2016-11-04,75.7,75.7
2016-11-05,74.96666666666667,74.96666666666667
2016-11-06,72.86666666666666,72.86666666666666
2016-11-07,72.76666666666667,72.76666666666667
2016-11-08,74.06666666666666,74.06666666666666
2016-11-09,72.33333333333333,72.33333333333333
2016-11-10,71.3103448275862,71.3103448275862
2016-11-11,69.6,69.6
2016-11-12,67.56666666666666,67.56666666666666
2016-11-13,68.46666666666667,68.46666666666667
2016-11-14,69.86666666666666,69.86666666666666
2016-11-15,68.13333333333334,68.13333333333334
2016-11-16,66.93333333333334,66.93333333333334
2016-11-17,67.06666666666666,67.06666666666666
2016-11-18,66.73333333333333,66.73333333333333
2016-11-19,69.0,69.0
2016-11-20,68.23333333333333,68.23333333333333
2016-11-21,60.4,60.4
2016-11-22,59.0,59.0
2016-11-23,61.96666666666667,61.96666666666667
2016-11-24,68.26666666666667,68.26666666666667
2016-11-25,71.7,71.7
2016-11-26,71.96666666666667,71.96666666666667
2016-11-27,68.43333333333334,68.43333333333334
2016-11-28,66.4,66.4
2016-11-29,70.3,70.3
2016-11-30,76.03333333333333,76.03333333333333
2016-12-01,76.20689655172414,76.20689655172414
2016-12-02,72.20689655172414,72.20689655172414
2016-12-03,67.64285714285714,67.64285714285714
2016-12-04,68.44827586206897,68.44827586206897
2016-12-05,72.86206896551724,72.86206896551724
2016-12-06,76.35714285714286,76.35714285714286
2016-12-07,76.0,76.0
2016-12-08,70.82758620689657,70.82758620689657
2016-12-09,67.34482758620689,67.34482758620689
2016-12-10,60.31034482758621,60.31034482758622
2016-12-11,61.51724137931034,61.51724137931034
2016-12-12,68.0,68.0
2016-12-13,73.58620689655173,73.58620689655173
2016-12-14,73.13333333333334,73.13333333333334
2016-12-15,72.65517241379311,72.65517241379311
2016-12-16,67.4,67.4
2016-12-17,66.13793103448276,66.13793103448276
2016-12-18,73.6206896551724,73.6206896551724
2016-12-19,76.83333333333333,76.83333333333333
2016-12-20,73.06896551724137,73.06896551724137
2016-12-21,68.06896551724138,68.06896551724138
2016-12-22,64.41379310344827,64.41379310344827
2016-12-23,67.10344827586206,67.10344827586206
2016-12-24,69.13333333333334,69.13333333333334
2016-12-25,72.65517241379311,72.65517241379311
2016-12-26,73.93103448275863,73.93103448275863
2016-12-27,74.82758620689657,74.82758620689657
2016-12-28,73.55172413793103,73.55172413793103
2016-12-29,73.13793103448276,73.13793103448276
2016-12-30,70.86206896551724,70.86206896551724
2016-12-31,56.31034482758621,56.31034482758622
2017-01-01,58.0,58.0
2017-01-02,70.4074074074074,70.4074074074074
2017-01-03,74.7037037037037,74.7037037037037
2017-01-04,75.33333333333333,75.33333333333333
2017-01-05,70.22222222222223,70.22222222222223
2017-01-06,65.03703703703704,65.03703703703704
2017-01-07,65.73076923076923,65.73076923076923
2017-01-08,58.884615384615394,58.8846153846154
2017-01-09,48.03703703703704,48.03703703703704
2017-01-10,53.5925925925926,53.59259259259261
2017-01-11,60.62962962962962,60.629629629629626
2017-01-12,65.81481481481481,65.81481481481481
2017-01-13,68.18518518518519,68.18518518518519
2017-01-14,69.85185185185185,69.85185185185185
2017-01-15,69.77777777777777,69.77777777777777
2017-01-16,69.55555555555556,69.55555555555556
2017-01-17,70.66666666666667,70.66666666666667
2017-01-18,70.18518518518519,70.18518518518519
2017-01-19,70.1111111111111,70.1111111111111
2017-01-20,69.51851851851852,69.51851851851852
2017-01-21,71.44444444444444,71.44444444444444
2017-01-22,72.66666666666667,72.66666666666667
2017-01-23,75.2962962962963,75.2962962962963
2017-01-24,67.51851851851852,67.51851851851852
2017-01-25,64.38461538461539,64.38461538461539
2017-01-26,63.481481481481474,63.48148148148147
2017-01-27,70.22222222222223,70.22222222222223
2017-01-28,62.80769230769231,62.807692307692314
2017-01-29,55.074074074074076,55.074074074074076
2017-01-30,54.2962962962963,54.2962962962963
2017-01-31,55.555555555555564,55.55555555555557
2017-02-01,57.7037037037037,57.7037037037037
2017-02-02,62.33333333333334,62.33333333333335
2017-02-03,65.29629629629629,65.29629629629629
2017-02-04,67.77777777777777,67.77777777777777
2017-02-05,65.1111111111111,65.1111111111111
2017-02-06,65.77777777777777,65.77777777777777
2017-02-07,67.29629629629629,67.29629629629629
2017-02-08,70.77777777777777,70.77777777777777
2017-02-09,72.77777777777777,72.77777777777777
2017-02-10,70.76923076923076,70.76923076923076
2017-02-11,62.074074074074076,62.074074074074076
2017-02-12,66.0,66.0
2017-02-13,68.8888888888889,68.8888888888889
2017-02-14,68.37037037037037,68.37037037037037
2017-02-15,69.1111111111111,69.1111111111111
2017-02-16,71.77777777777777,71.77777777777777
2017-02-17,62.74074074074074,62.74074074074074
2017-02-18,61.074074074074076,61.074074074074076
2017-02-19,66.66666666666667,66.66666666666667
2017-02-20,72.74074074074075,72.74074074074075
2017-02-21,69.51851851851852,69.51851851851852
2017-02-22,69.77777777777777,69.77777777777777
2017-02-23,68.70370370370371,68.70370370370371
2017-02-24,70.1111111111111,70.1111111111111
2017-02-25,72.22222222222223,72.22222222222223
2017-02-26,72.37037037037038,72.37037037037038
2017-02-27,66.77777777777777,66.77777777777777
2017-02-28,71.55555555555556,71.55555555555556
2017-03-01,75.23076923076924,75.23076923076924
2017-03-02,76.1111111111111,76.1111111111111
2017-03-03,72.2962962962963,72.2962962962963
2017-03-04,66.1111111111111,66.1111111111111
2017-03-05,64.84615384615384,64.84615384615384
2017-03-06,67.44444444444444,67.44444444444444
2017-03-07,69.1111111111111,69.1111111111111
2017-03-08,69.92592592592592,69.92592592592592
2017-03-09,71.8888888888889,71.8888888888889
2017-03-10,71.14814814814815,71.14814814814815
2017-03-11,72.33333333333333,72.33333333333333
2017-03-12,69.51851851851852,69.51851851851852
2017-03-13,70.14814814814815,70.14814814814815
2017-03-14,68.03703703703704,68.03703703703704
2017-03-15,61.615384615384606,61.6153846153846
2017-03-16,54.33333333333334,54.33333333333335
2017-03-17,53.66666666666666,53.66666666666665
2017-03-18,58.407407407407405,58.407407407407405
2017-03-19,63.92307692307693,63.92307692307693
2017-03-20,66.70370370370371,66.70370370370371
2017-03-21,63.814814814814824,63.81481481481483
2017-03-22,67.66666666666667,67.66666666666667
2017-03-23,73.03703703703705,73.03703703703705
2017-03-24,71.48148148148148,71.48148148148148
2017-03-25,71.03846153846153,71.03846153846153
2017-03-26,72.18518518518519,72.18518518518519
2017-03-27,72.2962962962963,72.2962962962963
2017-03-28,71.92592592592592,71.92592592592592
2017-03-29,73.1111111111111,73.1111111111111
2017-03-30,74.4074074074074,74.4074074074074
2017-03-31,74.96153846153847,74.96153846153847
2017-04-01,77.42307692307692,77.42307692307692
2017-04-02,74.77777777777777,74.77777777777777
2017-04-03,75.74074074074075,75.74074074074075
2017-04-04,79.7037037037037,79.7037037037037
2017-04-05,77.4074074074074,77.4074074074074
2017-04-06,79.84615384615384,79.84615384615384
2017-04-07,72.81481481481481,72.81481481481481
2017-04-08,64.96296296296296,64.96296296296296
2017-04-09,63.148148148148145,63.148148148148145
2017-04-10,66.70370370370371,66.70370370370371
2017-04-11,71.55555555555556,71.55555555555556
2017-04-12,72.2962962962963,72.2962962962963
2017-04-13,73.33333333333333,73.33333333333333
2017-04-14,73.33333333333333,73.33333333333333
2017-04-15,73.77777777777777,73.77777777777777
2017-04-16,75.37037037037038,75.37037037037038
2017-04-17,74.55555555555556,74.55555555555556
2017-04-18,73.81481481481481,73.81481481481481
2017-04-19,75.07407407407408,75.07407407407408
2017-04-20,76.03703703703705,76.03703703703705
2017-04-21,75.5925925925926,75.5925925925926
2017-04-22,74.4074074074074,74.4074074074074
2017-04-23,76.37037037037038,76.37037037037038
2017-04-24,75.53846153846153,75.53846153846153
2017-04-25,73.30769230769229,73.30769230769229
2017-04-26,71.23076923076924,71.23076923076924
2017-04-27,71.96153846153847,71.96153846153847
2017-04-28,80.1111111111111,80.1111111111111
2017-04-29,81.62962962962962,81.62962962962962
2017-04-30,81.66666666666667,81.66666666666667
2017-05-01,81.2962962962963,81.2962962962963
2017-05-02,80.48148148148148,80.48148148148148
2017-05-03,77.33333333333333,77.33333333333333
2017-05-04,76.66666666666667,76.66666666666667
2017-05-05,78.15384615384616,78.15384615384616
2017-05-06,72.84615384615384,72.84615384615384
2017-05-07,69.92307692307692,69.92307692307692
2017-05-08,71.0,71.0
2017-05-09,74.07692307692308,74.07692307692308
2017-05-10,75.11538461538461,75.11538461538461
2017-05-11,77.92307692307692,77.92307692307692
2017-05-12,79.03703703703705,79.03703703703705
2017-05-13,79.4074074074074,79.4074074074074
2017-05-14,78.81481481481481,78.81481481481481
2017-05-15,78.55555555555556,78.55555555555556
2017-05-16,78.44444444444444,78.44444444444444
2017-05-17,80.1111111111111,80.1111111111111
2017-05-18,81.18518518518519,81.18518518518519
2017-05-19,81.22222222222223,81.22222222222223
2017-05-20,81.62962962962962,81.62962962962962
2017-05-21,83.62962962962962,83.62962962962962
2017-05-22,80.77777777777777,80.77777777777777
2017-05-23,81.14814814814815,81.14814814814815
2017-05-24,81.74074074074075,81.74074074074075
2017-05-25,79.66666666666667,79.66666666666667
2017-05-26,77.18518518518519,77.18518518518519
2017-05-27,76.5925925925926,76.5925925925926
2017-05-28,80.33333333333333,80.33333333333333
2017-05-29,81.85185185185185,81.85185185185185
2017-05-30,83.51851851851852,83.51851851851852
2017-05-31,83.92307692307692,83.92307692307692
2017-06-01,83.44444444444444,83.44444444444444
2017-06-02,82.81481481481481,82.81481481481481
2017-06-03,80.48148148148148,80.48148148148148
2017-06-04,79.92307692307692,79.92307692307692
2017-06-05,79.74074074074075,79.74074074074075
2017-06-06,80.25925925925925,80.25925925925925
2017-06-07,77.8888888888889,77.8888888888889
2017-06-08,77.25925925925925,77.25925925925925
2017-06-09,78.22222222222223,78.22222222222223
2017-06-10,78.8888888888889,78.8888888888889
2017-06-11,80.55555555555556,80.55555555555556
2017-06-12,82.37037037037038,82.37037037037038
2017-06-13,81.14814814814815,81.14814814814815
2017-06-14,81.37037037037038,81.37037037037038
2017-06-15,80.66666666666667,80.66666666666667
2017-06-16,80.66666666666667,80.66666666666667
2017-06-17,80.0,80.0
2017-06-18,81.5925925925926,81.5925925925926
2017-06-19,82.07692307692308,82.07692307692308
2017-06-20,81.51851851851852,81.51851851851852
2017-06-21,82.44444444444444,82.44444444444444
2017-06-22,84.22222222222223,84.22222222222223
2017-06-23,84.14814814814815,84.14814814814815
2017-06-24,83.81481481481481,83.81481481481481
2017-06-25,84.66666666666667,84.66666666666667
2017-06-26,84.25925925925925,84.25925925925925
2017-06-27,83.81481481481481,83.81481481481481
2017-06-28,82.8888888888889,82.8888888888889
2017-06-29,82.07407407407408,82.07407407407408
2017-06-30,83.33333333333333,83.33333333333333
2017-07-01,84.85185185185185,84.85185185185185
2017-07-02,84.85185185185185,84.85185185185185
2017-07-03,84.69230769230771,84.69230769230771
2017-07-04,85.11538461538461,85.11538461538461
2017-07-05,84.5925925925926,84.5925925925926
2017-07-06,85.37037037037038,85.37037037037038
2017-07-07,85.62962962962962,85.62962962962962
2017-07-08,85.18518518518519,85.18518518518519
2017-07-09,84.07407407407408,84.07407407407408
2017-07-10,83.33333333333333,83.33333333333333
2017-07-11,83.32,83.32
2017-07-12,83.2962962962963,83.2962962962963
2017-07-13,83.1111111111111,83.1111111111111
2017-07-14,83.5925925925926,83.5925925925926
2017-07-15,84.51851851851852,84.51851851851852
2017-07-16,84.37037037037038,84.37037037037038
2017-07-17,83.5925925925926,83.5925925925926
2017-07-18,83.1111111111111,83.1111111111111
2017-07-19,83.0,83.0
2017-07-20,83.5925925925926,83.5925925925926
2017-07-21,83.85185185185185,83.85185185185185
2017-07-22,82.77777777777777,82.77777777777777
2017-07-23,82.85185185185185,82.85185185185185
2017-07-24,82.48148148148148,82.48148148148148
2017-07-25,84.5,84.5
2017-07-26,85.7037037037037,85.7037037037037
2017-07-27,85.7037037037037,85.7037037037037
2017-07-28,84.92592592592592,84.92592592592592
2017-07-29,85.66666666666667,85.66666666666667
2017-07-30,85.37037037037038,85.37037037037038
2017-07-31,82.37037037037038,82.37037037037038
2017-08-01,79.4074074074074,79.4074074074074
2017-08-02,82.37037037037038,82.37037037037038
2017-08-03,82.03703703703705,82.03703703703705
2017-08-04,83.33333333333333,83.33333333333333
2017-08-05,84.51851851851852,84.51851851851852
2017-08-06,85.0,85.0
2017-08-07,84.62962962962962,84.62962962962962
2017-08-08,85.1111111111111,85.1111111111111
2017-08-09,85.48148148148148,85.48148148148148
2017-08-10,85.22222222222223,85.22222222222223
2017-08-11,83.8888888888889,83.8888888888889
2017-08-12,83.8888888888889,83.8888888888889
2017-08-13,84.22222222222223,84.22222222222223
2017-08-14,84.5925925925926,84.5925925925926
2017-08-15,85.18518518518519,85.18518518518519
2017-08-16,85.25925925925925,85.25925925925925
2017-08-17,85.55555555555556,85.55555555555556
2017-08-18,85.77777777777777,85.77777777777777
2017-08-19,85.2962962962963,85.2962962962963
2017-08-20,84.7037037037037,84.7037037037037
2017-08-21,83.92592592592592,83.92592592592592
2017-08-22,84.44444444444444,84.44444444444444
2017-08-23,85.03703703703705,85.03703703703705
2017-08-24,84.33333333333333,84.33333333333333
2017-08-25,82.96296296296295,82.96296296296295
2017-08-26,82.25925925925925,82.25925925925925
2017-08-27,82.25925925925925,82.25925925925925
2017-08-28,82.51851851851852,82.51851851851852
2017-08-29,82.0,82.0
2017-08-30,82.81481481481481,82.81481481481481
2017-08-31,84.1111111111111,84.1111111111111
2017-09-01,85.51851851851852,85.51851851851852
2017-09-02,84.37037037037038,84.37037037037038
2017-09-03,81.85185185185185,81.85185185185185
2017-09-04,82.48148148148148,82.48148148148148
2017-09-05,83.25925925925925,83.25925925925925
2017-09-06,83.62962962962962,83.62962962962962
2017-09-07,82.5925925925926,82.5925925925926
2017-09-08,82.62962962962962,82.62962962962962
2017-09-09,83.55555555555556,83.55555555555556
2017-09-10,80.33333333333333,80.33333333333333
2017-09-11,75.95454545454545,75.95454545454545
2017-09-12,79.30769230769229,79.30769230769229
2017-09-13,81.03846153846153,81.03846153846153
2017-09-14,81.0,81.0
2017-09-15,82.48148148148148,82.48148148148148
2017-09-16,83.22222222222223,83.22222222222223
2017-09-17,83.18518518518519,83.18518518518519
2017-09-18,82.66666666666667,82.66666666666667
2017-09-19,81.44444444444444,81.44444444444444
2017-09-20,81.77777777777777,81.77777777777777
2017-09-21,82.4074074074074,82.4074074074074
2017-09-22,82.25925925925925,82.25925925925925
2017-09-23,81.37037037037038,81.37037037037038
2017-09-24,82.1111111111111,82.1111111111111
2017-09-25,82.48148148148148,82.48148148148148
2017-09-26,83.03703703703705,83.03703703703705
2017-09-27,82.22222222222223,82.22222222222223
2017-09-28,82.66666666666667,82.66666666666667
2017-09-29,82.51851851851852,82.51851851851852
2017-09-30,81.03703703703705,81.03703703703705
2017-10-01,81.37037037037038,81.37037037037038
2017-10-02,79.88461538461539,79.88461538461539
2017-10-03,80.44444444444444,80.44444444444444
2017-10-04,80.48148148148148,80.48148148148148
2017-10-05,79.55555555555556,79.55555555555556
2017-10-06,78.07407407407408,78.07407407407408
2017-10-07,82.44444444444444,82.44444444444444
2017-10-08,84.2962962962963,84.2962962962963
2017-10-09,84.0,84.0
2017-10-10,83.81481481481481,83.81481481481481
2017-10-11,83.73076923076924,83.73076923076924
2017-10-12,82.38461538461539,82.38461538461539
2017-10-13,80.57692307692308,80.57692307692308
2017-10-14,81.11538461538461,81.11538461538461
2017-10-15,81.88461538461539,81.88461538461539
2017-10-16,81.53846153846153,81.53846153846153
2017-10-17,81.19230769230771,81.19230769230771
2017-10-18,76.80769230769229,76.80769230769229
2017-10-19,76.80769230769229,76.80769230769229
2017-10-20,78.53846153846153,78.53846153846153
2017-10-21,79.42307692307692,79.42307692307692
2017-10-22,79.46153846153847,79.46153846153847
2017-10-23,81.53846153846153,81.53846153846153
2017-10-24,80.03846153846153,80.03846153846153
2017-10-25,76.04,76.04
2017-10-26,65.6,65.6
2017-10-27,63.88,63.879999999999995
2017-10-28,69.0,69.0
2017-10-29,72.11538461538461,72.11538461538461
2017-10-30,63.153846153846146,63.15384615384615
2017-10-31,59.07692307692307,59.07692307692307
2017-11-01,63.846153846153854,63.84615384615385
2017-11-02,69.18518518518519,69.18518518518519
2017-11-03,72.18518518518519,72.18518518518519
2017-11-04,73.37037037037038,73.37037037037038
2017-11-05,74.48148148148148,74.48148148148148
2017-11-06,74.74074074074075,74.74074074074075
2017-11-07,75.14814814814815,75.14814814814815
2017-11-08,74.96153846153847,74.96153846153847
2017-11-09,74.96153846153847,74.96153846153847
2017-11-10,74.33333333333333,74.33333333333333
2017-11-11,71.0,71.0
2017-11-12,72.33333333333333,72.33333333333333
2017-11-13,75.2962962962963,75.2962962962963
2017-11-14,74.4074074074074,74.4074074074074
2017-11-15,71.81481481481481,71.81481481481481
2017-11-16,68.25925925925925,68.25925925925925
2017-11-17,67.37037037037037,67.37037037037037
2017-11-18,67.70370370370371,67.70370370370371
2017-11-19,68.74074074074075,68.74074074074075
2017-11-20,67.5925925925926,67.5925925925926
2017-11-21,65.33333333333333,65.33333333333333
2017-11-22,70.66666666666667,70.66666666666667
2017-11-23,71.2962962962963,71.2962962962963
2017-11-24,71.1111111111111,71.1111111111111
2017-11-25,67.07407407407408,67.07407407407408
2017-11-26,65.29629629629629,65.29629629629629
2017-11-27,66.44444444444444,66.44444444444444
2017-11-28,65.96296296296296,65.96296296296296
2017-11-29,71.4074074074074,71.4074074074074
2017-11-30,73.44444444444444,73.44444444444444
2017-12-01,72.03703703703705,72.03703703703705
2017-12-02,71.33333333333333,71.33333333333333
2017-12-03,71.44,71.44
2017-12-04,69.85185185185185,69.85185185185185
2017-12-05,70.25925925925925,70.25925925925925
2017-12-06,72.48148148148148,72.48148148148148
2017-12-07,71.48148148148148,71.48148148148148
2017-12-08,65.85185185185185,65.85185185185185
2017-12-09,68.51851851851852,68.51851851851852
2017-12-10,58.2962962962963,58.2962962962963
2017-12-11,49.96296296296296,49.96296296296296
2017-12-12,52.62962962962962,52.629629629629626
2017-12-13,58.074074074074076,58.074074074074076
2017-12-14,53.925925925925924,53.925925925925924
2017-12-15,57.22222222222222,57.22222222222222
2017-12-16,64.37037037037037,64.37037037037037
2017-12-17,62.37037037037037,62.37037037037037
2017-12-18,67.66666666666667,67.66666666666667
2017-12-19,72.44444444444444,72.44444444444444
2017-12-20,73.22222222222223,73.22222222222223
2017-12-21,71.92592592592592,71.92592592592592
2017-12-22,71.37037037037038,71.37037037037038
2017-12-23,69.25925925925925,69.25925925925925
2017-12-24,71.44444444444444,71.44444444444444
2017-12-25,70.66666666666667,70.66666666666667
2017-12-26,63.7037037037037,63.7037037037037
2017-12-27,64.62962962962963,64.62962962962963
2017-12-28,66.1111111111111,66.1111111111111
2017-12-29,64.18518518518519,64.18518518518519
2017-12-30,58.66666666666666,58.66666666666665
2017-12-31,56.7037037037037,56.7037037037037
2018-01-01,57.18181818181818,57.18181818181818
2018-01-02,54.94285714285714,54.94285714285714
2018-01-03,50.542857142857144,50.54285714285715
2018-01-04,48.34285714285714,48.34285714285714
2018-01-05,44.14285714285715,44.14285714285715
2018-01-06,45.485714285714295,45.485714285714295
2018-01-07,49.228571428571435,49.228571428571435
2018-01-08,53.485714285714295,53.485714285714295
2018-01-09,62.085714285714296,62.085714285714296
2018-01-10,68.08571428571429,68.08571428571429
2018-01-11,69.8,69.8
2018-01-12,71.31428571428572,71.31428571428572
2018-01-13,69.82857142857142,69.82857142857142
2018-01-14,55.65714285714286,55.65714285714286
2018-01-15,51.14285714285714,51.14285714285714
2018-01-16,54.771428571428565,54.771428571428565
2018-01-17,58.411764705882355,58.411764705882355
2018-01-18,53.235294117647065,53.235294117647065
2018-01-19,43.88571428571429,43.88571428571429
2018-01-20,51.34285714285714,51.34285714285714
2018-01-21,57.4,57.4
2018-01-22,65.6,65.6
2018-01-23,68.71428571428571,68.71428571428571
2018-01-24,68.82352941176471,68.82352941176471
2018-01-25,62.0,62.0
2018-01-26,61.147058823529406,61.14705882352941
2018-01-27,64.41176470588235,64.41176470588235
2018-01-28,69.41176470588235,69.41176470588235
2018-01-29,71.02941176470588,71.02941176470588
2018-01-30,66.38235294117646,66.38235294117646
2018-01-31,55.264705882352935,55.264705882352935
2018-02-01,56.11764705882353,56.117647058823536
2018-02-02,62.058823529411775,62.058823529411775
2018-02-03,64.20588235294117,64.20588235294117
2018-02-04,61.764705882352935,61.764705882352935
2018-02-05,68.76470588235293,68.76470588235293
2018-02-06,66.05882352941177,66.05882352941177
2018-02-07,67.0,67.0
2018-02-08,72.5,72.5
2018-02-09,70.26470588235293,70.26470588235293
2018-02-10,71.17647058823529,71.17647058823529
2018-02-11,73.97058823529412,73.97058823529412
2018-02-12,75.26470588235293,75.26470588235293
2018-02-13,74.8529411764706,74.8529411764706
2018-02-14,72.67647058823529,72.67647058823529
2018-02-15,70.88235294117645,70.88235294117645
2018-02-16,71.44117647058823,71.44117647058823
2018-02-17,72.08823529411767,72.08823529411767
2018-02-18,72.0,72.0
2018-02-19,72.67647058823529,72.67647058823529
2018-02-20,74.88235294117645,74.88235294117645
2018-02-21,76.58823529411767,76.58823529411767
2018-02-22,77.29411764705883,77.29411764705883
2018-02-23,75.45454545454545,75.45454545454545
2018-02-24,74.73529411764707,74.73529411764707
2018-02-25,74.61764705882355,74.61764705882355
2018-02-26,75.11764705882355,75.11764705882355
2018-02-27,74.8529411764706,74.8529411764706
2018-02-28,72.3529411764706,72.3529411764706
2018-03-01,72.52941176470588,72.52941176470588
2018-03-02,75.2,75.2
2018-03-03,70.91428571428571,70.91428571428571
2018-03-04,63.771428571428565,63.771428571428565
2018-03-05,60.714285714285715,60.71428571428572
2018-03-06,61.74285714285714,61.74285714285714
2018-03-07,65.08823529411765,65.08823529411765
2018-03-08,65.38235294117646,65.38235294117646
2018-03-09,57.08823529411765,57.08823529411765
2018-03-10,56.31428571428572,56.31428571428571
2018-03-11,60.4,60.4
2018-03-12,70.65714285714286,70.65714285714286
2018-03-13,62.8,62.8
2018-03-14,55.8,55.8
2018-03-15,57.171428571428564,57.171428571428564
2018-03-16,56.25714285714286,56.25714285714286
2018-03-17,60.2,60.2
2018-03-18,66.79411764705883,66.79411764705883
2018-03-19,72.14285714285714,72.14285714285714
2018-03-20,73.42857142857143,73.42857142857143
2018-03-21,74.31428571428572,74.31428571428572
2018-03-22,63.235294117647065,63.235294117647065
2018-03-23,58.84848484848485,58.84848484848485
2018-03-24,59.42857142857143,59.42857142857143
2018-03-25,64.0,64.0
2018-03-26,70.14285714285714,70.14285714285714
2018-03-27,69.11428571428571,69.11428571428571
2018-03-28,70.62857142857143,70.62857142857143
2018-03-29,70.54285714285714,70.54285714285714
2018-03-30,73.77142857142857,73.77142857142857
2018-03-31,73.05714285714286,73.05714285714286
2018-04-01,70.4,70.4
2018-04-02,72.62857142857143,72.62857142857143
2018-04-03,73.88571428571429,73.88571428571429
2018-04-04,75.25714285714284,75.25714285714284
2018-04-05,73.91428571428571,73.91428571428571
2018-04-06,70.25714285714285,70.25714285714285
2018-04-07,72.28571428571429,72.28571428571429
2018-04-08,74.94117647058823,74.94117647058823
2018-04-09,71.91176470588233,71.91176470588233
2018-04-10,76.6470588235294,76.6470588235294
2018-04-11,72.44117647058823,72.44117647058823
2018-04-12,69.76470588235293,69.76470588235293
2018-04-13,69.52941176470588,69.52941176470588
2018-04-14,73.58823529411767,73.58823529411767
2018-04-15,76.5,76.5
2018-04-16,74.61764705882355,74.61764705882355
2018-04-17,64.64705882352939,64.64705882352939
2018-04-18,65.44117647058823,65.44117647058823
2018-04-19,69.58823529411765,69.58823529411765
2018-04-20,72.82352941176471,72.82352941176471
2018-04-21,71.73529411764707,71.73529411764707
2018-04-22,75.44117647058823,75.44117647058823
2018-04-23,76.82352941176471,76.82352941176471
2018-04-24,77.11764705882355,77.11764705882355
2018-04-25,75.02941176470588,75.02941176470588
2018-04-26,72.41176470588233,72.41176470588233
2018-04-27,71.5,71.5
2018-04-28,73.52941176470588,73.52941176470588
2018-04-29,72.58823529411767,72.58823529411767
2018-04-30,74.20588235294117,74.20588235294117
2018-05-01,74.23529411764707,74.23529411764707
2018-05-02,74.67647058823529,74.67647058823529
2018-05-03,74.6470588235294,74.6470588235294
2018-05-04,75.4,75.4
2018-05-05,75.97142857142858,75.97142857142858
2018-05-06,76.08571428571429,76.08571428571429
2018-05-07,77.65714285714286,77.65714285714286
2018-05-08,77.51428571428572,77.51428571428572
2018-05-09,76.11428571428571,76.11428571428571
2018-05-10,75.6,75.6
2018-05-11,75.85714285714286,75.85714285714286
2018-05-12,78.34285714285714,78.34285714285714
2018-05-13,76.82857142857142,76.82857142857142
2018-05-14,76.4,76.4
2018-05-15,75.02857142857142,75.02857142857142
2018-05-16,77.45714285714286,77.45714285714286
2018-05-17,77.57142857142857,77.57142857142857
2018-05-18,77.08823529411767,77.08823529411767
2018-05-19,78.70588235294117,78.70588235294117
2018-05-20,77.54545454545455,77.54545454545455
2018-05-21,75.55882352941177,75.55882352941177
2018-05-22,77.11764705882355,77.11764705882355
2018-05-23,78.41176470588233,78.41176470588233
2018-05-24,79.3529411764706,79.3529411764706
2018-05-25,80.26470588235293,80.26470588235293
2018-05-26,79.11428571428571,79.11428571428571
2018-05-27,76.74285714285716,76.74285714285716
2018-05-28,77.85714285714286,77.85714285714286
2018-05-29,79.8,79.8
2018-05-30,80.52941176470588,80.52941176470588
2018-05-31,79.58823529411767,79.58823529411767
2018-06-01,80.6470588235294,80.6470588235294
2018-06-02,80.79411764705883,80.79411764705883
2018-06-03,81.76470588235293,81.76470588235293
2018-06-04,83.41176470588233,83.41176470588233
2018-06-05,84.41176470588233,84.41176470588233
2018-06-06,82.26470588235293,82.26470588235293
2018-06-07,80.29411764705883,80.29411764705883
2018-06-08,80.26470588235293,80.26470588235293
2018-06-09,80.08823529411767,80.08823529411767
2018-06-10,80.23529411764707,80.23529411764707
2018-06-11,80.70588235294117,80.70588235294117
2018-06-12,80.23529411764707,80.23529411764707
2018-06-13,80.61764705882355,80.61764705882355
2018-06-14,81.8529411764706,81.8529411764706
2018-06-15,81.44117647058823,81.44117647058823
2018-06-16,81.97058823529412,81.97058823529412
2018-06-17,82.23529411764707,82.23529411764707
2018-06-18,83.29411764705883,83.29411764705883
2018-06-19,83.67647058823529,83.67647058823529
2018-06-20,83.14285714285714,83.14285714285714
2018-06-21,84.0,84.0
2018-06-22,85.05714285714286,85.05714285714286
2018-06-23,85.31428571428572,85.31428571428572
2018-06-24,85.0,85.0
2018-06-25,84.58823529411767,84.58823529411767
2018-06-26,83.72727272727273,83.72727272727273
2018-06-27,83.81818181818181,83.81818181818181
2018-06-28,83.42424242424242,83.42424242424242
2018-06-29,83.93939393939394,83.93939393939394
2018-06-30,82.70588235294117,82.70588235294117
2018-07-01,82.1470588235294,82.1470588235294
2018-07-02,82.33333333333333,82.33333333333333
2018-07-03,83.55882352941177,83.55882352941177
2018-07-04,83.65714285714286,83.65714285714286
2018-07-05,81.91428571428571,81.91428571428571
2018-07-06,81.91428571428571,81.91428571428571
2018-07-07,81.94285714285714,81.94285714285714
2018-07-08,81.68571428571428,81.68571428571428
2018-07-09,82.37142857142857,82.37142857142857
2018-07-10,83.54285714285714,83.54285714285714
2018-07-11,83.62857142857143,83.62857142857143
2018-07-12,83.8,83.8
2018-07-13,83.48571428571428,83.48571428571428
2018-07-14,84.4,84.4
2018-07-15,83.91428571428571,83.91428571428571
2018-07-16,84.22857142857143,84.22857142857143
2018-07-17,85.11428571428571,85.11428571428571
2018-07-18,84.68571428571428,84.68571428571428
2018-07-19,84.48571428571428,84.48571428571428
2018-07-20,84.76470588235293,84.76470588235293
2018-07-21,83.97058823529412,83.97058823529412
2018-07-22,85.11428571428571,85.11428571428571
2018-07-23,84.34285714285714,84.34285714285714
2018-07-24,83.0,83.0
2018-07-25,82.97142857142858,82.97142857142858
2018-07-26,84.28571428571429,84.28571428571429
2018-07-27,84.51428571428572,84.51428571428572
2018-07-28,84.11428571428571,84.11428571428571
2018-07-29,83.8,83.8
2018-07-30,82.68571428571428,82.68571428571428
2018-07-31,82.17647058823529,82.17647058823529
2018-08-01,82.48571428571428,82.48571428571428
2018-08-02,82.5,82.5
2018-08-03,82.66666666666667,82.66666666666667
2018-08-04,83.26470588235293,83.26470588235293
2018-08-05,83.94117647058823,83.94117647058823
2018-08-06,84.32352941176471,84.32352941176471
2018-08-07,84.26470588235293,84.26470588235293
2018-08-08,83.8529411764706,83.8529411764706
2018-08-09,84.61764705882355,84.61764705882355
2018-08-10,84.23529411764707,84.23529411764707
2018-08-11,83.6470588235294,83.6470588235294
2018-08-12,82.41176470588233,82.41176470588233
2018-08-13,83.05882352941177,83.05882352941177
2018-08-14,83.05882352941177,83.05882352941177
2018-08-15,83.41176470588233,83.41176470588233
2018-08-16,83.20588235294117,83.20588235294117
2018-08-17,84.05882352941177,84.05882352941177
2018-08-18,84.29411764705883,84.29411764705883
2018-08-19,83.80645161290323,83.80645161290323
2018-08-20,83.60606060606061,83.60606060606061
2018-08-21,83.42424242424242,83.42424242424242
2018-08-22,83.51515151515152,83.51515151515152
2018-08-23,84.12121212121212,84.12121212121212
2018-08-24,83.52941176470588,83.52941176470588
2018-08-25,83.3529411764706,83.3529411764706
2018-08-26,83.02941176470588,83.02941176470588
2018-08-27,83.20588235294117,83.20588235294117
2018-08-28,84.0,84.0
2018-08-29,82.70588235294117,82.70588235294117
2018-08-30,82.0909090909091,82.0909090909091
2018-08-31,81.78787878787878,81.78787878787878
2018-09-01,83.02941176470588,83.02941176470588
2018-09-02,83.23529411764707,83.23529411764707
2018-09-03,82.1470588235294,82.1470588235294
2018-09-04,80.61764705882355,80.61764705882355
2018-09-05,82.61764705882355,82.61764705882355
2018-09-06,83.91176470588233,83.91176470588233
2018-09-07,83.11764705882355,83.11764705882355
2018-09-08,81.67647058823529,81.67647058823529
2018-09-09,81.17647058823529,81.17647058823529
2018-09-10,81.76470588235293,81.76470588235293
2018-09-11,82.47058823529412,82.47058823529412
2018-09-12,83.47058823529412,83.47058823529412
2018-09-13,84.41176470588233,84.41176470588233
2018-09-14,84.44117647058823,84.44117647058823
2018-09-15,84.1470588235294,84.1470588235294
2018-09-16,85.58823529411767,85.58823529411767
2018-09-17,85.72727272727273,85.72727272727273
2018-09-18,85.26470588235293,85.26470588235293
2018-09-19,84.91176470588233,84.91176470588233
2018-09-20,85.02941176470588,85.02941176470588
2018-09-21,84.29411764705883,84.29411764705883
2018-09-22,83.52941176470588,83.52941176470588
2018-09-23,82.88235294117645,82.88235294117645
2018-09-24,82.70588235294117,82.70588235294117
2018-09-25,83.29411764705883,83.29411764705883
2018-09-26,83.97058823529412,83.97058823529412
2018-09-27,84.26470588235293,84.26470588235293
2018-09-28,84.67647058823529,84.67647058823529
2018-09-29,84.08823529411767,84.08823529411767
2018-09-30,83.8529411764706,83.8529411764706
2018-10-01,83.70588235294117,83.70588235294117
2018-10-02,83.05882352941177,83.05882352941177
2018-10-03,82.91176470588233,82.91176470588233
2018-10-04,82.1470588235294,82.1470588235294
2018-10-05,81.61764705882355,81.61764705882355
2018-10-06,81.76470588235293,81.76470588235293
2018-10-07,81.05882352941177,81.05882352941177
2018-10-08,81.47058823529412,81.47058823529412
2018-10-09,81.32352941176471,81.32352941176471
2018-10-10,82.79411764705883,82.79411764705883
2018-10-11,83.6774193548387,83.6774193548387
2018-10-12,83.2258064516129,83.2258064516129
2018-10-13,79.7741935483871,79.7741935483871
2018-10-14,77.80645161290323,77.80645161290323
2018-10-15,80.29032258064517,80.29032258064517
2018-10-16,82.87096774193549,82.87096774193549
2018-10-17,83.54838709677419,83.54838709677419
2018-10-18,83.3225806451613,83.3225806451613
2018-10-19,81.9375,81.9375
2018-10-20,81.35483870967742,81.35483870967742
2018-10-21,80.25806451612904,80.25806451612904
2018-10-22,76.15625,76.15625
2018-10-23,75.125,75.125
2018-10-24,75.5625,75.5625
2018-10-25,77.15625,77.15625
2018-10-26,75.84375,75.84375
2018-10-27,78.625,78.625
2018-10-28,71.8125,71.8125
2018-10-29,67.5625,67.5625
2018-10-30,70.09375,70.09375
2018-10-31,72.0625,72.0625
2018-11-01,72.93939393939394,72.93939393939394
2018-11-02,75.18181818181819,75.18181818181819
2018-11-03,74.75757575757575,74.75757575757575
2018-11-04,67.58823529411765,67.58823529411765
2018-11-05,73.1470588235294,73.1470588235294
2018-11-06,77.73529411764707,77.73529411764707
2018-11-07,78.17647058823529,78.17647058823529
2018-11-08,78.11764705882355,78.11764705882355
2018-11-09,77.8529411764706,77.8529411764706
2018-11-10,77.76470588235293,77.76470588235293
2018-11-11,73.5,73.5
2018-11-12,72.76470588235293,72.76470588235293
2018-11-13,76.82352941176471,76.82352941176471
2018-11-14,77.5,77.5
2018-11-15,75.51515151515152,75.51515151515152
2018-11-16,66.33333333333333,66.33333333333333
2018-11-17,58.38235294117647,58.382352941176464
2018-11-18,62.911764705882355,62.911764705882355
2018-11-19,69.73529411764707,69.73529411764707
2018-11-20,71.70588235294117,71.70588235294117
2018-11-21,70.73529411764707,70.73529411764707
2018-11-22,67.17647058823529,67.17647058823529
2018-11-23,64.82352941176471,64.82352941176471
2018-11-24,69.85294117647061,69.85294117647061
2018-11-25,72.72727272727273,72.72727272727273
2018-11-26,70.23529411764707,70.23529411764707
2018-11-27,70.79411764705883,70.79411764705883
2018-11-28,57.5,57.5
2018-11-29,50.29411764705882,50.29411764705882
2018-11-30,54.735294117647065,54.735294117647065
2018-12-01,64.20588235294117,64.20588235294117
2018-12-02,73.3529411764706,73.3529411764706
2018-12-03,77.70588235294117,77.70588235294117
2018-12-04,76.05882352941177,76.05882352941177
2018-12-05,69.29411764705883,69.29411764705883
2018-12-06,56.58823529411765,56.58823529411765
2018-12-07,56.235294117647065,56.235294117647065
2018-12-08,62.32352941176471,62.32352941176471
2018-12-09,67.47058823529412,67.47058823529412
2018-12-10,69.14705882352939,69.14705882352939
2018-12-11,56.88235294117647,56.882352941176464
2018-12-12,52.0,52.0
2018-12-13,54.5,54.5
2018-12-14,65.54545454545455,65.54545454545455
2018-12-15,71.96969696969697,71.96969696969697
2018-12-16,67.51515151515152,67.51515151515152
2018-12-17,64.41176470588235,64.41176470588235
2018-12-18,59.33333333333334,59.33333333333335
2018-12-19,59.90909090909091,59.909090909090914
2018-12-20,62.72727272727273,62.72727272727272
2018-12-21,68.4375,68.4375
2018-12-22,60.87878787878788,60.87878787878788
2018-12-23,55.66666666666666,55.66666666666665
2018-12-24,56.28125,56.28125
2018-12-25,60.6875,60.6875
2018-12-26,63.1875,63.1875
2018-12-27,66.63636363636364,66.63636363636364
2018-12-28,71.75757575757575,71.75757575757575
2018-12-29,75.84848484848484,75.84848484848484
2018-12-30,73.93939393939394,73.93939393939394
2018-12-31,73.9090909090909,73.9090909090909
2019-01-01,73.3888888888889,73.3888888888889
2019-01-02,72.33333333333333,72.33333333333333
2019-01-03,71.0,71.0
2019-01-04,72.3888888888889,72.3888888888889
2019-01-05,70.05555555555556,70.05555555555556
2019-01-06,58.66666666666666,58.66666666666665
2019-01-07,58.22222222222222,58.22222222222222
2019-01-08,62.5,62.5
2019-01-09,64.83333333333333,64.83333333333333
2019-01-10,59.555555555555564,59.55555555555557
2019-01-11,51.16666666666666,51.16666666666665
2019-01-12,54.944444444444436,54.94444444444443
2019-01-13,63.72222222222222,63.72222222222222
2019-01-14,66.6111111111111,66.6111111111111
2019-01-15,55.77777777777778,55.77777777777778
2019-01-16,51.611111111111114,51.611111111111114
2019-01-17,51.0,51.0
2019-01-18,54.83333333333334,54.83333333333335
2019-01-19,61.88888888888889,61.88888888888889
2019-01-20,65.55555555555556,65.55555555555556
2019-01-21,54.66666666666666,54.66666666666665
2019-01-22,47.38888888888889,47.38888888888889
2019-01-23,58.16666666666666,58.16666666666665
2019-01-24,68.22222222222223,68.22222222222223
2019-01-25,60.944444444444436,60.94444444444443
2019-01-26,51.5,51.5
2019-01-27,52.611111111111114,52.611111111111114
2019-01-28,51.66666666666666,51.66666666666665
2019-01-29,51.0,51.0
2019-01-30,51.944444444444436,51.94444444444443
2019-01-31,47.944444444444436,47.944444444444436
2019-02-01,51.555555555555564,51.55555555555557
2019-02-02,61.0,61.0
2019-02-03,66.16666666666667,66.16666666666667
2019-02-04,64.44444444444444,64.44444444444444
2019-02-05,62.38888888888889,62.38888888888889
2019-02-06,64.3888888888889,64.3888888888889
2019-02-07,66.6111111111111,66.6111111111111
2019-02-08,68.33333333333333,68.33333333333333
2019-02-09,67.55555555555556,67.55555555555556
2019-02-10,64.44444444444444,64.44444444444444
2019-02-11,67.27777777777777,67.27777777777777
2019-02-12,70.94444444444444,70.94444444444444
2019-02-13,73.72222222222223,73.72222222222223
2019-02-14,58.33333333333334,58.33333333333335
2019-02-15,56.88888888888889,56.88888888888889
2019-02-16,62.88888888888889,62.88888888888889
2019-02-17,67.94444444444444,67.94444444444444
2019-02-18,72.3888888888889,72.3888888888889
2019-02-19,74.16666666666667,74.16666666666667
2019-02-20,71.3888888888889,71.3888888888889
2019-02-21,73.44444444444444,73.44444444444444
2019-02-22,75.3888888888889,75.3888888888889
2019-02-23,75.6111111111111,75.6111111111111
2019-02-24,77.55555555555556,77.55555555555556
2019-02-25,74.5,74.5
2019-02-26,64.33333333333333,64.33333333333333
2019-02-27,66.05555555555556,66.05555555555556
2019-02-28,69.3888888888889,69.3888888888889
2019-03-01,68.33333333333333,68.33333333333333
2019-03-02,71.1111111111111,71.1111111111111
2019-03-03,71.55555555555556,71.55555555555556
2019-03-04,73.33333333333333,73.33333333333333
2019-03-05,65.94444444444444,65.94444444444444
2019-03-06,55.72222222222222,55.72222222222222
2019-03-07,50.27777777777778,50.27777777777778
2019-03-08,54.611111111111114,54.611111111111114
2019-03-09,63.111111111111114,63.111111111111114
2019-03-10,68.8888888888889,68.8888888888889
2019-03-11,73.6111111111111,73.6111111111111
2019-03-12,74.33333333333333,74.33333333333333
2019-03-13,69.3888888888889,69.3888888888889
2019-03-14,70.0,70.0
2019-03-15,72.55555555555556,72.55555555555556
2019-03-16,73.6111111111111,73.6111111111111
2019-03-17,68.05555555555556,68.05555555555556
2019-03-18,63.0,63.0
2019-03-19,62.27777777777778,62.27777777777778
2019-03-20,61.88888888888889,61.88888888888889
2019-03-21,63.22222222222222,63.22222222222222
2019-03-22,61.83333333333334,61.83333333333335
2019-03-23,61.72222222222222,61.72222222222222
2019-03-24,61.16666666666666,61.16666666666665
2019-03-25,65.94444444444444,65.94444444444444
2019-03-26,69.8888888888889,69.8888888888889
2019-03-27,69.66666666666667,69.66666666666667
2019-03-28,63.77777777777778,63.77777777777778
2019-03-29,66.0,66.0
2019-03-30,66.27777777777777,66.27777777777777
2019-03-31,68.72222222222223,68.72222222222223
2019-04-01,70.0,70.0
2019-04-02,63.27777777777778,63.27777777777778
2019-04-03,65.1111111111111,65.1111111111111
2019-04-04,64.0,64.0
2019-04-05,69.05555555555556,69.05555555555556
2019-04-06,73.1111111111111,73.1111111111111
2019-04-07,75.44444444444444,75.44444444444444
2019-04-08,76.3888888888889,76.3888888888889
2019-04-09,76.8888888888889,76.8888888888889
2019-04-10,76.22222222222223,76.22222222222223
2019-04-11,74.0,74.0
2019-04-12,74.1111111111111,74.1111111111111
2019-04-13,77.27777777777777,77.27777777777777
2019-04-14,78.44444444444444,78.44444444444444
2019-04-15,77.77777777777777,77.77777777777777
2019-04-16,69.16666666666667,69.16666666666667
2019-04-17,67.05555555555556,67.05555555555556
2019-04-18,71.05555555555556,71.05555555555556
2019-04-19,74.94444444444444,74.94444444444444
2019-04-20,72.1111111111111,72.1111111111111
2019-04-21,64.55555555555556,64.55555555555556
2019-04-22,64.22222222222223,64.22222222222223
2019-04-23,66.94444444444444,66.94444444444444
2019-04-24,69.6111111111111,69.6111111111111
2019-04-25,71.44444444444444,71.44444444444444
2019-04-26,72.8888888888889,72.8888888888889
2019-04-27,75.22222222222223,75.22222222222223
2019-04-28,70.16666666666667,70.16666666666667
2019-04-29,71.5,71.5
2019-04-30,74.22222222222223,74.22222222222223
2019-05-01,77.17647058823529,77.17647058823529
2019-05-02,77.8888888888889,77.8888888888889
2019-05-03,78.83333333333333,78.83333333333333
2019-05-04,79.3888888888889,79.3888888888889
2019-05-05,79.83333333333333,79.83333333333333
2019-05-06,78.05555555555556,78.05555555555556
2019-05-07,78.94444444444444,78.94444444444444
2019-05-08,78.0,78.0
2019-05-09,78.72222222222223,78.72222222222223
2019-05-10,78.8888888888889,78.8888888888889
2019-05-11,79.77777777777777,79.77777777777777
2019-05-12,80.33333333333333,80.33333333333333
2019-05-13,80.05555555555556,80.05555555555556
2019-05-14,78.16666666666667,78.16666666666667
2019-05-15,75.44444444444444,75.44444444444444
2019-05-16,74.44444444444444,74.44444444444444
2019-05-17,75.55555555555556,75.55555555555556
2019-05-18,76.6111111111111,76.6111111111111
2019-05-19,77.44444444444444,77.44444444444444
2019-05-20,77.44444444444444,77.44444444444444
2019-05-21,79.94444444444444,79.94444444444444
2019-05-22,80.94444444444444,80.94444444444444
2019-05-23,80.83333333333333,80.83333333333333
2019-05-24,81.1111111111111,81.1111111111111
2019-05-25,79.5,79.5
2019-05-26,81.77777777777777,81.77777777777777
2019-05-27,82.83333333333333,82.83333333333333
2019-05-28,83.83333333333333,83.83333333333333
2019-05-29,84.77777777777777,84.77777777777777
2019-05-30,83.27777777777777,83.27777777777777
2019-05-31,82.8888888888889,82.8888888888889
2019-06-01,84.5,84.5
2019-06-02,85.16666666666667,85.16666666666667
2019-06-03,84.05555555555556,84.05555555555556
2019-06-04,85.1111111111111,85.1111111111111
2019-06-05,85.05555555555556,85.05555555555556
2019-06-06,84.33333333333333,84.33333333333333
2019-06-07,82.77777777777777,82.77777777777777
2019-06-08,83.44444444444444,83.44444444444444
2019-06-09,82.16666666666667,82.16666666666667
2019-06-10,81.22222222222223,81.22222222222223
2019-06-11,81.66666666666667,81.66666666666667
2019-06-12,82.27777777777777,82.27777777777777
2019-06-13,82.05555555555556,82.05555555555556
2019-06-14,80.0,80.0
2019-06-15,79.44444444444444,79.44444444444444
2019-06-16,81.27777777777777,81.27777777777777
2019-06-17,81.05555555555556,81.05555555555556
2019-06-18,80.94444444444444,80.94444444444444
2019-06-19,82.16666666666667,82.16666666666667
2019-06-20,82.33333333333333,82.33333333333333
2019-06-21,84.11764705882355,84.11764705882355
2019-06-22,86.64705882352942,86.64705882352942
2019-06-23,85.3888888888889,85.3888888888889
2019-06-24,85.1111111111111,85.1111111111111
2019-06-25,85.6111111111111,85.6111111111111
2019-06-26,86.27777777777777,86.27777777777777
2019-06-27,85.0625,85.0625
2019-06-28,83.4375,83.4375
2019-06-29,82.76470588235293,82.76470588235293
2019-06-30,81.52941176470588,81.52941176470588
2019-07-01,82.3529411764706,82.3529411764706
2019-07-02,85.16666666666667,85.16666666666667
2019-07-03,86.94444444444444,86.94444444444444
2019-07-04,86.33333333333331,86.33333333333331
2019-07-05,85.44444444444444,85.44444444444444
2019-07-06,84.33333333333333,84.33333333333333
2019-07-07,82.5,82.5
2019-07-08,83.05555555555556,83.05555555555556
2019-07-09,83.27777777777777,83.27777777777777
2019-07-10,83.72222222222223,83.72222222222223
2019-07-11,83.16666666666667,83.16666666666667
2019-07-12,83.1111111111111,83.1111111111111
2019-07-13,82.0,82.0
2019-07-14,82.27777777777777,82.27777777777777
2019-07-15,85.27777777777777,85.27777777777777
2019-07-16,85.33333333333333,85.33333333333333
2019-07-17,85.33333333333333,85.33333333333333
2019-07-18,84.6111111111111,84.6111111111111
2019-07-19,83.5,83.5
2019-07-20,83.33333333333333,83.33333333333333
2019-07-21,82.72222222222223,82.72222222222223
2019-07-22,82.57894736842105,82.57894736842105
2019-07-23,81.84210526315789,81.84210526315789
2019-07-24,82.1111111111111,82.1111111111111
2019-07-25,80.77777777777777,80.77777777777777
2019-07-26,79.42105263157895,79.42105263157895
2019-07-27,80.52631578947368,80.52631578947368
2019-07-28,81.0,81.0
2019-07-29,82.27777777777777,82.27777777777777
2019-07-30,82.55555555555556,82.55555555555556
2019-07-31,82.72222222222223,82.72222222222223
2019-08-01,83.05555555555556,83.05555555555556
2019-08-02,81.8888888888889,81.8888888888889
2019-08-03,81.47368421052632,81.47368421052632
2019-08-04,82.21052631578948,82.21052631578948
2019-08-05,83.42105263157895,83.42105263157895
2019-08-06,82.47368421052632,82.47368421052632
2019-08-07,82.89473684210526,82.89473684210526
2019-08-08,83.63157894736842,83.63157894736842
2019-08-09,84.78947368421052,84.78947368421052
2019-08-10,85.57894736842105,85.57894736842105
2019-08-11,86.10526315789473,86.10526315789473
2019-08-12,85.78947368421052,85.78947368421052
2019-08-13,85.15789473684211,85.15789473684211
2019-08-14,84.94736842105263,84.94736842105263
2019-08-15,84.47368421052632,84.47368421052632
2019-08-16,83.52631578947368,83.52631578947368
2019-08-17,82.21052631578948,82.21052631578948
2019-08-18,81.21052631578948,81.21052631578948
2019-08-19,82.73684210526315,82.73684210526315
2019-08-20,82.42105263157895,82.42105263157895
2019-08-21,83.0,83.0
2019-08-22,83.36842105263158,83.36842105263158
2019-08-23,83.84210526315789,83.84210526315789
2019-08-24,83.36842105263158,83.36842105263158
2019-08-25,84.55555555555556,84.55555555555556
2019-08-26,84.15789473684211,84.15789473684211
2019-08-27,83.3888888888889,83.3888888888889
2019-08-28,83.0,83.0
2019-08-29,83.78947368421052,83.78947368421052
2019-08-30,84.26315789473685,84.26315789473685
2019-08-31,82.78947368421052,82.78947368421052
2019-09-01,84.05555555555556,84.05555555555556
2019-09-02,84.21052631578948,84.21052631578948
2019-09-03,83.36842105263158,83.36842105263158
2019-09-04,83.0,83.0
2019-09-05,82.5,82.5
2019-09-06,87.16666666666669,87.16666666666669
2019-09-07,84.89473684210526,84.89473684210526
2019-09-08,82.94736842105263,82.94736842105263
2019-09-09,84.63157894736842,84.63157894736842
2019-09-10,84.84210526315789,84.84210526315789
2019-09-11,84.36842105263158,84.36842105263158
2019-09-12,83.6842105263158,83.6842105263158
2019-09-13,83.57894736842105,83.57894736842105
2019-09-14,83.26315789473685,83.26315789473685
2019-09-15,83.26315789473685,83.26315789473685
2019-09-16,83.84210526315789,83.84210526315789
2019-09-17,83.73684210526315,83.73684210526315
2019-09-18,84.47368421052632,84.47368421052632
2019-09-19,83.57894736842105,83.57894736842105
2019-09-20,80.47368421052632,80.47368421052632
2019-09-21,79.6842105263158,79.6842105263158
2019-09-22,79.89473684210526,79.89473684210526
2019-09-23,79.15789473684211,79.15789473684211
2019-09-24,78.94736842105263,78.94736842105263
2019-09-25,79.26315789473685,79.26315789473685
2019-09-26,82.63157894736842,82.63157894736842
2019-09-27,83.10526315789474,83.10526315789474
2019-09-28,82.36842105263158,82.36842105263158
2019-09-29,82.15789473684211,82.15789473684211
2019-09-30,81.73684210526315,81.73684210526315
2019-10-01,83.15789473684211,83.15789473684211
2019-10-02,82.84210526315789,82.84210526315789
2019-10-03,82.21052631578948,82.21052631578948
2019-10-04,81.36842105263158,81.36842105263158
2019-10-05,80.52631578947368,80.52631578947368
2019-10-06,81.47368421052632,81.47368421052632
2019-10-07,81.52631578947368,81.52631578947368
2019-10-08,79.26315789473685,79.26315789473685
2019-10-09,80.0,80.0
2019-10-10,78.10526315789474,78.10526315789474
2019-10-11,78.63157894736842,78.63157894736842
2019-10-12,77.44444444444444,77.44444444444444
2019-10-13,76.5,76.5
2019-10-14,77.26315789473685,77.26315789473685
2019-10-15,79.0,79.0
2019-10-16,79.3157894736842,79.3157894736842
2019-10-17,79.84210526315789,79.84210526315789
2019-10-18,72.78947368421052,72.78947368421052
2019-10-19,70.10526315789474,70.10526315789474
2019-10-20,77.21052631578948,77.21052631578948
2019-10-21,77.52631578947368,77.52631578947368
2019-10-22,77.10526315789474,77.10526315789474
2019-10-23,77.89473684210526,77.89473684210526
2019-10-24,71.0,71.0
2019-10-25,75.47368421052632,75.47368421052632
2019-10-26,80.15789473684211,80.15789473684211
2019-10-27,80.0,80.0
2019-10-28,78.21052631578948,78.21052631578948
2019-10-29,78.52631578947368,78.52631578947368
2019-10-30,80.21052631578948,80.21052631578948
2019-10-31,80.78947368421052,80.78947368421052
2019-11-01,76.94736842105263,76.94736842105263
2019-11-02,65.94736842105263,65.94736842105263
2019-11-03,68.52631578947367,68.52631578947367
2019-11-04,67.15789473684211,67.15789473684211
2019-11-05,72.36842105263158,72.36842105263158
2019-11-06,76.10526315789474,76.10526315789474
2019-11-07,76.78947368421052,76.78947368421052
2019-11-08,76.94736842105263,76.94736842105263
2019-11-09,70.42105263157895,70.42105263157895
2019-11-10,64.57894736842105,64.57894736842105
2019-11-11,63.78947368421053,63.789473684210535
2019-11-12,67.94736842105263,67.94736842105263
2019-11-13,66.15789473684211,66.15789473684211
2019-11-14,56.526315789473685,56.526315789473685
2019-11-15,63.157894736842096,63.157894736842096
2019-11-16,61.68421052631579,61.684210526315795
2019-11-17,56.68421052631579,56.684210526315795
2019-11-18,55.0,55.0
2019-11-19,61.26315789473684,61.26315789473684
2019-11-20,59.57894736842106,59.57894736842106
2019-11-21,60.157894736842096,60.157894736842096
2019-11-22,61.57894736842106,61.57894736842106
2019-11-23,65.78947368421052,65.78947368421052
2019-11-24,67.42105263157895,67.42105263157895
2019-11-25,59.78947368421053,59.789473684210535
2019-11-26,56.368421052631575,56.368421052631575
2019-11-27,59.631578947368425,59.631578947368425
2019-11-28,66.94736842105263,66.94736842105263
2019-11-29,67.52631578947367,67.52631578947367
2019-11-30,65.05263157894737,65.05263157894737
2019-12-01,66.77777777777777,66.77777777777777
2019-12-02,71.44444444444444,71.44444444444444
2019-12-03,58.444444444444436,58.44444444444443
2019-12-04,48.77777777777778,48.77777777777778
2019-12-05,54.68421052631579,54.684210526315795
2019-12-06,55.89473684210525,55.894736842105246
2019-12-07,60.26315789473684,60.26315789473684
2019-12-08,62.0,62.0
2019-12-09,66.94736842105263,66.94736842105263
2019-12-10,69.3157894736842,69.3157894736842
2019-12-11,71.05263157894737,71.05263157894737
2019-12-12,65.3157894736842,65.3157894736842
2019-12-13,65.15789473684211,65.15789473684211
2019-12-14,66.3157894736842,66.3157894736842
2019-12-15,62.31578947368421,62.315789473684205
2019-12-16,60.73684210526316,60.73684210526316
2019-12-17,68.05263157894737,68.05263157894737
2019-12-18,70.63157894736842,70.63157894736842
2019-12-19,54.68421052631579,54.684210526315795
2019-12-20,53.42105263157895,53.421052631578945
2019-12-21,61.157894736842096,61.157894736842096
2019-12-22,65.15789473684211,65.15789473684211
2019-12-23,66.3157894736842,66.3157894736842
2019-12-24,62.368421052631575,62.368421052631575
2019-12-25,61.57894736842106,61.57894736842106
2019-12-26,67.05263157894737,67.05263157894737
2019-12-27,68.10526315789474,68.10526315789474
2019-12-28,70.78947368421052,70.78947368421052
2019-12-29,72.63157894736842,72.63157894736842
2019-12-30,74.3157894736842,74.3157894736842
2019-12-31,69.10526315789474,69.10526315789474
2020-01-01,64.89285714285714,64.89285714285714
2020-01-02,64.4,64.4
2020-01-03,69.76666666666667,69.76666666666667
2020-01-04,76.73333333333333,76.73333333333333
2020-01-05,72.24137931034483,72.24137931034483
2020-01-06,58.9,58.9
2020-01-07,59.3,59.3
2020-01-08,62.76666666666666,62.76666666666665
2020-01-09,61.9,61.9
2020-01-10,68.3,68.3
2020-01-11,72.82608695652173,72.82608695652173
2020-01-12,77.3793103448276,77.3793103448276
2020-01-13,76.89655172413794,76.89655172413794
2020-01-14,75.73333333333333,75.73333333333333
2020-01-15,74.76666666666667,74.76666666666667
2020-01-16,74.06666666666666,74.06666666666666
2020-01-17,73.13333333333334,73.13333333333334
2020-01-18,72.23333333333333,72.23333333333333
2020-01-19,71.7,71.7
2020-01-20,70.5,70.5
2020-01-21,60.03448275862069,60.03448275862069
2020-01-22,51.63333333333333,51.63333333333333
2020-01-23,49.03333333333333,49.03333333333333
2020-01-24,63.16666666666666,63.16666666666665
2020-01-25,68.34482758620689,68.34482758620689
2020-01-26,62.93103448275862,62.931034482758626
2020-01-27,58.76666666666666,58.76666666666665
2020-01-28,63.43333333333333,63.43333333333333
2020-01-29,63.96551724137931,63.96551724137931
2020-01-30,63.46666666666667,63.46666666666667
2020-01-31,64.9,64.9
2020-02-01,66.8,66.8
2020-02-02,63.33333333333334,63.33333333333335
2020-02-03,58.0,58.0
2020-02-04,59.73333333333333,59.73333333333333
2020-02-05,65.73333333333333,65.73333333333333
2020-02-06,70.83333333333333,70.83333333333333
2020-02-07,76.58620689655173,76.58620689655173
2020-02-08,64.53333333333333,64.53333333333333
2020-02-09,61.4,61.4
2020-02-10,68.1,68.1
2020-02-11,73.16666666666667,73.16666666666667
2020-02-12,76.13333333333334,76.13333333333334
2020-02-13,76.8,76.8
2020-02-14,77.86666666666666,77.86666666666666
2020-02-15,72.06666666666666,72.06666666666666
2020-02-16,69.76666666666667,69.76666666666667
2020-02-17,73.0,73.0
2020-02-18,74.13793103448276,74.13793103448276
2020-02-19,76.79310344827586,76.79310344827586
2020-02-20,77.55172413793103,77.55172413793103
2020-02-21,75.51724137931033,75.51724137931033
2020-02-22,62.206896551724135,62.20689655172413
2020-02-23,61.6551724137931,61.6551724137931
2020-02-24,66.85714285714286,66.85714285714286
2020-02-25,69.34482758620689,69.34482758620689
2020-02-26,74.44827586206897,74.44827586206897
2020-02-27,72.93103448275863,72.93103448275863
2020-02-28,58.31034482758621,58.31034482758622
2020-02-29,56.10344827586207,56.10344827586208
2020-03-01,58.793103448275865,58.79310344827587
2020-03-02,60.206896551724135,60.20689655172413
2020-03-03,68.48275862068965,68.48275862068965
2020-03-04,73.48275862068967,73.48275862068967
2020-03-05,75.75862068965517,75.75862068965517
2020-03-06,79.25,79.25
2020-03-07,69.71428571428571,69.71428571428571
2020-03-08,62.214285714285715,62.21428571428572
2020-03-09,66.10714285714286,66.10714285714286
2020-03-10,69.51724137931035,69.51724137931035
2020-03-11,72.58620689655173,72.58620689655173
2020-03-12,72.41379310344827,72.41379310344827
2020-03-13,73.6206896551724,73.6206896551724
2020-03-14,73.89655172413794,73.89655172413794
2020-03-15,75.78571428571429,75.78571428571429
2020-03-16,76.27586206896551,76.27586206896551
2020-03-17,75.24137931034483,75.24137931034483
2020-03-18,76.51724137931033,76.51724137931033
2020-03-19,76.6896551724138,76.6896551724138
2020-03-20,77.51724137931033,77.51724137931033
2020-03-21,77.6896551724138,77.6896551724138
2020-03-22,77.06896551724137,77.06896551724137
2020-03-23,76.55172413793103,76.55172413793103
2020-03-24,77.0344827586207,77.0344827586207
2020-03-25,77.44827586206897,77.44827586206897
2020-03-26,78.3793103448276,78.3793103448276
2020-03-27,78.51724137931033,78.51724137931033
2020-03-28,78.13793103448276,78.13793103448276
2020-03-29,77.71428571428571,77.71428571428571
2020-03-30,78.82142857142857,78.82142857142857
2020-03-31,78.86206896551724,78.86206896551724
2020-04-01,79.93103448275863,79.93103448275863
2020-04-02,72.0344827586207,72.0344827586207
2020-04-03,69.3103448275862,69.3103448275862
2020-04-04,71.82758620689657,71.82758620689657
2020-04-05,74.20689655172414,74.20689655172414
2020-04-06,72.85714285714286,72.85714285714286
2020-04-07,75.72413793103449,75.72413793103449
2020-04-08,76.93103448275863,76.93103448275863
2020-04-09,79.5,79.5
2020-04-10,81.51724137931033,81.51724137931033
2020-04-11,78.9655172413793,78.9655172413793
2020-04-12,75.46428571428571,75.46428571428571
2020-04-13,82.53571428571429,82.53571428571429
2020-04-14,84.37037037037038,84.37037037037038
